label,f0,f1,f2,f3,f4,f5,f6,f7,f8,f9,f10,f11,f12,f13,f14,f15,f16,f17,f18,f19,f20,f21,f22,f23,f24,f25,f26,f27,f28,f29,f30,f31,f32,f33,f34,f35,f36,f37,f38,f39,f40,f41,f42,f43,f44,f45,f46,f47,f48,f49,f50,f51,f52,f53,f54,f55,f56,f57,f58,f59,f60,f61,f62
OPEN_PALM,0.0,0.0,0.0,-0.2754850387573242,-0.1261734962463379,-0.09803710877895355,-0.507343053817749,-0.335370272397995,-0.15817952156066895,-0.6865036487579346,-0.5091933608055115,-0.2147173285484314,-0.8490043878555298,-0.6119135022163391,-0.27224722504615784,-0.2925243377685547,-0.9262570142745972,-0.06377475708723068,-0.3742293119430542,-1.284407615661621,-0.13241280615329742,-0.4147454500198364,-1.5075767040252686,-0.20102766156196594,-0.44120466709136963,-1.7022749185562134,-0.25695139169692993,-0.12621836364269257,-0.9884936809539795,-0.08330045640468597,-0.1676913946866989,-1.3981915712356567,-0.1370772272348404,-0.19028978049755096,-1.65586519241333,-0.19586050510406494,-0.20713648200035095,-1.8726452589035034,-0.24540208280086517,0.03397481516003609,-0.9566420316696167,-0.12034571915864944,0.03141029551625252,-1.3388301134109497,-0.1834278553724289,0.016429757699370384,-1.5744268894195557,-0.23388001322746277,-0.0046562375500798225,-1.777696132659912,-0.2763238549232483,0.1880243867635727,-0.8494945764541626,-0.16863618791103363,0.2632295787334442,-1.1036335229873657,-0.22928032279014587,0.2928454279899597,-1.2800583839416504,-0.25877124071121216,0.30981573462486267,-1.447608470916748,-0.28282630443573
OPEN_PALM,0.0,0.0,0.0,-0.27132174372673035,0.2537848651409149,-0.13912618160247803,-0.5702929496765137,0.4234132170677185,-0.23380807042121887,-0.8148205876350403,0.5808639526367188,-0.32214441895484924,-1.000338077545166,0.7711884379386902,-0.4134337604045868,-0.8938120603561401,-0.26238182187080383,-0.11772216111421585,-1.2351256608963013,-0.3542718291282654,-0.22080256044864655,-1.4481277465820312,-0.4211502969264984,-0.3160078227519989,-1.6317191123962402,-0.4936501085758209,-0.3923581540584564,-0.8384996652603149,-0.5259770154953003,-0.142312690615654,-1.1905089616775513,-0.7411451935768127,-0.22993148863315582,-1.4144542217254639,-0.8737290501594543,-0.31467220187187195,-1.6120957136154175,-0.9882116317749023,-0.3826177418231964,-0.7055460810661316,-0.7176985144615173,-0.18827714025974274,-1.006537675857544,-0.9860722422599792,-0.2869223654270172,-1.2035086154937744,-1.135774850845337,-0.3606516718864441,-1.3911350965499878,-1.2537137269973755,-0.41796520352363586,-0.5122337341308594,-0.8532856106758118,-0.2483454793691635,-0.6553775668144226,-1.1567193269729614,-0.337804913520813,-0.7720665335655212,-1.3355730772018433,-0.3808644413948059,-0.896840512752533,-1.4836797714233398,-0.4140799939632416
OPEN_PALM,0.0,0.0,0.0,-0.16490475833415985,0.4212490916252136,-0.14901408553123474,-0.38711875677108765,0.7976124882698059,-0.24637331068515778,-0.5597003102302551,1.122857689857483,-0.33672279119491577,-0.6584276556968689,1.4311944246292114,-0.4301687180995941,-0.9362818002700806,0.3713069260120392,-0.12328437715768814,-1.3000322580337524,0.5237621665000916,-0.23687708377838135,-1.529058575630188,0.6127219796180725,-0.3393124043941498,-1.7299014329910278,0.6768726110458374,-0.41982999444007874,-0.9845972657203674,0.0972873866558075,-0.1452195942401886,-1.4051506519317627,0.16310133039951324,-0.24562132358551025,-1.6672134399414062,0.20777642726898193,-0.3385395109653473,-1.8956667184829712,0.24393534660339355,-0.4100060760974884,-0.9382681250572205,-0.17243704199790955,-0.1902717649936676,-1.3332637548446655,-0.1796591430902481,-0.3025355935096741,-1.5813108682632446,-0.15859122574329376,-0.38380181789398193,-1.8025836944580078,-0.12550821900367737,-0.4435810446739197,-0.8182269930839539,-0.4434480667114258,-0.24986572563648224,-1.0793507099151611,-0.6144896745681763,-0.3480229079723358,-1.261081576347351,-0.691678524017334,-0.39573168754577637,-1.4360979795455933,-0.7374128103256226,-0.4308790862560272
OPEN_PALM,0.0,0.0,0.0,-0.14066211879253387,-0.40955260396003723,-0.09878605604171753,-0.18611249327659607,-0.8456158638000488,-0.1478797346353531,-0.2164524793624878,-1.1770001649856567,-0.19387464225292206,-0.2743431031703949,-1.4288915395736694,-0.2396312952041626,0.33647748827934265,-1.0137048959732056,-0.04267982020974159,0.4986956715583801,-1.3502495288848877,-0.10232813656330109,0.6019178628921509,-1.5505419969558716,-0.16620105504989624,0.6955201029777527,-1.7115559577941895,-0.21947315335273743,0.5046975016593933,-0.8612281084060669,-0.0596136599779129,0.7130634784698486,-1.1913669109344482,-0.09987681359052658,0.8455684781074524,-1.3924496173858643,-0.15334805846214294,0.9596745371818542,-1.550053596496582,-0.20067311823368073,0.6166383028030396,-0.6435755491256714,-0.09622939676046371,0.8406357169151306,-0.9067254662513733,-0.15277914702892303,0.9747363924980164,-1.0665309429168701,-0.20073160529136658,1.0865626335144043,-1.2102314233779907,-0.2412600815296173,0.6810857653617859,-0.3761177659034729,-0.1445668637752533,0.8888818621635437,-0.47413715720176697,-0.20201244950294495,1.0182064771652222,-0.5625907778739929,-0.22880280017852783,1.1343390941619873,-0.6564779877662659,-0.25050196051597595
OPEN_PALM,0.0,0.0,0.0,-0.23803608119487762,-0.08609628677368164,-0.13776446878910065,-0.4510416090488434,-0.24748122692108154,-0.22799637913703918,-0.6119718551635742,-0.4019434452056885,-0.3078703284263611,-0.7708156108856201,-0.46920129656791687,-0.38826727867126465,-0.2685750126838684,-0.8947101831436157,-0.13065551221370697,-0.3808993399143219,-1.2488936185836792,-0.22682949900627136,-0.44393619894981384,-1.47324538230896,-0.31293877959251404,-0.48909980058670044,-1.6772515773773193,-0.38042861223220825,-0.11719036847352982,-0.9833239316940308,-0.13900364935398102,-0.1868348866701126,-1.4010436534881592,-0.2207946628332138,-0.22861850261688232,-1.6661200523376465,-0.29403841495513916,-0.2601982057094574,-1.9010779857635498,-0.3517009913921356,0.035401683300733566,-0.9680078029632568,-0.16553424298763275,0.011299865320324898,-1.36422598361969,-0.2510727643966675,-0.009936287999153137,-1.6150988340377808,-0.31389445066452026,-0.036828719079494476,-1.8353554010391235,-0.36217042803764343,0.19594398140907288,-0.8715569376945496,-0.20610232651233673,0.2608780562877655,-1.1333450078964233,-0.28293532133102417,0.28458863496780396,-1.3137835264205933,-0.32112017273902893,0.2919235825538635,-1.4866985082626343,-0.34955084323883057
OPEN_PALM,0.0,0.0,0.0,0.31182757019996643,-0.06560564786195755,-0.1214090958237648,0.5719484686851501,-0.2353457361459732,-0.1707724928855896,0.7833070158958435,-0.39780181646347046,-0.21301360428333282,0.9502387046813965,-0.48659947514533997,-0.25198689103126526,0.38342559337615967,-0.8914044499397278,-0.044553160667419434,0.5104771256446838,-1.2427808046340942,-0.09456102550029755,0.570610761642456,-1.4572879076004028,-0.15063953399658203,0.6192479729652405,-1.6393057107925415,-0.1919776201248169,0.2168443650007248,-0.9755900502204895,-0.034493427723646164,0.3254569470882416,-1.3693430423736572,-0.06235214322805405,0.38330113887786865,-1.6129664182662964,-0.10774078220129013,0.43331465125083923,-1.7964811325073242,-0.1439470648765564,0.04821362346410751,-0.967533528804779,-0.04259355738759041,0.11665219068527222,-1.3302624225616455,-0.07589246332645416,0.1720147281885147,-1.5383098125457764,-0.11449899524450302,0.22656990587711334,-1.6918867826461792,-0.1435353010892868,-0.12889364361763,-0.885003387928009,-0.06526299566030502,-0.13909479975700378,-1.1453880071640015,-0.09878990054130554,-0.1308801919221878,-1.317626953125,-0.11111105978488922,-0.10721265524625778,-1.4647552967071533,-0.1173943430185318
OPEN_PALM,0.0,0.0,0.0,0.3035105764865875,-0.03940068557858467,-0.15529119968414307,0.5602040886878967,-0.17457009851932526,-0.2382919192314148,0.7781305313110352,-0.29508569836616516,-0.31033098697662354,0.9715512990951538,-0.35473868250846863,-0.38110825419425964,0.39682161808013916,-0.8710312247276306,-0.12843583524227142,0.5270565748214722,-1.225203514099121,-0.21757254004478455,0.5944604277610779,-1.458965539932251,-0.29581791162490845,0.6463995575904846,-1.6656945943832397,-0.3538465201854706,0.22308465838432312,-0.9671596884727478,-0.12176547199487686,0.320320725440979,-1.3812187910079956,-0.19482161104679108,0.37438714504241943,-1.6496942043304443,-0.2646913230419159,0.4191097617149353,-1.8762551546096802,-0.31798332929611206,0.04323011636734009,-0.957604706287384,-0.1331043690443039,0.10825683921575546,-1.3444050550460815,-0.20836560428142548,0.1551440805196762,-1.581178903579712,-0.2701585590839386,0.20281469821929932,-1.7816439867019653,-0.3134302794933319,-0.14211750030517578,-0.8660513758659363,-0.1596366912126541,-0.1715744435787201,-1.148424506187439,-0.23162619769573212,-0.18181291222572327,-1.343185544013977,-0.26637816429138184,-0.17567729949951172,-1.5248308181762695,-0.28742775321006775
OPEN_PALM,0.0,0.0,0.0,0.2729913592338562,0.4015960693359375,-0.17296189069747925,0.5494775176048279,0.6749163866043091,-0.2619251608848572,0.8200535178184509,0.8996497988700867,-0.34828388690948486,1.0090757608413696,1.1163101196289062,-0.427813857793808,0.964218020439148,-0.12012331187725067,-0.014506652019917965,1.2771042585372925,-0.19969409704208374,-0.06282901763916016,1.4683074951171875,-0.27943873405456543,-0.12454231828451157,1.6176677942276,-0.3389873504638672,-0.17200812697410583,0.9079893231391907,-0.418967068195343,0.0032682137098163366,1.2485926151275635,-0.5977521538734436,-0.012566041201353073,1.4487918615341187,-0.7086184024810791,-0.047214996069669724,1.6260913610458374,-0.7868182063102722,-0.07843717932701111,0.7902555465698242,-0.6380243301391602,-0.01121931429952383,1.0730100870132446,-0.8629230856895447,-0.04716306924819946,1.2411341667175293,-0.9853461384773254,-0.08773547410964966,1.3834187984466553,-1.0677860975265503,-0.11874599754810333,0.6091112494468689,-0.8031111359596252,-0.04952200502157211,0.7470913529396057,-1.0711710453033447,-0.09339474886655807,0.8570992946624756,-1.2495979070663452,-0.11558859795331955,0.9633093476295471,-1.392354130744934,-0.12894222140312195
OPEN_PALM,0.0,0.0,0.0,0.26308947801589966,-0.21177443861961365,-0.07337262481451035,0.41687798500061035,-0.524541437625885,-0.14593596756458282,0.5743588209152222,-0.7550352811813354,-0.220768004655838,0.7056834101676941,-0.9402585625648499,-0.3062664568424225,0.22327516973018646,-1.0071734189987183,-0.17435085773468018,0.1486929953098297,-1.4181066751480103,-0.2983109951019287,0.0852741077542305,-1.6765990257263184,-0.38595592975616455,0.03343021869659424,-1.910974383354187,-0.4541628956794739,0.09072820097208023,-0.9685485363006592,-0.231671541929245,-0.021232223138213158,-1.435242772102356,-0.3620763421058655,-0.07926537096500397,-1.7418605089187622,-0.4611126184463501,-0.1287471503019333,-2.0182604789733887,-0.5342511534690857,-0.024976108223199844,-0.8133176565170288,-0.29253631830215454,-0.17150212824344635,-1.2384816408157349,-0.4150141179561615,-0.24038133025169373,-1.5091148614883423,-0.49035871028900146,-0.29547348618507385,-1.7645519971847534,-0.5447977781295776,-0.11121468991041183,-0.5768560767173767,-0.3576659560203552,-0.2935243248939514,-0.8125964403152466,-0.48255521059036255,-0.384914368391037,-0.9972617030143738,-0.5426489114761353,-0.461973637342453,-1.1960625648498535,-0.5809964537620544
OPEN_PALM,0.0,0.0,0.0,0.2717735171318054,-0.10732103139162064,-0.15507659316062927,0.48159846663475037,-0.3556381165981293,-0.2337758094072342,0.6508314609527588,-0.5788260102272034,-0.29955899715423584,0.8110685348510742,-0.730492889881134,-0.3652247190475464,0.2864675223827362,-0.9287944436073303,-0.15841159224510193,0.3574941158294678,-1.3034522533416748,-0.25713345408439636,0.3839610517024994,-1.5487806797027588,-0.333919882774353,0.39565011858940125,-1.7651441097259521,-0.39189356565475464,0.10762036591768265,-0.9816867709159851,-0.15716536343097687,0.14062952995300293,-1.4129400253295898,-0.24632172286510468,0.1550523340702057,-1.6931796073913574,-0.3172413110733032,0.15742754936218262,-1.9295471906661987,-0.36940234899520874,-0.06165529415011406,-0.9249281287193298,-0.17314869165420532,-0.07832182198762894,-1.314941644668579,-0.2640574276447296,-0.07240395992994308,-1.568633794784546,-0.32652395963668823,-0.059211742132902145,-1.798069953918457,-0.3694075644016266,-0.2233276069164276,-0.7851865887641907,-0.20371538400650024,-0.3118453025817871,-1.0585578680038452,-0.29215627908706665,-0.3524061441421509,-1.2527960538864136,-0.33571377396583557,-0.3693854510784149,-1.4493860006332397,-0.3632684051990509
FIST,0.0,0.0,0.0,-0.3976741433143616,-0.06785473972558975,-0.1610420048236847,-0.6916818618774414,-0.49830642342567444,-0.19374968111515045,-0.7668502926826477,-1.0103265047073364,-0.2227613925933838,-0.6866647005081177,-1.3532304763793945,-0.2108982503414154,-0.514850378036499,-0.9450520277023315,0.04337076470255852,-0.5805702805519104,-1.222327709197998,-0.14205068349838257,-0.5503371357917786,-0.8457738757133484,-0.2034483253955841,-0.5048050880432129,-0.809578537940979,-0.21887771785259247,-0.285430908203125,-0.9571438431739807,0.048861272633075714,-0.37397658824920654,-1.2023499011993408,-0.1575327068567276,-0.3742941915988922,-0.7199074625968933,-0.15883423388004303,-0.3187428116798401,-0.7642834782600403,-0.09814434498548508,-0.06855491548776627,-0.9194187521934509,0.00129223451949656,-0.1355389803647995,-1.1072165966033936,-0.2170284241437912,-0.1648743599653244,-0.6582332253456116,-0.13599561154842377,-0.11338266730308533,-0.7102000713348389,-0.01887071132659912,0.1610662341117859,-0.8737202882766724,-0.064546138048172,0.08517994731664658,-0.9621355533599854,-0.16535860300064087,0.043848950415849686,-0.6578272581100464,-0.10296033322811127,0.10485260933637619,-0.6590259671211243,-0.025667628273367882
FIST,0.0,0.0,0.0,-0.12129635363817215,-0.6416692137718201,-0.10792534053325653,-0.28662052750587463,-1.2135459184646606,-0.27878400683403015,-0.5464841723442078,-1.4729914665222168,-0.43252360820770264,-0.7512645721435547,-1.451809048652649,-0.5758529901504517,0.226074680685997,-1.2736507654190063,-0.45416367053985596,-0.4452287554740906,-1.4596631526947021,-0.6214250326156616,-0.5160213708877563,-1.1631015539169312,-0.6377981901168823,-0.36187198758125305,-1.027175784111023,-0.6544164419174194,0.17551851272583008,-0.8343093395233154,-0.5225966572761536,-0.6085262894630432,-1.093436360359192,-0.6854601502418518,-0.5915248990058899,-0.7792128324508667,-0.619744598865509,-0.3913975954055786,-0.7048615217208862,-0.5859966278076172,0.015344969928264618,-0.3966726064682007,-0.588505208492279,-0.7189539670944214,-0.6303409337997437,-0.707407534122467,-0.6373717784881592,-0.4097076654434204,-0.5786364674568176,-0.4158058762550354,-0.3534667491912842,-0.5109665989875793,-0.16925640404224396,0.0054405611008405685,-0.6634840369224548,-0.7058910727500916,-0.2046593576669693,-0.7802733182907104,-0.6253412961959839,-0.0948730856180191,-0.7351672053337097,-0.43094244599342346,-0.027113785967230797,-0.704210638999939
FIST,0.0,0.0,0.0,-0.3244408667087555,0.08905864506959915,-0.33302149176597595,-0.6977607607841492,0.17592476308345795,-0.5480858087539673,-0.7370534539222717,0.4660070240497589,-0.6939840316772461,-0.41117051243782043,0.5943988561630249,-0.7845414876937866,-0.6192435026168823,-0.7706916928291321,-0.5499129295349121,-0.6013152599334717,0.06916114687919617,-0.748919665813446,-0.560372531414032,0.1946200430393219,-0.7968648076057434,-0.5297309160232544,0.0019478880567476153,-0.8245392441749573,-0.2275318056344986,-0.8437150120735168,-0.48616823554039,-0.16656382381916046,0.37673383951187134,-0.6675850749015808,-0.22602303326129913,0.2600376009941101,-0.635244607925415,-0.2684749662876129,-0.12012150138616562,-0.5932983160018921,0.14705486595630646,-0.7283073663711548,-0.44120144844055176,0.1819337010383606,0.4199235737323761,-0.5844026207923889,0.05762382224202156,0.2668100595474243,-0.41016703844070435,-0.0035360250622034073,-0.11534270644187927,-0.2529278099536896,0.44973844289779663,-0.5315532088279724,-0.44368645548820496,0.42831775546073914,0.2764644920825958,-0.6207310557365417,0.3314776122570038,0.15576127171516418,-0.5813283324241638,0.29272782802581787,-0.16279537975788116,-0.4881401062011719
FIST,0.0,0.0,0.0,-0.10321597754955292,0.37057480216026306,-0.31950855255126953,-0.21356447041034698,0.7944039702415466,-0.5548900961875916,-0.2368910312652588,1.0134854316711426,-0.7364031672477722,-0.167876735329628,0.7013598680496216,-0.8669779896736145,-0.9903997182846069,0.4008483588695526,-0.43999582529067993,-0.49522140622138977,0.7141326665878296,-0.653145432472229,-0.2954294979572296,0.6492302417755127,-0.7298325300216675,-0.403273344039917,0.509920597076416,-0.780900776386261,-0.9193897843360901,-0.05046670138835907,-0.39007794857025146,-0.2756800949573517,0.3174958825111389,-0.5896096229553223,-0.14953598380088806,0.3054903447628021,-0.5900267958641052,-0.3623153567314148,0.2010033279657364,-0.5770635604858398,-0.7356969714164734,-0.44205236434936523,-0.36808547377586365,-0.11923976242542267,-0.0913759097456932,-0.5361377000808716,-0.05728178098797798,-0.02871992252767086,-0.44148463010787964,-0.25101977586746216,-0.09750430285930634,-0.3605877459049225,-0.5134158730506897,-0.7501949667930603,-0.3842252194881439,-0.062311120331287384,-0.43914666771888733,-0.5046314597129822,-0.018514936789870262,-0.3580611050128937,-0.4797707200050354,-0.16282431781291962,-0.40981584787368774,-0.4377654492855072
FIST,0.0,0.0,0.0,-0.411697655916214,-0.11347713321447372,-0.1226043626666069,-0.6948477625846863,-0.48306235671043396,-0.14685013890266418,-0.78807133436203,-0.9849660992622375,-0.18284273147583008,-0.6827054023742676,-1.3129961490631104,-0.1828327775001526,-0.6145042777061462,-0.9108321070671082,0.15012378990650177,-0.6209014654159546,-1.2727969884872437,-0.04401009902358055,-0.5418904423713684,-0.8911194801330566,-0.14990852773189545,-0.5409552454948425,-0.7292770147323608,-0.18662743270397186,-0.3842928409576416,-0.9127302765846252,0.13864454627037048,-0.3943462669849396,-1.2394888401031494,-0.0701398104429245,-0.3436577618122101,-0.7832033634185791,-0.1296546757221222,-0.3773299753665924,-0.6781954765319824,-0.10909716784954071,-0.17012876272201538,-0.8954881429672241,0.07594860345125198,-0.15559802949428558,-1.1584951877593994,-0.13791728019714355,-0.13580934703350067,-0.7226184010505676,-0.09813868254423141,-0.1750250607728958,-0.6166390776634216,-0.0048135314136743546,0.04995075240731239,-0.8605758547782898,-0.0006607056711800396,0.0638306587934494,-1.058761477470398,-0.09352321922779083,0.06607172638177872,-0.7450834512710571,-0.029666826128959656,0.043775737285614014,-0.6259064674377441,0.052317120134830475
FIST,0.0,0.0,0.0,0.30849725008010864,-0.12882113456726074,-0.11364321410655975,0.6036264300346375,-0.5352259874343872,-0.15327270328998566,0.5748389363288879,-0.9884803891181946,-0.18883423507213593,0.3479769229888916,-1.1212974786758423,-0.1892145872116089,0.48989543318748474,-0.9425770044326782,-0.013727896846830845,0.5978254079818726,-1.2572827339172363,-0.1525270640850067,0.5354645252227783,-0.8778054714202881,-0.2019244134426117,0.4741479158401489,-0.7920414805412292,-0.22277657687664032,0.27501535415649414,-0.9611302018165588,-0.024073759093880653,0.3690241277217865,-1.2029592990875244,-0.17891491949558258,0.34455031156539917,-0.7376717329025269,-0.18931809067726135,0.29437267780303955,-0.7516756653785706,-0.16312803328037262,0.06700652837753296,-0.9055909514427185,-0.061520423740148544,0.13794194161891937,-1.1026016473770142,-0.24998751282691956,0.15797223150730133,-0.6631126999855042,-0.18161837756633759,0.10707193613052368,-0.6579986810684204,-0.09254700690507889,-0.1620243489742279,-0.8260836005210876,-0.10445430129766464,-0.07039868086576462,-0.9607005715370178,-0.21107244491577148,-0.02998138964176178,-0.6677257418632507,-0.13846519589424133,-0.08841942995786667,-0.6384298205375671,-0.06135765463113785
FIST,0.0,0.0,0.0,0.3097544014453888,-0.0493539460003376,-0.1340886354446411,0.6729554533958435,-0.38378220796585083,-0.18591532111167908,0.7150248885154724,-0.8169903755187988,-0.22266294062137604,0.4937756359577179,-0.9977432489395142,-0.22685502469539642,0.5408161878585815,-0.8738082647323608,-0.08066939562559128,0.6996870636940002,-1.104644536972046,-0.20656010508537292,0.6232430934906006,-0.7245850563049316,-0.23698283731937408,0.554283082485199,-0.6832999587059021,-0.2511045038700104,0.3384230434894562,-0.9373910427093506,-0.08219613134860992,0.48860660195350647,-1.1442492008209229,-0.24694402515888214,0.42994990944862366,-0.664719820022583,-0.26027238368988037,0.35758957266807556,-0.679751455783844,-0.23475132882595062,0.12910127639770508,-0.9200766682624817,-0.10304439812898636,0.25838083028793335,-1.0904500484466553,-0.296200692653656,0.24697215855121613,-0.6284072399139404,-0.2245810478925705,0.17421714961528778,-0.6196656823158264,-0.13461743295192719,-0.10691047459840775,-0.8821738362312317,-0.12837108969688416,0.033470164984464645,-0.9763095378875732,-0.24265873432159424,0.06219921261072159,-0.6632944345474243,-0.16942459344863892,-0.007881456054747105,-0.6389372944831848,-0.09125059843063354
FIST,0.0,0.0,0.0,0.11369505524635315,-0.7735233306884766,-0.20628947019577026,0.46628057956695557,-1.4557197093963623,-0.44141754508018494,0.8612483739852905,-1.6475178003311157,-0.6256122589111328,1.0048850774765015,-1.274130940437317,-0.7829452753067017,-0.12097889930009842,-1.1160783767700195,-0.7755655646324158,0.6706735491752625,-1.3810014724731445,-0.9631732702255249,0.6817233562469482,-1.1709154844284058,-0.9586085081100464,0.4723592698574066,-1.0211210250854492,-0.957904040813446,-0.043022945523262024,-0.5947510600090027,-0.8027496337890625,0.8007516264915466,-0.9475788474082947,-0.9869418740272522,0.7146793007850647,-0.8254711627960205,-0.8933070302009583,0.470919668674469,-0.7464029788970947,-0.8627068400382996,0.11916597932577133,-0.15905717015266418,-0.813187837600708,0.8874714970588684,-0.5552979111671448,-0.9009526371955872,0.7353786826133728,-0.49254560470581055,-0.7274805307388306,0.4919995069503784,-0.445029616355896,-0.6500085592269897,0.3123741149902344,0.18800662457942963,-0.8477548956871033,0.9042361974716187,-0.2096901834011078,-0.8589780330657959,0.7932201027870178,-0.234260693192482,-0.7478838562965393,0.582256019115448,-0.202787846326828,-0.7081255912780762
FIST,0.0,0.0,0.0,0.6404802799224854,0.32011669874191284,-0.28833961486816406,1.0494258403778076,0.8235114216804504,-0.606218159198761,1.1118590831756592,1.3547173738479614,-0.889533281326294,0.761971116065979,1.4014009237289429,-1.154895544052124,0.9545935988426208,-0.3997592031955719,-0.7479508519172668,0.9858959317207336,0.8969401121139526,-1.0432939529418945,0.8497288823127747,0.9519035220146179,-1.1755869388580322,0.7610692381858826,0.5876842141151428,-1.275453805923462,0.4609135687351227,-0.40647661685943604,-0.7888720035552979,0.5490366816520691,1.0269829034805298,-1.028548240661621,0.5089369416236877,0.937602162361145,-1.0136616230010986,0.5270574688911438,0.5582389831542969,-1.0497393608093262,0.01789056695997715,-0.20705479383468628,-0.8359168171882629,0.14356540143489838,1.1485888957977295,-0.9750716090202332,0.17212720215320587,0.9621571898460388,-0.8144161701202393,0.20575721561908722,0.5541819334030151,-0.7416256666183472,-0.34064385294914246,0.05132124200463295,-0.9288211464881897,-0.19911237061023712,1.084116816520691,-1.0560377836227417,-0.11255580931901932,0.9118162393569946,-1.0073002576828003,-0.08249634504318237,0.5276402831077576,-0.9872806072235107
FIST,0.0,0.0,0.0,-0.33672112226486206,-0.5601333975791931,-0.06887705624103546,-0.4255543053150177,-1.1950631141662598,-0.1929495930671692,-0.2707979679107666,-1.6700022220611572,-0.29600831866264343,-0.00845202524214983,-1.8430685997009277,-0.3663797676563263,-0.3798106014728546,-1.024794340133667,-0.4531005024909973,-0.10719723254442215,-2.001558542251587,-0.6190775632858276,-0.08839433640241623,-1.759652018547058,-0.6319956183433533,-0.15696731209754944,-1.4457573890686035,-0.6037768125534058,0.0046069929376244545,-0.8741244077682495,-0.48566320538520813,0.2509183883666992,-1.8496943712234497,-0.5988301634788513,0.20035283267498016,-1.624122977256775,-0.5199875235557556,0.10453222692012787,-1.2852586507797241,-0.45278942584991455,0.343953937292099,-0.7518230676651001,-0.5050453543663025,0.5130636692047119,-1.5960633754730225,-0.5439324378967285,0.43880021572113037,-1.409812331199646,-0.38988837599754333,0.35701876878738403,-1.1237508058547974,-0.28958216309547424,0.623559832572937,-0.6632611155509949,-0.530035674571991,0.6863834857940674,-1.3219791650772095,-0.506332516670227,0.6033157110214233,-1.1904181241989136,-0.3707157373428345,0.5532186627388,-0.9584122896194458,-0.2827206552028656
POINT_LEFT,0.0,0.0,0.0,-0.03169846907258034,-0.6511736512184143,0.05604229494929314,-0.279387503862381,-1.0249748229980469,0.09166186302900314,-0.5966461300849915,-1.1096934080123901,0.1313789188861847,-0.7996137142181396,-0.9714925289154053,0.16004492342472076,-0.608177125453949,-1.0174435377120972,-0.07655375450849533,-1.0910494327545166,-1.1284899711608887,-0.07961510866880417,-1.378978967666626,-1.1492630243301392,-0.07938084006309509,-1.6102209091186523,-1.1482434272766113,-0.08448231965303421,-0.7291530966758728,-0.6785863637924194,-0.08855748921632767,-1.00189208984375,-0.7904193997383118,-0.033319130539894104,-0.8679002523422241,-0.7639171481132507,0.034559741616249084,-0.7043629288673401,-0.7083514928817749,0.06002243608236313,-0.7685145735740662,-0.3380005657672882,-0.08400388062000275,-0.9759357571601868,-0.48448821902275085,-0.015523809008300304,-0.8496938943862915,-0.45848581194877625,0.06236405670642853,-0.7171351313591003,-0.3958021402359009,0.08317113667726517,-0.7700463533401489,-0.013892455026507378,-0.07455433905124664,-0.9382639527320862,-0.1598624885082245,-0.0010392708936706185,-0.8163554668426514,-0.1508529633283615,0.08507723361253738,-0.6984712481498718,-0.10678345710039139,0.13063092529773712
POINT_LEFT,0.0,0.0,0.0,-0.12677082419395447,-0.5528935790061951,0.012967931106686592,-0.43907102942466736,-0.8889850974082947,-0.016963234171271324,-0.792843759059906,-0.9463502764701843,-0.04059895873069763,-1.0146371126174927,-0.8245788216590881,-0.0823793113231659,-0.6375737190246582,-0.9798076748847961,-0.2166927307844162,-1.128158688545227,-1.0408909320831299,-0.32446151971817017,-1.445462942123413,-1.0576093196868896,-0.3838921785354614,-1.7027137279510498,-1.0488851070404053,-0.42724665999412537,-0.7105044722557068,-0.6526206135749817,-0.2631613314151764,-1.1445647478103638,-0.5179737210273743,-0.3397194743156433,-1.0067553520202637,-0.41927942633628845,-0.2956197261810303,-0.8240070939064026,-0.41246405243873596,-0.2661488652229309,-0.7332484722137451,-0.2836400866508484,-0.29797354340553284,-1.071474552154541,-0.1529073417186737,-0.3439547121524811,-0.9340044856071472,-0.0958053320646286,-0.24632661044597626,-0.7796199917793274,-0.11899987608194351,-0.18803474307060242,-0.713595986366272,0.0861729308962822,-0.33146095275878906,-0.9834979176521301,0.17284375429153442,-0.3520618677139282,-0.8524768948554993,0.18602536618709564,-0.2707679569721222,-0.7172720432281494,0.15916188061237335,-0.2117578089237213
POINT_LEFT,0.0,0.0,0.0,-0.19729214906692505,0.25206825137138367,-0.15008781850337982,-0.4922995865345001,0.3606339395046234,-0.25901490449905396,-0.6803774833679199,0.15789291262626648,-0.3603641092777252,-0.8094915747642517,-0.1169179379940033,-0.44934457540512085,-0.9273072481155396,-0.035276543349027634,-0.2080785632133484,-1.290450096130371,-0.052501942962408066,-0.39711448550224304,-1.5338547229766846,-0.06445270776748657,-0.5262553095817566,-1.7446138858795166,-0.102633997797966,-0.6258490681648254,-0.8938202261924744,-0.3901846408843994,-0.2209652215242386,-0.7602047920227051,-0.3018006682395935,-0.46267396211624146,-0.4995681941509247,-0.08922086656093597,-0.5101532936096191,-0.4121340215206146,-0.026348091661930084,-0.5046246647834778,-0.745428740978241,-0.6372835636138916,-0.2539421319961548,-0.5399511456489563,-0.47194546461105347,-0.4396152198314667,-0.3635205626487732,-0.22684098780155182,-0.367171972990036,-0.362711101770401,-0.1860123872756958,-0.29182350635528564,-0.5521152019500732,-0.823343813419342,-0.3099764585494995,-0.37033748626708984,-0.6459764242172241,-0.43411099910736084,-0.24598784744739532,-0.4294035732746124,-0.3961644470691681,-0.2640083432197571,-0.39763957262039185,-0.34334540367126465
POINT_LEFT,0.0,0.0,0.0,-0.3018408417701721,0.2515953779220581,-0.14994129538536072,-0.7241507768630981,0.3047008812427521,-0.23635125160217285,-1.0353509187698364,0.040192268788814545,-0.32500946521759033,-1.1836273670196533,-0.30077025294303894,-0.40752777457237244,-1.027205467224121,-0.0941900759935379,-0.125371053814888,-1.5014700889587402,-0.15458382666110992,-0.29298943281173706,-1.7851201295852661,-0.1934838593006134,-0.3880130350589752,-2.036062240600586,-0.2666037976741791,-0.45681893825531006,-0.9035929441452026,-0.39841127395629883,-0.15739579498767853,-1.1511775255203247,-0.5319989919662476,-0.4448562264442444,-0.8446316123008728,-0.26687538623809814,-0.486502081155777,-0.6380838751792908,-0.12369921803474426,-0.43798768520355225,-0.7208579182624817,-0.6412400007247925,-0.21272075176239014,-0.8938753008842468,-0.7050181031227112,-0.48672062158584595,-0.6063376069068909,-0.386051744222641,-0.40298596024513245,-0.4416602551937103,-0.24592001736164093,-0.26789039373397827,-0.49595287442207336,-0.8381844162940979,-0.2819473445415497,-0.6750967502593994,-0.8891710638999939,-0.44735464453697205,-0.4903068542480469,-0.6298590302467346,-0.37134939432144165,-0.3699193000793457,-0.5174299478530884,-0.27014386653900146
POINT_LEFT,0.0,0.0,0.0,-0.370979905128479,0.2689708471298218,-0.030659286305308342,-0.705127477645874,0.33493131399154663,-0.10761823505163193,-0.9572826027870178,0.40690019726753235,-0.20166711509227753,-1.186416506767273,0.5185896158218384,-0.292972207069397,-1.0002132654190063,-0.3040752112865448,-0.09156421571969986,-1.3704328536987305,-0.20447476208209991,-0.2250417023897171,-1.619813084602356,-0.19466926157474518,-0.31350693106651306,-1.8350387811660767,-0.20617833733558655,-0.3855040371417999,-0.9130520224571228,-0.3736598789691925,-0.16340532898902893,-1.089775800704956,0.2794271409511566,-0.347870409488678,-0.89975506067276,0.4000673294067383,-0.3846842646598816,-0.7853405475616455,0.3198321461677551,-0.3894917666912079,-0.7700533866882324,-0.3123457431793213,-0.2414889931678772,-0.8477182984352112,0.38337934017181396,-0.3891438841819763,-0.6637669801712036,0.4211985468864441,-0.3243294954299927,-0.5961432456970215,0.28779613971710205,-0.2653883695602417,-0.6075379848480225,-0.1694517880678177,-0.3293379247188568,-0.6590372920036316,0.37151017785072327,-0.4248373806476593,-0.5264345407485962,0.40252363681793213,-0.38091588020324707,-0.474115788936615,0.2711310088634491,-0.3322690725326538
POINT_LEFT,0.0,0.0,0.0,0.129519984126091,-0.3699612617492676,-0.10490740090608597,0.13335369527339935,-0.7568996548652649,-0.21421027183532715,0.045619286596775055,-1.005150556564331,-0.3288218379020691,-0.10459545999765396,-0.9728575944900513,-0.43722233176231384,-0.38427698612213135,-1.0203526020050049,-0.1977689415216446,-0.6950047612190247,-1.2463037967681885,-0.34962913393974304,-0.915945291519165,-1.374587059020996,-0.43272140622138977,-1.1140801906585693,-1.457380771636963,-0.4926770329475403,-0.5497384071350098,-0.8033938407897949,-0.22876763343811035,-0.3528234362602234,-0.942307710647583,-0.4314853250980377,-0.10994062572717667,-0.765529215335846,-0.45721322298049927,-0.06747661530971527,-0.6717740893363953,-0.44104626774787903,-0.6162379384040833,-0.543557345867157,-0.2684028148651123,-0.3246139883995056,-0.6439763307571411,-0.4418144226074219,-0.14246715605258942,-0.5119818449020386,-0.38410496711730957,-0.1443330943584442,-0.4302383065223694,-0.3163587749004364,-0.6274604201316833,-0.27699384093284607,-0.3221889138221741,-0.36568906903266907,-0.3593340516090393,-0.4239063560962677,-0.22255170345306396,-0.29690971970558167,-0.38049525022506714,-0.23536880314350128,-0.24071583151817322,-0.32704517245292664
POINT_LEFT,0.0,0.0,0.0,-0.012999935075640678,-0.6139965057373047,0.01671062782406807,-0.15925928950309753,-0.9244621396064758,-0.043868713080883026,-0.27715688943862915,-1.1902376413345337,-0.13380354642868042,-0.38216644525527954,-1.436608076095581,-0.2167697697877884,-0.7078568339347839,-0.753551721572876,-0.026182256639003754,-0.9752081632614136,-0.8702113032341003,-0.11596475541591644,-1.1527241468429565,-1.029764175415039,-0.17048683762550354,-1.312511920928955,-1.1237754821777344,-0.21503141522407532,-0.7278456687927246,-0.6757940649986267,-0.11632000654935837,-0.6660369634628296,-1.3096818923950195,-0.24877873063087463,-0.4061683118343353,-1.2995051145553589,-0.25743064284324646,-0.3370656669139862,-1.1440590620040894,-0.22864124178886414,-0.632836103439331,-0.6278906464576721,-0.20957131683826447,-0.42274051904678345,-1.182853102684021,-0.335541307926178,-0.2258559614419937,-1.1027231216430664,-0.287990003824234,-0.21909955143928528,-0.9224499464035034,-0.22653944790363312,-0.47844260931015015,-0.6153873205184937,-0.30443909764289856,-0.2888267934322357,-1.0254119634628296,-0.36491698026657104,-0.1505221128463745,-0.9915552139282227,-0.31184306740760803,-0.13597913086414337,-0.8623563647270203,-0.25846007466316223
POINT_LEFT,0.0,0.0,0.0,0.1327502578496933,-0.31419673562049866,-0.1340954303741455,0.17321880161762238,-0.6936493515968323,-0.2459683120250702,0.12936554849147797,-0.959401547908783,-0.3530941605567932,-0.016448616981506348,-0.9757989048957825,-0.45264387130737305,-0.35201185941696167,-1.0113271474838257,-0.2157657891511917,-0.6415330171585083,-1.275198221206665,-0.37449339032173157,-0.8434546589851379,-1.4295806884765625,-0.4639779329299927,-1.028917908668518,-1.5339604616165161,-0.5210342407226562,-0.5149726271629333,-0.8235443234443665,-0.23783688247203827,-0.35765743255615234,-1.0493032932281494,-0.47201624512672424,-0.10634329169988632,-0.8443307876586914,-0.5179476737976074,-0.005737741012126207,-0.6621780395507812,-0.4963485598564148,-0.5951865315437317,-0.5748313069343567,-0.26996538043022156,-0.32804131507873535,-0.6986937522888184,-0.4697968363761902,-0.14902640879154205,-0.5147245526313782,-0.4312909245491028,-0.12057335674762726,-0.3793790340423584,-0.35797494649887085,-0.6267336010932922,-0.3073379099369049,-0.3159567713737488,-0.38373464345932007,-0.41301825642585754,-0.4273894131183624,-0.21265412867069244,-0.3219439685344696,-0.3839902877807617,-0.17798736691474915,-0.24373488128185272,-0.3211520314216614
POINT_LEFT,0.0,0.0,0.0,0.07426191121339798,-0.4873546063899994,-0.01027870737016201,0.018138527870178223,-0.8254843950271606,-0.07245181500911713,-0.02553686872124672,-1.1058038473129272,-0.16320596635341644,-0.12640540301799774,-1.3394027948379517,-0.24590522050857544,-0.5651760697364807,-0.8533349633216858,-0.010876856744289398,-0.8174003958702087,-1.0053092241287231,-0.11061780154705048,-1.0018486976623535,-1.171873688697815,-0.18110333383083344,-1.1795083284378052,-1.269215703010559,-0.23376747965812683,-0.6318000555038452,-0.770044207572937,-0.08859258890151978,-0.46250322461128235,-1.3009158372879028,-0.24910004436969757,-0.20114168524742126,-1.207625389099121,-0.278624027967453,-0.13962526619434357,-1.0027495622634888,-0.25823694467544556,-0.6115979552268982,-0.6832162737846375,-0.17424249649047852,-0.3455525040626526,-1.1265757083892822,-0.32749810814857483,-0.13536278903484344,-0.9550676345825195,-0.28148528933525085,-0.11846818774938583,-0.7243179678916931,-0.20937494933605194,-0.5260061025619507,-0.6100692749023438,-0.26479071378707886,-0.30487218499183655,-0.978955864906311,-0.35493871569633484,-0.1419903188943863,-0.8827232122421265,-0.3028888404369354,-0.11462105810642242,-0.7032844424247742,-0.23840415477752686
POINT_LEFT,0.0,0.0,0.0,-0.22474434971809387,-0.4489668309688568,0.044745150953531265,-0.3576083779335022,-0.9621854424476624,-0.05312548577785492,-0.38024652004241943,-1.411515474319458,-0.17746451497077942,-0.3556465804576874,-1.7434208393096924,-0.3060780465602875,-0.6677610278129578,-0.8133280873298645,-0.22807393968105316,-0.97358638048172,-1.117268681526184,-0.38154497742652893,-1.1643458604812622,-1.3372278213500977,-0.4560921788215637,-1.3476659059524536,-1.480505347251892,-0.5069460272789001,-0.5760162472724915,-0.7336559295654297,-0.36047685146331787,-0.5401396751403809,-1.5071160793304443,-0.5402535200119019,-0.317671000957489,-1.5479439496994019,-0.5377755761146545,-0.24441316723823547,-1.425657033920288,-0.5063122510910034,-0.36650803685188293,-0.6547024250030518,-0.4798501431941986,-0.15281973779201508,-1.339845061302185,-0.6282192468643188,-0.006978232879191637,-1.2243866920471191,-0.5362902879714966,-0.038639772683382034,-1.0215575695037842,-0.4469921588897705,-0.11604465544223785,-0.6070995330810547,-0.5946202874183655,0.04125680774450302,-1.1735793352127075,-0.6419973969459534,0.1297520399093628,-1.1466668844223022,-0.5344733595848083,0.10623140633106232,-1.0072437524795532,-0.44999271631240845
POINT_RIGHT,0.0,0.0,0.0,-0.043701473623514175,-0.4606967866420746,-0.08361762762069702,0.05217135325074196,-0.9033989906311035,-0.1615278124809265,0.21551752090454102,-1.1864815950393677,-0.26239076256752014,0.45364221930503845,-1.1980122327804565,-0.36002418398857117,0.675691545009613,-0.8520064353942871,0.008719664067029953,0.9829936623573303,-1.0464608669281006,-0.11732981353998184,1.1888835430145264,-1.1987537145614624,-0.19794395565986633,1.3660870790481567,-1.3086620569229126,-0.2620518207550049,0.7673446536064148,-0.639923632144928,-0.04082878679037094,0.6555109620094299,-1.103936791419983,-0.2918770909309387,0.35763561725616455,-0.9645190834999084,-0.3579831123352051,0.2095540314912796,-0.7435392141342163,-0.3377000689506531,0.7949618697166443,-0.41988953948020935,-0.11252538114786148,0.6015560626983643,-0.8385812044143677,-0.362028568983078,0.33482256531715393,-0.6522728204727173,-0.32122156023979187,0.23900525271892548,-0.4541349411010742,-0.22118744254112244,0.7722918391227722,-0.17032286524772644,-0.1929069608449936,0.6194589138031006,-0.5680409073829651,-0.35467591881752014,0.4246200919151306,-0.45282602310180664,-0.3190609812736511,0.36971449851989746,-0.2839389145374298,-0.24434955418109894
POINT_RIGHT,0.0,0.0,0.0,0.07378944009542465,-0.24056315422058105,-0.28920894861221313,0.3082050681114197,-0.38915443420410156,-0.4135530889034271,0.6412904262542725,-0.19633875787258148,-0.5059057474136353,0.9248510599136353,-0.05429644510149956,-0.5779944062232971,0.7395407557487488,-0.8532775044441223,-0.20248323678970337,1.170614242553711,-0.9853079915046692,-0.3600538969039917,1.4425932168960571,-1.0616182088851929,-0.4619273543357849,1.6802864074707031,-1.113827109336853,-0.5331181883811951,0.8217006921768188,-0.5507595539093018,-0.14648514986038208,1.0311181545257568,-0.33197468519210815,-0.4043535590171814,0.7913658022880554,-0.2536836564540863,-0.47456616163253784,0.603747546672821,-0.2795562446117401,-0.4593501687049866,0.8241586685180664,-0.2545965313911438,-0.12493833154439926,0.9419906139373779,-0.04625796526670456,-0.3730024993419647,0.673557698726654,-0.01087409257888794,-0.3550494313240051,0.538044273853302,-0.10065100342035294,-0.2778570055961609,0.7549444437026978,-0.007151961326599121,-0.12952455878257751,0.885500431060791,0.15352609753608704,-0.29304859042167664,0.6757330298423767,0.14495277404785156,-0.2711758315563202,0.5484173893928528,0.02770376205444336,-0.21161450445652008
POINT_RIGHT,0.0,0.0,0.0,0.03744679316878319,-0.3348359167575836,-0.2376175969839096,0.26290011405944824,-0.5771524906158447,-0.35354083776474,0.5948008894920349,-0.45959892868995667,-0.45216062664985657,0.872910737991333,-0.37016910314559937,-0.5384959578514099,0.6863042712211609,-0.9420211911201477,-0.17856763303279877,1.0879756212234497,-1.1172411441802979,-0.34572476148605347,1.3467943668365479,-1.2085429430007935,-0.4542749226093292,1.5708516836166382,-1.2686220407485962,-0.5299993753433228,0.7647897601127625,-0.6251817941665649,-0.155666321516037,0.9579938650131226,-0.5187484622001648,-0.4344608783721924,0.7024531960487366,-0.4360676109790802,-0.5071032047271729,0.49839866161346436,-0.4117570221424103,-0.4889848530292511,0.772391140460968,-0.3136671781539917,-0.1633657068014145,0.8699358701705933,-0.19930781424045563,-0.4180356562137604,0.5826123952865601,-0.15859486162662506,-0.38552194833755493,0.42483943700790405,-0.20182068645954132,-0.29837921261787415,0.7120731472969055,-0.03160728141665459,-0.19435833394527435,0.8216516375541687,0.04483959823846817,-0.3698917627334595,0.5808857679367065,0.028665075078606606,-0.3442401587963104,0.43293243646621704,-0.0653645396232605,-0.2801917791366577
POINT_RIGHT,0.0,0.0,0.0,-0.040631409734487534,-0.3053900897502899,-0.20451274514198303,0.08691883087158203,-0.5949513912200928,-0.3187321424484253,0.37295448780059814,-0.6158201694488525,-0.41812899708747864,0.6236416697502136,-0.6275521516799927,-0.5034473538398743,0.4129630923271179,-1.0594195127487183,-0.18369626998901367,0.7254723310470581,-1.3230096101760864,-0.34662190079689026,0.9353388547897339,-1.4523024559020996,-0.45158612728118896,1.129482388496399,-1.5588181018829346,-0.5251080989837646,0.55222088098526,-0.8158353567123413,-0.1716054528951645,0.7280806303024292,-0.7574911713600159,-0.42993828654289246,0.5165163278579712,-0.5865924954414368,-0.49797874689102173,0.36105427145957947,-0.5191158652305603,-0.4862848222255707,0.6252047419548035,-0.5463507771492004,-0.18448054790496826,0.6967406272888184,-0.42891862988471985,-0.4116528034210205,0.45720210671424866,-0.300503671169281,-0.3811691403388977,0.33513668179512024,-0.30637916922569275,-0.30570897459983826,0.6397044658660889,-0.27376917004585266,-0.21838654577732086,0.6999853849411011,-0.19966794550418854,-0.3652203679084778,0.4928637146949768,-0.13522879779338837,-0.3402037024497986,0.36831146478652954,-0.1797477751970291,-0.285074383020401
POINT_RIGHT,0.0,0.0,0.0,-0.04528364539146423,-0.47680115699768066,-0.10534604638814926,0.09990595281124115,-0.9648661017417908,-0.18554648756980896,0.32034361362457275,-1.25283682346344,-0.286093145608902,0.5964443683624268,-1.2540806531906128,-0.38202613592147827,0.7147960662841797,-0.8293830156326294,-0.006262801121920347,1.0931107997894287,-0.9595217704772949,-0.14862149953842163,1.32125985622406,-1.064143180847168,-0.22948642075061798,1.5237113237380981,-1.1062355041503906,-0.28702837228775024,0.7987135052680969,-0.5993942618370056,-0.05259154736995697,0.8603711128234863,-1.0858604907989502,-0.32540369033813477,0.5402979254722595,-1.0085649490356445,-0.3906837999820709,0.35582026839256287,-0.7984368205070496,-0.3564077913761139,0.8326991200447083,-0.35415107011795044,-0.12443918734788895,0.7720890045166016,-0.7626783847808838,-0.4086857736110687,0.4454819858074188,-0.5946974754333496,-0.3673969507217407,0.30689048767089844,-0.3820473849773407,-0.2499111294746399,0.8381248712539673,-0.06465465575456619,-0.20446008443832397,0.8028973937034607,-0.46357959508895874,-0.3894830644130707,0.5415221452713013,-0.3948342800140381,-0.3487578332424164,0.41750019788742065,-0.2400350719690323,-0.26236313581466675
POINT_RIGHT,0.0,0.0,0.0,-0.049485381692647934,-0.5802106857299805,0.016059022396802902,0.0300618726760149,-0.8915016651153564,-0.049485016614198685,0.09028830379247665,-1.157130479812622,-0.14997845888137817,0.19553852081298828,-1.364256739616394,-0.25264617800712585,0.7237493991851807,-0.7175038456916809,0.04011675715446472,0.9330282807350159,-0.9932653307914734,-0.04032183811068535,1.1004942655563354,-1.1933109760284424,-0.10980983823537827,1.2556686401367188,-1.349377155303955,-0.1761396825313568,0.7542346119880676,-0.6549708247184753,-0.046121805906295776,0.5568893551826477,-1.2728030681610107,-0.1673116683959961,0.329296737909317,-1.1713106632232666,-0.18448442220687866,0.30235230922698975,-0.9685224294662476,-0.18269889056682587,0.67960524559021,-0.6411225199699402,-0.14270363748073578,0.4322447180747986,-1.2113608121871948,-0.2592127323150635,0.2323085367679596,-1.074631929397583,-0.1993255615234375,0.22307825088500977,-0.8794145584106445,-0.14768609404563904,0.5387678742408752,-0.6576605439186096,-0.24545599520206451,0.31847625970840454,-1.0863910913467407,-0.3414076566696167,0.1566784381866455,-0.9596447348594666,-0.3083771765232086,0.13527382910251617,-0.7802476286888123,-0.2672356069087982
POINT_RIGHT,0.0,0.0,0.0,0.21094375848770142,-0.4065234959125519,0.13328874111175537,0.5404599905014038,-0.5748200416564941,0.16234730184078217,0.801546037197113,-0.5624780058860779,0.15645429491996765,0.9959964752197266,-0.4699383080005646,0.14428101480007172,0.7659838199615479,-0.7749515175819397,0.0564865842461586,1.149573802947998,-0.8516393899917603,0.07065723836421967,1.3646817207336426,-0.8490908145904541,0.08456616848707199,1.5398831367492676,-0.8377963900566101,0.0857439711689949,0.8222226500511169,-0.5682940483093262,-0.03131045773625374,1.0721737146377563,-0.29680201411247253,-0.006431601010262966,0.9385442733764648,-0.20992130041122437,0.029075944796204567,0.8109021782875061,-0.24268144369125366,0.04415389150381088,0.8129936456680298,-0.287937730550766,-0.1025090292096138,0.9483055472373962,-0.04455582797527313,-0.04571941867470741,0.8159311413764954,0.008833985775709152,0.02072077803313732,0.7063242197036743,-0.033434029668569565,0.03917452320456505,0.7660682797431946,-0.03139854967594147,-0.16896498203277588,0.863815426826477,0.15464337170124054,-0.07916617393493652,0.7480653524398804,0.1831902265548706,0.0026040871161967516,0.6427068710327148,0.12828843295574188,0.04516786336898804
POINT_RIGHT,0.0,0.0,0.0,0.275266170501709,0.23989056050777435,-0.09431257098913193,0.5894154906272888,0.3882431089878082,-0.18036112189292908,0.8497858047485352,0.3681672215461731,-0.28191354870796204,0.9262335300445557,0.1158440038561821,-0.3810843527317047,0.9658191204071045,-0.1920742690563202,-0.09955980628728867,1.3080267906188965,-0.2593449652194977,-0.23734980821609497,1.528711199760437,-0.3120832145214081,-0.318882018327713,1.7185571193695068,-0.379811555147171,-0.37237748503685,0.8821399807929993,-0.44955703616142273,-0.14041003584861755,1.0295666456222534,-0.18419308960437775,-0.36955398321151733,0.7619900703430176,0.06900407373905182,-0.4177420139312744,0.567888617515564,0.12804430723190308,-0.3950057029724121,0.7297680974006653,-0.6281437277793884,-0.19310075044631958,0.8284696936607361,-0.2856234312057495,-0.4040336608886719,0.5807173252105713,-0.09218479692935944,-0.35438817739486694,0.42443981766700745,-0.09191445261240005,-0.2634298503398895,0.5310306549072266,-0.7656301856040955,-0.25614655017852783,0.6335049271583557,-0.45687705278396606,-0.37800154089927673,0.4974770247936249,-0.29733145236968994,-0.3271649479866028,0.38917163014411926,-0.3298124670982361,-0.25339555740356445
POINT_RIGHT,0.0,0.0,0.0,0.22548839449882507,0.3251130282878876,-0.22214341163635254,0.5443141460418701,0.4376983642578125,-0.28629663586616516,0.837568998336792,0.19050291180610657,-0.332010418176651,1.044568657875061,-0.05460935831069946,-0.3637920022010803,0.9782297611236572,0.6109691262245178,-0.014055458828806877,1.3062965869903564,0.7490338683128357,-0.11458014696836472,1.5372074842453003,0.8464314937591553,-0.19496828317642212,1.7321995496749878,0.9113345742225647,-0.25448375940322876,0.9629876017570496,0.26921817660331726,0.012749971821904182,1.2733656167984009,0.2414788007736206,-0.16231076419353485,1.0280685424804688,0.23272909224033356,-0.24621370434761047,0.8703132271766663,0.24938496947288513,-0.2465800940990448,0.8710329532623291,-0.04635876417160034,0.006628059316426516,1.0617187023162842,-0.09372242540121078,-0.22183625400066376,0.8112502098083496,-0.027047615498304367,-0.2600645124912262,0.6988986134529114,0.010367133654654026,-0.2137829065322876,0.7163942456245422,-0.3259570002555847,-0.013916146010160446,0.9044437408447266,-0.3457622528076172,-0.18266357481479645,0.7238178253173828,-0.2515219449996948,-0.17652197182178497,0.6044179201126099,-0.19700264930725098,-0.12482981383800507
POINT_RIGHT,0.0,0.0,0.0,0.40851885080337524,-0.08037155121564865,0.10227039456367493,0.7747633457183838,0.022369608283042908,0.08159244060516357,0.9607356190681458,0.2663511633872986,0.023123517632484436,1.0436562299728394,0.5341870784759521,-0.03832109645009041,1.0060774087905884,-0.03507111594080925,-0.03131166845560074,1.4044208526611328,0.07352018356323242,-0.09738466888666153,1.6428890228271484,0.10680464655160904,-0.12199766933917999,1.837024211883545,0.12106947600841522,-0.14628799259662628,0.9859002232551575,0.07991689443588257,-0.14696672558784485,1.1412602663040161,0.7198971509933472,-0.23470589518547058,0.941041111946106,0.7971447110176086,-0.22459305822849274,0.8373609185218811,0.6891168355941772,-0.20083414018154144,0.8744733333587646,0.26997554302215576,-0.24966900050640106,0.8674314618110657,0.8621649742126465,-0.29482507705688477,0.6915804147720337,0.8525501489639282,-0.22927668690681458,0.6371750831604004,0.7256420850753784,-0.18432864546775818,0.7253550291061401,0.4686180353164673,-0.3504500985145569,0.6618850231170654,0.9113188982009888,-0.3267459273338318,0.5203149318695068,0.8708833456039429,-0.24861519038677216,0.47664397954940796,0.7415239810943604,-0.1956205666065216
THUMBS_UP,0.0,0.0,0.0,-0.13570824265480042,-0.49915120005607605,-0.05471724271774292,-0.3372746407985687,-1.1159647703170776,-0.1567847728729248,-0.4071228504180908,-1.6037561893463135,-0.25248879194259644,-0.33245915174484253,-2.0284550189971924,-0.346533864736557,-0.3298340141773224,-1.2169103622436523,-0.35742419958114624,-0.9212896227836609,-1.1167957782745361,-0.5349259972572327,-0.7943705320358276,-0.8995386362075806,-0.5734270215034485,-0.5937150120735168,-0.9035977721214294,-0.5872678756713867,-0.27264291048049927,-0.8647676110267639,-0.4216955006122589,-0.919193685054779,-0.6917190551757812,-0.5874221920967102,-0.7447689175605774,-0.5560361742973328,-0.5457205176353455,-0.5417004823684692,-0.5823519229888916,-0.5233852863311768,-0.24462606012821198,-0.4690806269645691,-0.48683708906173706,-0.8233222365379333,-0.298415869474411,-0.6326790452003479,-0.6509014368057251,-0.19544044137001038,-0.526502788066864,-0.45618733763694763,-0.23705346882343292,-0.4563569724559784,-0.22579790651798248,-0.07953555881977081,-0.5521030426025391,-0.7093884348869324,0.045394156128168106,-0.6614126563072205,-0.568420946598053,0.09105688333511353,-0.6082338094711304,-0.3835209906101227,0.0460590124130249,-0.5639708042144775
THUMBS_UP,0.0,0.0,0.0,-0.08874984085559845,-0.6251750588417053,-0.004479062277823687,-0.2785975933074951,-1.092178225517273,-0.06178973242640495,-0.44925615191459656,-1.5185930728912354,-0.12202990055084229,-0.4689541757106781,-1.8758337497711182,-0.18393400311470032,-0.724084734916687,-0.9624422788619995,-0.12956808507442474,-1.0649806261062622,-0.9080907702445984,-0.15458251535892487,-0.9118446111679077,-0.824828028678894,-0.16477975249290466,-0.7547072768211365,-0.81217360496521,-0.17142218351364136,-0.7998141050338745,-0.5808143615722656,-0.151452898979187,-1.068334937095642,-0.5791099071502686,-0.13631309568881989,-0.9121987819671631,-0.5260811448097229,-0.10643260180950165,-0.7576899528503418,-0.5090734958648682,-0.10339278727769852,-0.8194244503974915,-0.2016611546278,-0.16104556620121002,-1.0159341096878052,-0.2412555068731308,-0.1211651861667633,-0.8816050291061401,-0.2150930017232895,-0.05469834804534912,-0.735321044921875,-0.19965630769729614,-0.03498700633645058,-0.8015384674072266,0.13589496910572052,-0.17158839106559753,-0.9617160558700562,0.07254205644130707,-0.1253628432750702,-0.8308044075965881,0.08311408013105392,-0.04499893635511398,-0.7045857906341553,0.09064918756484985,0.007280296646058559
THUMBS_UP,0.0,0.0,0.0,-0.1856691688299179,-0.5926524996757507,-0.1876114457845688,-0.2134297788143158,-1.2367186546325684,-0.28088700771331787,-0.15260164439678192,-1.710518479347229,-0.3346670866012573,-0.08843311667442322,-2.135535955429077,-0.3560850918292999,0.1523917019367218,-1.248047113418579,-0.3098592162132263,-0.4214417040348053,-1.1705721616744995,-0.48180681467056274,-0.37453001737594604,-0.9652445316314697,-0.5452645421028137,-0.20874261856079102,-0.95945143699646,-0.5766061544418335,0.2772456109523773,-0.9152203798294067,-0.2923886179924011,-0.4169248938560486,-0.7709105610847473,-0.4343586564064026,-0.30904144048690796,-0.6529110670089722,-0.43017324805259705,-0.12978650629520416,-0.7027915716171265,-0.4312427341938019,0.3123123049736023,-0.528919517993927,-0.2955924868583679,-0.3363167643547058,-0.41579821705818176,-0.42664337158203125,-0.23445938527584076,-0.3653426170349121,-0.37900254130363464,-0.06471414119005203,-0.4008702039718628,-0.34371790289878845,0.2941659092903137,-0.15156614780426025,-0.3167370557785034,-0.21754509210586548,-0.11480599641799927,-0.431011438369751,-0.14480982720851898,-0.12370792031288147,-0.4398081600666046,0.02691987156867981,-0.1685025542974472,-0.43225938081741333
THUMBS_UP,0.0,0.0,0.0,-0.08200599998235703,-0.5287706255912781,-0.0028833809774369,-0.30536481738090515,-1.1162357330322266,-0.08821789175271988,-0.4267561435699463,-1.5641558170318604,-0.17900493741035461,-0.4123784601688385,-1.9554933309555054,-0.2724647521972656,-0.4170137345790863,-1.1820478439331055,-0.2992261052131653,-1.0516717433929443,-1.078188180923462,-0.4639231562614441,-0.9467313289642334,-0.8647254109382629,-0.5004588961601257,-0.7364314794540405,-0.8490282297134399,-0.5072728395462036,-0.4393956959247589,-0.8136951923370361,-0.3805510103702545,-1.1124536991119385,-0.6805205941200256,-0.5255411267280579,-0.9476872682571411,-0.5103764533996582,-0.47832170128822327,-0.7288743257522583,-0.5331424474716187,-0.446554034948349,-0.4647667109966278,-0.39412209391593933,-0.45831406116485596,-1.0869072675704956,-0.3093091547489166,-0.5902019143104553,-0.9133365750312805,-0.17796795070171356,-0.47983720898628235,-0.6980639696121216,-0.2066919505596161,-0.4012684226036072,-0.4824734926223755,0.020878558978438377,-0.5317988395690918,-0.9657483696937561,0.07886423915624619,-0.6393219232559204,-0.8279047012329102,0.12703798711299896,-0.5850729942321777,-0.6344082355499268,0.08709932863712311,-0.533940851688385
THUMBS_UP,0.0,0.0,0.0,-0.1884598731994629,-0.6571703553199768,-0.016274284571409225,-0.42047396302223206,-1.1038986444473267,-0.09572762250900269,-0.5733683705329895,-1.5454021692276,-0.17814433574676514,-0.5481867790222168,-1.9251248836517334,-0.26212605834007263,-0.912745475769043,-0.7320249676704407,-0.17057321965694427,-1.2750844955444336,-0.6837927103042603,-0.2146158069372177,-1.0860191583633423,-0.6890690326690674,-0.23996895551681519,-0.910851240158081,-0.6931146383285522,-0.2513592541217804,-0.9364179372787476,-0.2974003255367279,-0.1861725002527237,-1.244197964668274,-0.33694225549697876,-0.16352219879627228,-1.074977159500122,-0.36240607500076294,-0.12863199412822723,-0.90641188621521,-0.35743680596351624,-0.12675148248672485,-0.8980887532234192,0.09086327999830246,-0.18875043094158173,-1.1381181478500366,0.005860039498656988,-0.12788639962673187,-1.006111979484558,-0.0295132827013731,-0.05836053565144539,-0.8485088348388672,-0.02236790396273136,-0.04134527966380119,-0.8285377621650696,0.409131795167923,-0.1945006549358368,-1.0169715881347656,0.32102280855178833,-0.12057686597108841,-0.8923547267913818,0.2767200171947479,-0.026053527370095253,-0.7546858191490173,0.2729801535606384,0.031352393329143524
THUMBS_UP,0.0,0.0,0.0,0.08294020593166351,-0.5901678204536438,-0.010692686773836613,0.2962976098060608,-1.0906192064285278,-0.07965479046106339,0.4266473352909088,-1.511542797088623,-0.15171685814857483,0.42679232358932495,-1.8855347633361816,-0.2089562565088272,0.6997494101524353,-0.988426685333252,-0.16333375871181488,1.1241633892059326,-0.9867806434631348,-0.22327236831188202,0.9683303236961365,-0.8843152523040771,-0.2367316484451294,0.7942295670509338,-0.8589665293693542,-0.24233749508857727,0.761644721031189,-0.6138024926185608,-0.20767533779144287,1.123181939125061,-0.6528850793838501,-0.1942811906337738,0.9642928838729858,-0.6033835411071777,-0.1428164690732956,0.7993776202201843,-0.5715475678443909,-0.1333015412092209,0.7630773186683655,-0.2359125167131424,-0.24518434703350067,1.0616588592529297,-0.30574831366539,-0.2195778638124466,0.9123430848121643,-0.27604448795318604,-0.12144221365451813,0.7511441707611084,-0.2381359040737152,-0.08610448241233826,0.7325301170349121,0.10804709047079086,-0.28292760252952576,0.9628391861915588,0.0071909138932824135,-0.24755273759365082,0.8255048394203186,0.011434127576649189,-0.14581190049648285,0.6875938177108765,0.04489418491721153,-0.08657385408878326
THUMBS_UP,0.0,0.0,0.0,0.30812546610832214,-0.4003412425518036,-0.14705559611320496,0.39738914370536804,-0.9564970135688782,-0.2144818753004074,0.4043385088443756,-1.3603979349136353,-0.26592177152633667,0.425398051738739,-1.7393155097961426,-0.3045191466808319,-0.06615346670150757,-1.1493600606918335,-0.25813883543014526,0.26034268736839294,-0.8629444241523743,-0.40746161341667175,0.31602662801742554,-0.6459313631057739,-0.4837578237056732,0.21491731703281403,-0.6648138165473938,-0.5431447625160217,-0.3236866593360901,-0.9090772867202759,-0.26228636503219604,0.13271091878414154,-0.4925806522369385,-0.3809039890766144,0.19429151713848114,-0.34946829080581665,-0.4066826403141022,0.07936827093362808,-0.42739027738571167,-0.44836172461509705,-0.4655663073062897,-0.5854049921035767,-0.27968984842300415,-0.025551527738571167,-0.20631438493728638,-0.3856302797794342,0.027264375239610672,-0.12025119364261627,-0.35622090101242065,-0.09534585475921631,-0.205427348613739,-0.3564772605895996,-0.5528868436813354,-0.2506403923034668,-0.3168642818927765,-0.20215067267417908,0.023701908066868782,-0.4128909707069397,-0.12505628168582916,0.07144127786159515,-0.4179086983203888,-0.21283359825611115,0.02076062746345997,-0.4240989089012146
THUMBS_UP,0.0,0.0,0.0,0.35321319103240967,-0.20521001517772675,-0.07951562106609344,0.6096673607826233,-0.5270339250564575,-0.13805720210075378,0.8132701516151428,-0.7748832106590271,-0.19710539281368256,0.996911883354187,-0.9778361320495605,-0.2497292309999466,0.36498576402664185,-1.0470664501190186,-0.15147706866264343,0.5401492118835449,-0.6195394396781921,-0.28381040692329407,0.4837912917137146,-0.39377108216285706,-0.3649275004863739,0.3889140486717224,-0.4317832589149475,-0.42121049761772156,0.11912483721971512,-0.9762479066848755,-0.18094003200531006,0.335223913192749,-0.42000648379325867,-0.281976580619812,0.29829803109169006,-0.240120068192482,-0.30874767899513245,0.20966580510139465,-0.3209761679172516,-0.33937591314315796,-0.08756209909915924,-0.7938081622123718,-0.22037112712860107,0.12225962430238724,-0.2820234000682831,-0.31603533029556274,0.11724277585744858,-0.1508316695690155,-0.2923332452774048,0.045674052089452744,-0.25479915738105774,-0.28169941902160645,-0.26392224431037903,-0.5685328245162964,-0.2709602415561676,-0.09061659872531891,-0.1959230899810791,-0.33916449546813965,-0.0517827570438385,-0.1011819988489151,-0.32319337129592896,-0.09513567388057709,-0.17114049196243286,-0.3066897988319397
THUMBS_UP,0.0,0.0,0.0,-0.05545993149280548,-0.5870344638824463,-0.029703151434659958,0.05531398952007294,-1.0374892950057983,-0.06155117601156235,0.16790170967578888,-1.4084285497665405,-0.0870215892791748,0.19852671027183533,-1.7155169248580933,-0.10767927765846252,0.6366748213768005,-0.939633309841156,0.016649335622787476,0.6219126582145691,-1.0504316091537476,0.07658857107162476,0.48757290840148926,-0.978534996509552,0.07356614619493484,0.40069761872291565,-0.8781135678291321,0.05506019666790962,0.7552148103713989,-0.654242753982544,0.04005778953433037,0.6497344970703125,-0.7706046104431152,0.1559772789478302,0.5223621129989624,-0.7362983226776123,0.15605749189853668,0.4471546709537506,-0.6302842497825623,0.11164122819900513,0.7603108882904053,-0.369148850440979,0.07226618379354477,0.6604558825492859,-0.5113101005554199,0.17240110039710999,0.5559231638908386,-0.4910311698913574,0.1780221164226532,0.4656413793563843,-0.401600182056427,0.1405009925365448,0.7334909439086914,-0.13594570755958557,0.10280920565128326,0.6755521893501282,-0.2804137170314789,0.1800818145275116,0.5878898501396179,-0.25930625200271606,0.22282291948795319,0.5112605690956116,-0.1801912933588028,0.2366783320903778
THUMBS_UP,0.0,0.0,0.0,0.18150252103805542,-0.6007793545722961,-0.031996920704841614,0.4288105070590973,-1.0373938083648682,-0.1517421007156372,0.5961424708366394,-1.4587448835372925,-0.26910632848739624,0.6287517547607422,-1.8641459941864014,-0.37284719944000244,0.9053119421005249,-0.717290997505188,-0.2411278486251831,1.3345589637756348,-0.5626480579376221,-0.3136460483074188,1.158177375793457,-0.516936182975769,-0.33831530809402466,0.9792941808700562,-0.5753516554832458,-0.34992527961730957,0.9217696189880371,-0.27849143743515015,-0.2697632908821106,1.281994104385376,-0.19001814723014832,-0.25981590151786804,1.1262080669403076,-0.19997064769268036,-0.2178603708744049,0.9513044357299805,-0.23873434960842133,-0.2191733568906784,0.8673300743103027,0.1360202431678772,-0.28414031863212585,1.1439967155456543,0.16188067197799683,-0.22864575684070587,1.0142234563827515,0.15246106684207916,-0.12435196340084076,0.8500846028327942,0.13519708812236786,-0.09792834520339966,0.7888208031654358,0.4963260889053345,-0.30127811431884766,0.9853193759918213,0.4674209952354431,-0.23504619300365448,0.8549662828445435,0.4409251809120178,-0.12243711203336716,0.7261362075805664,0.4356705844402313,-0.06164909899234772
OPEN_PALM,0.0,0.0,0.0,0.2642418444156647,-0.20538656413555145,-0.12556295096874237,0.4750772714614868,-0.4485132396221161,-0.207830548286438,0.6824401617050171,-0.5799435377120972,-0.2907794415950775,0.8771184682846069,-0.6123424172401428,-0.37830227613449097,0.13463173806667328,-1.0017255544662476,-0.10152741521596909,0.12343771010637283,-1.3762308359146118,-0.18926161527633667,0.10437659174203873,-1.5897783041000366,-0.26640790700912476,0.08907361328601837,-1.7763293981552124,-0.32433485984802246,-0.04873692989349365,-0.9921770691871643,-0.11489029228687286,-0.10334274917840958,-1.404263973236084,-0.1877254992723465,-0.13863223791122437,-1.655170202255249,-0.2581038177013397,-0.16636599600315094,-1.864964246749878,-0.3122727870941162,-0.20330069959163666,-0.8902614712715149,-0.14510197937488556,-0.28954604268074036,-1.264289140701294,-0.21668687462806702,-0.33875587582588196,-1.4895927906036377,-0.27860963344573975,-0.3705829977989197,-1.693020224571228,-0.32272404432296753,-0.33439263701438904,-0.7093909382820129,-0.18949149549007416,-0.47451794147491455,-0.9345928430557251,-0.25492188334465027,-0.5587143898010254,-1.09401273727417,-0.28688034415245056,-0.6220343112945557,-1.2587343454360962,-0.30817535519599915
OPEN_PALM,0.0,0.0,0.0,0.33237022161483765,0.20594210922718048,-0.1765000969171524,0.6190018057823181,0.35617437958717346,-0.2796226143836975,0.8460487723350525,0.5116139650344849,-0.3761761486530304,1.0139758586883545,0.7223482728004456,-0.47355738282203674,0.8001112341880798,-0.5049729347229004,-0.10153913497924805,1.063383936882019,-0.7502696514129639,-0.1904517114162445,1.2149463891983032,-0.9114183187484741,-0.27946627140045166,1.353122353553772,-1.0540410280227661,-0.34767329692840576,0.6904866695404053,-0.7176111936569214,-0.09083925932645798,0.9471673369407654,-1.0383296012878418,-0.16306757926940918,1.1154226064682007,-1.2438480854034424,-0.24547018110752106,1.2577331066131592,-1.4088119268417358,-0.3089824616909027,0.5344796776771545,-0.8345799446105957,-0.10428407043218613,0.7371729016304016,-1.1641290187835693,-0.17790314555168152,0.8783946633338928,-1.357331395149231,-0.2569798529148102,1.0131405591964722,-1.5193537473678589,-0.31195154786109924,0.3358646035194397,-0.8845492005348206,-0.1373031884431839,0.42912590503692627,-1.1687614917755127,-0.20901359617710114,0.5028675198554993,-1.3589059114456177,-0.2546645700931549,0.5940238833427429,-1.5278688669204712,-0.2844080924987793
OPEN_PALM,0.0,0.0,0.0,0.23499488830566406,0.4390439987182617,-0.16374942660331726,0.4862545430660248,0.8088957071304321,-0.25264644622802734,0.6977813243865967,1.1562981605529785,-0.3425399661064148,0.7860434055328369,1.4895213842391968,-0.42817097902297974,0.986535370349884,0.04599360376596451,-0.015100568532943726,1.3009384870529175,0.0074537876062095165,-0.07268055528402328,1.478775143623352,-0.037098612636327744,-0.1464666873216629,1.6298789978027344,-0.07593514770269394,-0.20253470540046692,0.9730747938156128,-0.23034758865833282,-0.007255014963448048,1.3255877494812012,-0.3743390440940857,-0.035524606704711914,1.5301990509033203,-0.4598643481731415,-0.08540540933609009,1.7051259279251099,-0.5234521627426147,-0.12670566141605377,0.8902888894081116,-0.4503439664840698,-0.028731292113661766,1.185048222541809,-0.635808527469635,-0.06531527638435364,1.353438377380371,-0.7284777760505676,-0.10615934431552887,1.497649908065796,-0.7961445450782776,-0.13502591848373413,0.7412467002868652,-0.6386697292327881,-0.07417994737625122,0.9205633997917175,-0.877288818359375,-0.10514234006404877,1.0444203615188599,-1.0308445692062378,-0.11458542943000793,1.1571986675262451,-1.1597808599472046,-0.11882836371660233
OPEN_PALM,0.0,0.0,0.0,0.2904321849346161,-0.08060156553983688,-0.06947389245033264,0.5234017968177795,-0.24043592810630798,-0.11815471947193146,0.7262229919433594,-0.3243151307106018,-0.1759757101535797,0.8996885418891907,-0.33650872111320496,-0.23876692354679108,0.36220642924308777,-0.9159262776374817,-0.03722447529435158,0.42487314343452454,-1.2702690362930298,-0.09982047975063324,0.4568641185760498,-1.4753289222717285,-0.1626386046409607,0.4863382577896118,-1.6610634326934814,-0.2147832214832306,0.2268727868795395,-0.9711731672286987,-0.07308515906333923,0.2519690692424774,-1.3784337043762207,-0.1281842440366745,0.27759963274002075,-1.6325052976608276,-0.1916077584028244,0.2931286096572876,-1.8474009037017822,-0.242723748087883,0.09385158866643906,-0.9283028841018677,-0.12216578423976898,0.07345089316368103,-1.308869481086731,-0.179808109998703,0.07544064521789551,-1.546321153640747,-0.2366936355829239,0.0833527073264122,-1.7643886804580688,-0.27978789806365967,-0.033646538853645325,-0.7989872694015503,-0.18111161887645721,-0.11919774115085602,-1.082854151725769,-0.24521087110042572,-0.1598808616399765,-1.2783572673797607,-0.2818191647529602,-0.18320241570472717,-1.4698023796081543,-0.30683913826942444
OPEN_PALM,0.0,0.0,0.0,0.2078561633825302,-0.27957403659820557,-0.17650732398033142,0.3693997263908386,-0.5950218439102173,-0.30601444840431213,0.5497753620147705,-0.7951759099960327,-0.42763519287109375,0.741544246673584,-0.9280606508255005,-0.5555608868598938,-0.09293115139007568,-1.0165830850601196,-0.23284479975700378,-0.22946371138095856,-1.3983139991760254,-0.3701973557472229,-0.3310979902744293,-1.6156708002090454,-0.47126659750938416,-0.42749205231666565,-1.8037680387496948,-0.5450225472450256,-0.285017728805542,-0.9261879920959473,-0.24684101343154907,-0.46490538120269775,-1.342113971710205,-0.3667924106121063,-0.5868399143218994,-1.5941858291625977,-0.4547128975391388,-0.7010205388069153,-1.8035640716552734,-0.5203396081924438,-0.4210560619831085,-0.7436162233352661,-0.2772924602031708,-0.6389256119728088,-1.097706913948059,-0.38996782898902893,-0.7690187692642212,-1.316881775856018,-0.4646765887737274,-0.8837488293647766,-1.5196493864059448,-0.5165544748306274,-0.5057410597801208,-0.48534485697746277,-0.32431355118751526,-0.7505397200584412,-0.6404532194137573,-0.42893826961517334,-0.90655118227005,-0.7504147291183472,-0.4756293296813965,-1.0450706481933594,-0.8760806918144226,-0.5051878094673157
OPEN_PALM,0.0,0.0,0.0,-0.23169592022895813,-0.21479681134223938,-0.1328604370355606,-0.43222227692604065,-0.4567330479621887,-0.23101361095905304,-0.6038457751274109,-0.6539993286132812,-0.32224950194358826,-0.7689953446388245,-0.7967735528945923,-0.4170700013637543,-0.10289366543292999,-0.9853757619857788,-0.14524880051612854,-0.12804491817951202,-1.3819416761398315,-0.24752460420131683,-0.13864606618881226,-1.6230157613754272,-0.3350878655910492,-0.13857591152191162,-1.838482141494751,-0.40299057960510254,0.0748177096247673,-0.9837616086006165,-0.16311736404895782,0.12262823432683945,-1.4130867719650269,-0.24823682010173798,0.15635262429714203,-1.6894375085830688,-0.32214778661727905,0.1861661821603775,-1.9217978715896606,-0.382444828748703,0.22940926253795624,-0.8833181262016296,-0.1995004415512085,0.3300302028656006,-1.2610770463943481,-0.28757426142692566,0.38411596417427063,-1.5055516958236694,-0.3486813008785248,0.4214624762535095,-1.7241096496582031,-0.3971594274044037,0.35961005091667175,-0.7094129920005798,-0.24926382303237915,0.49900513887405396,-0.9378576278686523,-0.3263646364212036,0.5743836164474487,-1.1083340644836426,-0.36158543825149536,0.6313454508781433,-1.2765601873397827,-0.3900151252746582
OPEN_PALM,0.0,0.0,0.0,-0.284593790769577,-0.08981125801801682,-0.10569421947002411,-0.5304416418075562,-0.22808077931404114,-0.1819324940443039,-0.7341212630271912,-0.34064337611198425,-0.25632837414741516,-0.9175401926040649,-0.39031583070755005,-0.3330950140953064,-0.38074809312820435,-0.8735141754150391,-0.08555667102336884,-0.5216825008392334,-1.2209632396697998,-0.17204715311527252,-0.6052782535552979,-1.4335907697677612,-0.2519039809703827,-0.6662123799324036,-1.6243818998336792,-0.3148036599159241,-0.22259044647216797,-0.9686148166656494,-0.11057306826114655,-0.3217414617538452,-1.3800458908081055,-0.1827022284269333,-0.3847246766090393,-1.6381776332855225,-0.25470200181007385,-0.43215450644493103,-1.861425518989563,-0.31254714727401733,-0.05613375082612038,-0.962757408618927,-0.15319174528121948,-0.08876465260982513,-1.368146538734436,-0.23379598557949066,-0.11649136990308762,-1.6094372272491455,-0.2921304404735565,-0.14846457540988922,-1.817881464958191,-0.3372699022293091,0.11594155430793762,-0.8765553832054138,-0.20709063112735748,0.17907677590847015,-1.1558486223220825,-0.2791632413864136,0.19659064710140228,-1.3494960069656372,-0.3109801113605499,0.19967633485794067,-1.5328867435455322,-0.3351990878582001
OPEN_PALM,0.0,0.0,0.0,-0.19643674790859222,-0.14080177247524261,-0.1628064513206482,-0.36097317934036255,-0.3285868763923645,-0.2703562080860138,-0.48739680647850037,-0.4898347556591034,-0.3631783723831177,-0.6406610012054443,-0.5739651918411255,-0.4567895233631134,-0.05589078366756439,-0.9375952482223511,-0.16835834085941315,-0.0827726274728775,-1.3119045495986938,-0.271047443151474,-0.08442314714193344,-1.546629786491394,-0.36108893156051636,-0.07385391741991043,-1.75840163230896,-0.4303983449935913,0.10747544467449188,-0.9806276559829712,-0.16369938850402832,0.1268426775932312,-1.4079432487487793,-0.25071507692337036,0.14374132454395294,-1.6677823066711426,-0.3255709707736969,0.16816143691539764,-1.9007763862609863,-0.3842433989048004,0.24729716777801514,-0.916526198387146,-0.17733874917030334,0.30978816747665405,-1.3032591342926025,-0.26373445987701416,0.3457950949668884,-1.5334956645965576,-0.32685381174087524,0.3722935616970062,-1.7385497093200684,-0.3742636740207672,0.3769330382347107,-0.7699047327041626,-0.207332581281662,0.4947938323020935,-1.0182451009750366,-0.2808326184749603,0.5637356042861938,-1.1762319803237915,-0.31773513555526733,0.6175092458724976,-1.3310648202896118,-0.34541213512420654
OPEN_PALM,0.0,0.0,0.0,-0.22060169279575348,-0.3049662113189697,-0.09354139864444733,-0.35858985781669617,-0.6039829850196838,-0.15481968224048615,-0.4728003144264221,-0.8590554594993591,-0.21626070141792297,-0.6106308102607727,-1.0214262008666992,-0.2773476839065552,0.05821016803383827,-1.0204637050628662,-0.04088685289025307,0.0738830640912056,-1.4052464962005615,-0.09913620352745056,0.09606485068798065,-1.626887559890747,-0.16222041845321655,0.1277267038822174,-1.8136652708053589,-0.212663933634758,0.2402224987745285,-0.9688299298286438,-0.060332562774419785,0.3289600610733032,-1.3682804107666016,-0.09459425508975983,0.3850271999835968,-1.5968223810195923,-0.1458432972431183,0.44184133410453796,-1.7769771814346313,-0.1904122531414032,0.38604873418807983,-0.8361013531684875,-0.09723389148712158,0.5371001362800598,-1.1565947532653809,-0.13959960639476776,0.6188738346099854,-1.338493824005127,-0.18152496218681335,0.6878913044929504,-1.4895046949386597,-0.2188004106283188,0.49976205825805664,-0.6383869051933289,-0.14617928862571716,0.6771742105484009,-0.8003597855567932,-0.18319067358970642,0.7832344174385071,-0.9145261645317078,-0.1981409639120102,0.8779428601264954,-1.0292532444000244,-0.21172021329402924
OPEN_PALM,0.0,0.0,0.0,0.2591327130794525,-0.05605115368962288,-0.1709047555923462,0.4986928701400757,-0.13884598016738892,-0.27711814641952515,0.7184220552444458,-0.17300769686698914,-0.3697623014450073,0.9005010724067688,-0.14956988394260406,-0.4612196981906891,0.37075644731521606,-0.8586028218269348,-0.16135349869728088,0.529764711856842,-1.189880609512329,-0.25834304094314575,0.6119304895401001,-1.409875750541687,-0.34362584352493286,0.6808039546012878,-1.599542498588562,-0.4048895537853241,0.2037457972764969,-0.9675840139389038,-0.14915962517261505,0.3107072710990906,-1.381038784980774,-0.22003723680973053,0.3721609115600586,-1.6480563879013062,-0.2861503064632416,0.42620766162872314,-1.860894799232483,-0.337159663438797,0.03049805946648121,-0.9640189409255981,-0.1551557183265686,0.08760760724544525,-1.3500103950500488,-0.2237536460161209,0.13760313391685486,-1.582632303237915,-0.283162921667099,0.19032439589500427,-1.772333025932312,-0.32552552223205566,-0.15232686698436737,-0.8695886731147766,-0.17799244821071625,-0.20493066310882568,-1.149066686630249,-0.24131573736667633,-0.2274954468011856,-1.340300440788269,-0.270749032497406,-0.2317299097776413,-1.5215595960617065,-0.2886553406715393
FIST,0.0,0.0,0.0,-0.3796669542789459,-0.1081254631280899,-0.1280212253332138,-0.6700185537338257,-0.45038849115371704,-0.16664277017116547,-0.7192098498344421,-0.8824524283409119,-0.20873905718326569,-0.5414025187492371,-1.0959570407867432,-0.21222344040870667,-0.5062957406044006,-0.9306725859642029,0.051264241337776184,-0.6053534746170044,-1.1573901176452637,-0.11252876371145248,-0.5552273988723755,-0.8001319766044617,-0.17794600129127502,-0.5066994428634644,-0.7753044962882996,-0.20357786118984222,-0.2907140254974365,-0.9557923674583435,0.04391344636678696,-0.3938334286212921,-1.15268874168396,-0.13726094365119934,-0.36525797843933105,-0.7220247387886047,-0.1409330666065216,-0.30864080786705017,-0.7591642141342163,-0.09092608094215393,-0.08357477933168411,-0.9303315877914429,-0.00854070670902729,-0.17282642424106598,-1.0873303413391113,-0.18378932774066925,-0.17054155468940735,-0.6900637149810791,-0.10095879435539246,-0.1052902415394783,-0.7335449457168579,0.0071437363512814045,0.13774056732654572,-0.8866726160049438,-0.07850079983472824,0.034767862409353256,-0.9752834439277649,-0.13911081850528717,0.005860492121428251,-0.7079781889915466,-0.06623000651597977,0.06972042471170425,-0.7143391966819763,0.011065126396715641
FIST,0.0,0.0,0.0,-0.36555302143096924,-0.14095166325569153,-0.12939713895320892,-0.6497023105621338,-0.46250250935554504,-0.1758502572774887,-0.6645077466964722,-0.881659984588623,-0.2271464765071869,-0.4603114426136017,-1.0979031324386597,-0.2405354082584381,-0.49777835607528687,-0.9581721425056458,0.044398993253707886,-0.571261465549469,-1.2134088277816772,-0.13458168506622314,-0.5438658595085144,-0.8523138761520386,-0.19990545511245728,-0.5027918219566345,-0.8145966529846191,-0.21797823905944824,-0.26580697298049927,-0.9636134505271912,0.027726419270038605,-0.3350677788257599,-1.2014912366867065,-0.16817685961723328,-0.32734495401382446,-0.7634682655334473,-0.16889864206314087,-0.27122974395751953,-0.7864284515380859,-0.1086326390504837,-0.04749707505106926,-0.9189532995223999,-0.03599058464169502,-0.08604984730482101,-1.06792414188385,-0.23310944437980652,-0.11532570421695709,-0.6674802899360657,-0.15454703569412231,-0.07436550408601761,-0.7016751766204834,-0.040753431618213654,0.185837060213089,-0.845003604888916,-0.11594109982252121,0.12360154092311859,-0.9658973813056946,-0.1884622424840927,0.07169649749994278,-0.6775047779083252,-0.10890889912843704,0.10290992259979248,-0.6465578079223633,-0.021262934431433678
FIST,0.0,0.0,0.0,-0.07766922563314438,-0.37623322010040283,-0.1489732265472412,-0.0930643230676651,-0.7878782153129578,-0.25068914890289307,-0.024801110848784447,-1.045578956604004,-0.33833935856819153,0.08170439302921295,-0.8756834864616394,-0.3961254954338074,0.5368403792381287,-0.994484007358551,-0.11346609145402908,0.33206847310066223,-1.0345003604888916,-0.25480917096138,0.17030559480190277,-0.9249110817909241,-0.3331007957458496,0.15962758660316467,-0.8673858642578125,-0.3774957060813904,0.6617506742477417,-0.7411131858825684,-0.1131923496723175,0.3190552592277527,-0.7057362198829651,-0.2316310554742813,0.15788987278938293,-0.5888051986694336,-0.2473853975534439,0.1766752451658249,-0.5393317937850952,-0.23976176977157593,0.693343460559845,-0.4358559846878052,-0.13869576156139374,0.3016425669193268,-0.3713103234767914,-0.24904653429985046,0.16863970458507538,-0.2703918516635895,-0.21279755234718323,0.20042942464351654,-0.22520241141319275,-0.16779564321041107,0.6692886352539062,-0.12730772793293,-0.18582971394062042,0.3443879783153534,-0.09767996519804001,-0.24672730267047882,0.2292679250240326,-0.041637759655714035,-0.22347919642925262,0.24144229292869568,-0.01345895417034626,-0.18578988313674927
FIST,0.0,0.0,0.0,-0.31005626916885376,-0.17299067974090576,-0.2814050614833832,-0.5159608125686646,-0.5973326563835144,-0.3365946412086487,-0.4068405032157898,-1.011304497718811,-0.3421606719493866,-0.16297422349452972,-1.2016488313674927,-0.2939380407333374,-0.5318305492401123,-0.942206621170044,-0.10373429954051971,-0.3696362376213074,-1.1994400024414062,-0.3091535270214081,-0.3329237401485443,-0.8494388461112976,-0.38178858160972595,-0.3868742287158966,-0.8143337368965149,-0.4034893810749054,-0.27639392018318176,-0.9604610800743103,-0.033103685826063156,-0.12226922065019608,-1.2270660400390625,-0.2578924000263214,-0.12626920640468597,-0.7747125625610352,-0.27262985706329346,-0.21148161590099335,-0.7931960225105286,-0.22291673719882965,-0.053547799587249756,-0.9464753270149231,-0.021055852994322777,0.11355666071176529,-1.12939453125,-0.26119399070739746,0.06486289948225021,-0.7162426114082336,-0.23160365223884583,-0.04010620713233948,-0.7546864151954651,-0.14793549478054047,0.16697946190834045,-0.8943328261375427,-0.03472323343157768,0.2827329635620117,-1.008082628250122,-0.17844106256961823,0.24795161187648773,-0.7387006282806396,-0.16673876345157623,0.16624891757965088,-0.7083556652069092,-0.12159230560064316
FIST,0.0,0.0,0.0,-0.16425341367721558,-0.3479025959968567,0.021900085732340813,-0.22760149836540222,-0.6649947762489319,-0.0055519393645226955,-0.31972476840019226,-0.8942710161209106,-0.05259807035326958,-0.4026244282722473,-1.0647482872009277,-0.081711046397686,0.20353935658931732,-0.9798553586006165,0.07494015246629715,-0.21180082857608795,-1.1477108001708984,-0.029008151963353157,-0.2704077363014221,-0.9291971325874329,-0.1094612255692482,-0.20721814036369324,-0.7794498801231384,-0.15446600317955017,0.18634814023971558,-0.9823576211929321,0.015328170731663704,-0.29794085025787354,-1.08234703540802,-0.07816464453935623,-0.31404614448547363,-0.8257972598075867,-0.11071263253688812,-0.21555249392986298,-0.7174468636512756,-0.1223776564002037,0.11772903800010681,-0.9391908049583435,-0.056726448237895966,-0.3411998152732849,-0.9980757832527161,-0.12444042414426804,-0.3387904763221741,-0.7369556427001953,-0.09622418880462646,-0.2360573261976242,-0.6513015031814575,-0.07429659366607666,0.009691339917480946,-0.8558874130249023,-0.13580222427845,-0.3507862687110901,-0.8403346538543701,-0.19382895529270172,-0.3442966938018799,-0.6367563605308533,-0.18866409361362457,-0.24133719503879547,-0.565315306186676,-0.17267638444900513
FIST,0.0,0.0,0.0,0.1909279078245163,-0.26706114411354065,0.007214854005724192,0.3317229449748993,-0.5218816995620728,-0.03376387804746628,0.4910740554332733,-0.6936451196670532,-0.08680261671543121,0.5888752341270447,-0.87979656457901,-0.12131264805793762,-0.03186819702386856,-0.9900047183036804,0.009519459679722786,0.3972180485725403,-0.9867389798164368,-0.08355642110109329,0.4292309284210205,-0.749941349029541,-0.15746399760246277,0.3402254581451416,-0.6051039099693298,-0.20895175635814667,-0.02136363834142685,-0.9987037181854248,-0.046056654304265976,0.4506426155567169,-0.9486196637153625,-0.12093497812747955,0.45094752311706543,-0.7005544304847717,-0.1492428332567215,0.3469468057155609,-0.576922595500946,-0.17001721262931824,0.036741938441991806,-0.928597092628479,-0.10927744209766388,0.4883071780204773,-0.839688241481781,-0.1695910096168518,0.46525707840919495,-0.5848117470741272,-0.14219865202903748,0.3552486300468445,-0.47277939319610596,-0.12415316700935364,0.12709563970565796,-0.8126952052116394,-0.177469402551651,0.46105724573135376,-0.6873566508293152,-0.20367063581943512,0.43848514556884766,-0.4874841868877411,-0.17677709460258484,0.34421467781066895,-0.40349656343460083,-0.15791478753089905
FIST,0.0,0.0,0.0,0.3167535960674286,-0.34127727150917053,0.00026055294438265264,0.4397891163825989,-0.6472070217132568,-0.04082891345024109,0.5455060005187988,-0.8785877823829651,-0.10158243030309677,0.5084035992622375,-0.9927009344100952,-0.1404314637184143,-0.052937909960746765,-1.038800835609436,0.02128884755074978,0.32211095094680786,-1.1698225736618042,-0.08270228654146194,0.369276225566864,-0.9397109746932983,-0.14810122549533844,0.2824866473674774,-0.8437979221343994,-0.1912718564271927,-0.08990902453660965,-0.9951927065849304,-0.038603078573942184,0.3605872392654419,-1.0412358045578003,-0.12743031978607178,0.3818966746330261,-0.7916581630706787,-0.1455165445804596,0.26821860671043396,-0.746421754360199,-0.1571974903345108,-0.06312687695026398,-0.8893163204193115,-0.11192413419485092,0.3755697011947632,-0.8955786228179932,-0.18190373480319977,0.37821200489997864,-0.6693242192268372,-0.1613750159740448,0.2611112594604492,-0.6278864145278931,-0.1502247154712677,0.012976514175534248,-0.7588034868240356,-0.19175589084625244,0.36074283719062805,-0.723676323890686,-0.22140160202980042,0.3512875437736511,-0.5461580157279968,-0.2081352174282074,0.24887225031852722,-0.4982944130897522,-0.20327222347259521
FIST,0.0,0.0,0.0,0.22687144577503204,0.10327883809804916,-0.2609589695930481,0.3575724959373474,0.0638524740934372,-0.42444291710853577,0.05660802870988846,0.04656026139855385,-0.5372449159622192,-0.23238079249858856,0.01032673753798008,-0.6221275925636292,0.35084855556488037,-0.8337695598602295,-0.35164257884025574,0.08803330361843109,-0.4315456748008728,-0.5588393211364746,0.11663214862346649,-0.18504704535007477,-0.6675577759742737,0.20748113095760345,-0.22267165780067444,-0.7308105230331421,0.103604756295681,-0.9458335638046265,-0.3076378107070923,-0.1479973942041397,-0.4174090325832367,-0.481945276260376,-0.05586876720190048,-0.13415656983852386,-0.5211031436920166,0.03751370683312416,-0.199396550655365,-0.5378037691116333,-0.11964473873376846,-0.8849997520446777,-0.2852838337421417,-0.32832810282707214,-0.3713812828063965,-0.42806652188301086,-0.223968505859375,-0.12855781614780426,-0.3881553113460541,-0.14824000000953674,-0.1995219737291336,-0.35321545600891113,-0.31037798523902893,-0.7424694299697876,-0.28877830505371094,-0.4252207279205322,-0.3317728638648987,-0.38456064462661743,-0.32394611835479736,-0.12320058047771454,-0.3587400019168854,-0.2431853860616684,-0.1499953418970108,-0.3228590488433838
FIST,0.0,0.0,0.0,0.36275434494018555,-0.003974083345383406,-0.14733880758285522,0.6967828273773193,-0.26934587955474854,-0.17906193435192108,0.7501038908958435,-0.7369118928909302,-0.20318913459777832,0.6464669108390808,-1.0055018663406372,-0.1748957335948944,0.9285107851028442,-0.537064790725708,0.02082693949341774,1.024100661277771,-0.9503980875015259,-0.1796606332063675,0.8082391619682312,-0.695650577545166,-0.2740446627140045,0.753519594669342,-0.5159655809402466,-0.3041768968105316,0.7110573053359985,-0.702977180480957,0.013926743529736996,0.7661524415016174,-1.0692764520645142,-0.19999507069587708,0.5848873257637024,-0.703950047492981,-0.24014779925346375,0.5951686501502991,-0.5637412071228027,-0.20633220672607422,0.4868685305118561,-0.8095120191574097,-0.03746680170297623,0.4955805242061615,-1.0623178482055664,-0.27718979120254517,0.36779385805130005,-0.6718847751617432,-0.2483288049697876,0.4083394408226013,-0.5459253787994385,-0.1573268324136734,0.25443193316459656,-0.8569490909576416,-0.10131046921014786,0.28671780228614807,-0.989864706993103,-0.23246648907661438,0.22104011476039886,-0.7096902132034302,-0.1879892647266388,0.23188617825508118,-0.5963859558105469,-0.11176446080207825
FIST,0.0,0.0,0.0,0.3121916353702545,-0.18575051426887512,-0.023877114057540894,0.5029442310333252,-0.4729330539703369,-0.0632503405213356,0.625328540802002,-0.7091556787490845,-0.11374445259571075,0.5494826436042786,-0.7773481607437134,-0.14430363476276398,0.16555458307266235,-1.009969711303711,0.002231500344350934,0.4610109329223633,-1.017157793045044,-0.11023497581481934,0.4564807713031769,-0.7657501101493835,-0.18381309509277344,0.3539331555366516,-0.7175484895706177,-0.23160237073898315,0.07510527223348618,-0.9961394667625427,-0.045237962156534195,0.4327889382839203,-0.9149661064147949,-0.1441788673400879,0.4149651825428009,-0.6506006717681885,-0.16483916342258453,0.3108150064945221,-0.6376310586929321,-0.17286936938762665,0.026853658258914948,-0.8984252214431763,-0.10748627781867981,0.3743894696235657,-0.7521393895149231,-0.1928761601448059,0.35116222500801086,-0.5280246138572693,-0.16974088549613953,0.2513350546360016,-0.5252718925476074,-0.14930029213428497,0.017863746732473373,-0.7483968734741211,-0.17792712152004242,0.3053472340106964,-0.59153813123703,-0.22145909070968628,0.2744752764701843,-0.43307989835739136,-0.20785106718540192,0.17567549645900726,-0.4238106608390808,-0.196634903550148
POINT_LEFT,0.0,0.0,0.0,-0.22208498418331146,-0.43824347853660583,0.05710770934820175,-0.5938915014266968,-0.5977715253829956,0.06117221340537071,-0.8347676396369934,-0.5304164290428162,0.04799420386552811,-0.9617157578468323,-0.35045215487480164,0.02005782164633274,-0.7784370183944702,-0.8212016820907593,-0.029212813824415207,-1.1072078943252563,-0.9481498599052429,-0.07619862258434296,-1.3275147676467896,-1.039521336555481,-0.10758742690086365,-1.510823130607605,-1.1026358604431152,-0.13901452720165253,-0.8197305798530579,-0.5654223561286926,-0.09119860082864761,-1.1462547779083252,-0.3176838159561157,-0.1473345160484314,-1.0116361379623413,-0.22768060863018036,-0.12757426500320435,-0.867253839969635,-0.2675064206123352,-0.1093631386756897,-0.80854332447052,-0.25296440720558167,-0.1436552256345749,-1.0401065349578857,-0.020947670564055443,-0.17278316617012024,-0.9178741574287415,0.013664131984114647,-0.10439203679561615,-0.8048847317695618,-0.04704015329480171,-0.06134994328022003,-0.7664713263511658,0.05231612175703049,-0.19480833411216736,-0.955748438835144,0.20095211267471313,-0.20011332631111145,-0.8395677208900452,0.21771129965782166,-0.13273568451404572,-0.7313032746315002,0.16981104016304016,-0.08017548173666
POINT_LEFT,0.0,0.0,0.0,-0.12317213416099548,-0.5575445294380188,-0.03888125345110893,-0.39792120456695557,-1.0313260555267334,-0.10118363052606583,-0.6009053587913513,-1.4584332704544067,-0.1563073843717575,-0.6389267444610596,-1.845149040222168,-0.22499729692935944,-0.7738171815872192,-0.8737078905105591,-0.18045717477798462,-1.2012898921966553,-0.8719459772109985,-0.24460582435131073,-1.4696156978607178,-0.870785653591156,-0.27852705121040344,-1.6779693365097046,-0.8696045875549316,-0.3059043884277344,-0.8382596969604492,-0.5072517991065979,-0.19998076558113098,-1.2738338708877563,-0.3457134962081909,-0.2634473145008087,-1.1559690237045288,-0.27377259731292725,-0.24306748807430267,-0.9769086241722107,-0.2545594573020935,-0.21928203105926514,-0.8440898656845093,-0.13120275735855103,-0.20924048125743866,-1.134293556213379,-0.02326565608382225,-0.2512311339378357,-0.9944757223129272,-0.0045747277326881886,-0.17378519475460052,-0.8373790383338928,-0.015776552259922028,-0.11642788350582123,-0.8184356093406677,0.2116943597793579,-0.2211010605096817,-1.0376455783843994,0.2631838321685791,-0.22129036486148834,-0.896602988243103,0.27149489521980286,-0.13642993569374084,-0.7698318958282471,0.252174437046051,-0.06937648355960846
POINT_LEFT,0.0,0.0,0.0,-0.1882365345954895,0.1744002252817154,-0.17913508415222168,-0.40634995698928833,0.2649358808994293,-0.32319602370262146,-0.4478945732116699,0.11394654959440231,-0.45297980308532715,-0.4001227915287018,-0.1550968885421753,-0.5711134076118469,-0.8066460490226746,-0.29321908950805664,-0.28224894404411316,-1.1645599603652954,-0.4139637053012848,-0.47711730003356934,-1.3995898962020874,-0.5054817795753479,-0.6009577512741089,-1.6030447483062744,-0.6049304604530334,-0.6909916996955872,-0.7148773074150085,-0.6387686729431152,-0.2844342887401581,-0.6114559769630432,-0.5687040090560913,-0.5170279741287231,-0.41742560267448425,-0.2920680046081543,-0.5550934672355652,-0.3413996994495392,-0.174297034740448,-0.5403063297271729,-0.529390811920166,-0.8331722021102905,-0.30464035272598267,-0.32251182198524475,-0.5916306972503662,-0.4778292179107666,-0.22073513269424438,-0.3316848576068878,-0.413480281829834,-0.22266553342342377,-0.283329576253891,-0.34075745940208435,-0.31284329295158386,-0.9521055221557617,-0.3497278690338135,-0.15078292787075043,-0.7439742088317871,-0.45394524931907654,-0.07977952063083649,-0.4959362745285034,-0.4077703058719635,-0.09578438103199005,-0.42679843306541443,-0.34918779134750366
POINT_LEFT,0.0,0.0,0.0,-0.19549603760242462,0.022838180884718895,-0.31963449716567993,-0.485662043094635,-0.07596251368522644,-0.42851588129997253,-0.7604951858520508,-0.41906723380088806,-0.49517151713371277,-0.9696805477142334,-0.7029858231544495,-0.5403003096580505,-1.011028528213501,0.1666315644979477,-0.18149332702159882,-1.434592366218567,0.2788514196872711,-0.32608526945114136,-1.7225843667984009,0.3374519348144531,-0.41914743185043335,-1.9724453687667847,0.3957853317260742,-0.47828027606010437,-0.9839434027671814,-0.14832480251789093,-0.09914568066596985,-1.2822409868240356,-0.4416465759277344,-0.3377378582954407,-1.0473552942276,-0.4723568260669708,-0.4159596562385559,-0.8669407963752747,-0.3785674571990967,-0.39042845368385315,-0.8737005591392517,-0.40567445755004883,-0.052244871854782104,-0.9768991470336914,-0.7047719955444336,-0.3170139491558075,-0.6932469010353088,-0.6171266436576843,-0.3204529583454132,-0.5523889064788818,-0.46195530891418457,-0.23071549832820892,-0.7144181132316589,-0.5772736072540283,-0.02840379998087883,-0.8391433358192444,-0.8519271612167358,-0.19852550327777863,-0.6342411637306213,-0.7715871334075928,-0.17162419855594635,-0.5100494027137756,-0.612454891204834,-0.09556610137224197
POINT_LEFT,0.0,0.0,0.0,-0.3935385048389435,-0.22523146867752075,-0.002788693644106388,-0.8676818609237671,-0.04029488191008568,-0.10346154123544693,-1.2060654163360596,0.3579910099506378,-0.21188245713710785,-1.449228286743164,0.6677208542823792,-0.336399644613266,-1.080675721168518,-0.34000033140182495,-0.24544741213321686,-1.5518097877502441,-0.21583347022533417,-0.4202060401439667,-1.8711299896240234,-0.1987745761871338,-0.5197045803070068,-2.1288182735443115,-0.19808988273143768,-0.5945364236831665,-0.9265985488891602,-0.18054386973381042,-0.3298516571521759,-1.2776893377304077,0.5376749634742737,-0.5085591673851013,-1.1000759601593018,0.5624694228172302,-0.5008017420768738,-0.9700999855995178,0.39411211013793945,-0.48920440673828125,-0.7269356846809387,0.07087027281522751,-0.4067288935184479,-1.020725965499878,0.7286514639854431,-0.5609709024429321,-0.8671645522117615,0.653486967086792,-0.449868381023407,-0.7683468461036682,0.45200830698013306,-0.36367666721343994,-0.5257701873779297,0.33074963092803955,-0.48159196972846985,-0.7680929899215698,0.829023540019989,-0.5954394340515137,-0.6453902721405029,0.7567612528800964,-0.523711621761322,-0.5556430220603943,0.583793580532074,-0.45623788237571716
POINT_LEFT,0.0,0.0,0.0,-0.3332074284553528,0.2409416288137436,-0.12783734500408173,-0.7287731170654297,0.2260519415140152,-0.19873960316181183,-0.9881904125213623,-0.056959327310323715,-0.27800026535987854,-1.1612666845321655,-0.3416990637779236,-0.35057294368743896,-1.024740219116211,-0.14810539782047272,-0.07305141538381577,-1.4215408563613892,-0.2384430170059204,-0.22076858580112457,-1.681712031364441,-0.30333763360977173,-0.3089582920074463,-1.8952139616012573,-0.37262213230133057,-0.3685097396373749,-0.8876670598983765,-0.4454914331436157,-0.11647205054759979,-1.209553837776184,-0.6478366851806641,-0.37307319045066833,-0.9861188530921936,-0.4333065450191498,-0.4297223389148712,-0.7647503018379211,-0.24706844985485077,-0.39019104838371277,-0.680724561214447,-0.6876415014266968,-0.18137617409229279,-0.8842836618423462,-0.760999858379364,-0.4375198185443878,-0.6283962726593018,-0.44053027033805847,-0.37985965609550476,-0.4372643232345581,-0.23793485760688782,-0.2565005421638489,-0.426868200302124,-0.8803715109825134,-0.2571452558040619,-0.620692253112793,-0.9587563872337341,-0.40783849358558655,-0.48577654361724854,-0.6986095309257507,-0.3375431001186371,-0.3641071319580078,-0.508165180683136,-0.23923949897289276
POINT_LEFT,0.0,0.0,0.0,0.015977002680301666,-0.44008728861808777,-0.11784195154905319,-0.08880508691072464,-0.8573513031005859,-0.23278473317623138,-0.24209198355674744,-1.0982333421707153,-0.35553109645843506,-0.4396218955516815,-1.055853247642517,-0.4711013734340668,-0.6988990306854248,-0.8222836852073669,-0.18753811717033386,-1.06260347366333,-0.9539002776145935,-0.3431522846221924,-1.3141576051712036,-1.0208730697631836,-0.4328131377696991,-1.5449458360671997,-1.0498071908950806,-0.4946604073047638,-0.7865574955940247,-0.576815664768219,-0.2204488068819046,-0.6204006671905518,-0.9505468606948853,-0.4431186318397522,-0.3208770453929901,-0.845649778842926,-0.4825584292411804,-0.2487381100654602,-0.6882246136665344,-0.4676913917064667,-0.781438410282135,-0.3278142511844635,-0.26345294713974,-0.5678814649581909,-0.7122244238853455,-0.4801182448863983,-0.3020034730434418,-0.5892982482910156,-0.4210389256477356,-0.2504219710826874,-0.42649126052856445,-0.3347306251525879,-0.7263301610946655,-0.08292753249406815,-0.318421870470047,-0.5688197612762451,-0.42954328656196594,-0.45307883620262146,-0.3637407720088959,-0.3936048746109009,-0.3939990997314453,-0.30534201860427856,-0.2714454233646393,-0.3166760802268982
POINT_LEFT,0.0,0.0,0.0,-0.38349273800849915,0.13062730431556702,0.05240148678421974,-0.6341695785522461,-0.014124361798167229,0.055075183510780334,-0.6926748156547546,-0.30559638142585754,0.0472162626683712,-0.607295572757721,-0.5016360282897949,0.029782366007566452,-0.7747443914413452,-0.5029876828193665,-0.046130649745464325,-1.0802404880523682,-0.7568098902702332,-0.03837935999035835,-1.2664155960083008,-0.916053831577301,-0.040709033608436584,-1.4015973806381226,-1.0456182956695557,-0.055612556636333466,-0.6303597092628479,-0.7726629972457886,-0.07499608397483826,-0.6679278612136841,-0.7774590849876404,-0.016705386340618134,-0.6111249923706055,-0.658021867275238,0.02358783595263958,-0.5426034331321716,-0.5872960686683655,0.02743634581565857,-0.4136444926261902,-0.8974911570549011,-0.08926717191934586,-0.45823904871940613,-0.7908211350440979,-0.025653522461652756,-0.4257395565509796,-0.6908431649208069,0.019445179030299187,-0.3729616701602936,-0.623087465763092,0.02153015322983265,-0.20840327441692352,-0.9516111612319946,-0.10186909884214401,-0.2638081908226013,-0.8923805952072144,-0.025660375133156776,-0.24290746450424194,-0.7880350351333618,0.04326721653342247,-0.2002353072166443,-0.7040019035339355,0.0802994966506958
POINT_LEFT,0.0,0.0,0.0,-0.08715198189020157,-0.5465337634086609,0.0005906667793169618,-0.2738238275051117,-0.8046659827232361,-0.07689759880304337,-0.42453041672706604,-1.020189881324768,-0.19668644666671753,-0.6122113466262817,-1.1033234596252441,-0.30781182646751404,-0.9492424130439758,-0.3758830428123474,-0.009499609470367432,-1.2862216234207153,-0.44834956526756287,-0.13803549110889435,-1.5485007762908936,-0.4832559823989868,-0.22346551716327667,-1.7741446495056152,-0.4919716417789459,-0.2905551791191101,-0.9623659253120422,-0.2449638992547989,-0.11759448796510696,-0.9211135506629944,-0.9804491996765137,-0.33395054936408997,-0.6358792185783386,-0.940324068069458,-0.3782656788825989,-0.5716823935508728,-0.6954573392868042,-0.3633703887462616,-0.900402843952179,-0.19088293612003326,-0.23362965881824493,-0.7993924617767334,-0.9088388085365295,-0.4284970164299011,-0.5223442316055298,-0.8138942718505859,-0.3696153461933136,-0.47976788878440857,-0.5598983764648438,-0.29028066992759705,-0.7848501801490784,-0.19508878886699677,-0.355418860912323,-0.6843343377113342,-0.7802879810333252,-0.4644339680671692,-0.46799954771995544,-0.7068619132041931,-0.40031298995018005,-0.414901465177536,-0.4841678738594055,-0.3294719457626343
POINT_LEFT,0.0,0.0,0.0,-0.019926905632019043,-0.4426448345184326,-0.11512088030576706,-0.18585696816444397,-0.8763447999954224,-0.20837698876857758,-0.37534865736961365,-1.1315706968307495,-0.30858325958251953,-0.5036822557449341,-0.9893895387649536,-0.40467509627342224,-0.8064432144165039,-0.7434162497520447,-0.15200982987880707,-1.1872408390045166,-0.8234478235244751,-0.3025241792201996,-1.439985990524292,-0.8580412864685059,-0.39102357625961304,-1.6705061197280884,-0.8522571921348572,-0.45218271017074585,-0.8624396920204163,-0.4694405794143677,-0.18921342492103577,-0.8860397338867188,-0.8773186206817627,-0.4412672817707062,-0.5564053654670715,-0.849984884262085,-0.49617472290992737,-0.39970627427101135,-0.7055275440216064,-0.4711664021015167,-0.849849283695221,-0.20629018545150757,-0.23727725446224213,-0.7152450680732727,-0.5936306118965149,-0.4715028405189514,-0.42652270197868347,-0.4961341619491577,-0.42753949761390686,-0.33587926626205444,-0.32775336503982544,-0.3341756761074066,-0.7940933704376221,0.05270819365978241,-0.296435683965683,-0.6877748966217041,-0.2855606973171234,-0.42649009823799133,-0.4734205901622772,-0.2645600438117981,-0.37173742055892944,-0.4020008444786072,-0.14128372073173523,-0.2947935163974762
POINT_RIGHT,0.0,0.0,0.0,-0.02706092596054077,-0.47514045238494873,-0.13865044713020325,0.07489694654941559,-0.8764819502830505,-0.2589994966983795,0.2498646080493927,-1.0872106552124023,-0.38876351714134216,0.477048397064209,-1.0475438833236694,-0.5098755359649658,0.6982136368751526,-0.8795346617698669,-0.13864226639270782,1.0911059379577637,-1.0740636587142944,-0.3115135133266449,1.327567458152771,-1.1813689470291138,-0.4128853380680084,1.5330815315246582,-1.2615761756896973,-0.48371753096580505,0.7854127287864685,-0.5961005687713623,-0.16663134098052979,0.7118825316429138,-0.9311739802360535,-0.44014739990234375,0.4051017165184021,-0.8002583384513855,-0.48823660612106323,0.26308587193489075,-0.6179469227790833,-0.4547312557697296,0.7956637144088745,-0.32259005308151245,-0.21775980293750763,0.6228630542755127,-0.6235795021057129,-0.446882426738739,0.36287298798561096,-0.4891575574874878,-0.3756527900695801,0.29139697551727295,-0.3448885381221771,-0.2661672830581665,0.7574059963226318,-0.039213139563798904,-0.28671979904174805,0.6081444025039673,-0.29969024658203125,-0.4123234152793884,0.4315316081047058,-0.2397027462720871,-0.35509419441223145,0.4058856964111328,-0.14036700129508972,-0.271921306848526
POINT_RIGHT,0.0,0.0,0.0,-0.0705542117357254,-0.46150442957878113,-0.10555371642112732,0.006653846241533756,-0.8290073275566101,-0.20477023720741272,0.12278824299573898,-1.0597516298294067,-0.31699416041374207,0.2972840964794159,-1.059514045715332,-0.42415088415145874,0.6542320847511292,-0.8733692169189453,-0.11240514367818832,0.998313844203949,-1.1069252490997314,-0.27311787009239197,1.2266032695770264,-1.2659231424331665,-0.38197195529937744,1.4208444356918335,-1.3876813650131226,-0.46354344487190247,0.7515193819999695,-0.6420691609382629,-0.15148897469043732,0.5568012595176697,-1.0127559900283813,-0.39242053031921387,0.28858375549316406,-0.8909066319465637,-0.44027599692344666,0.2048168182373047,-0.7093386054039001,-0.4207410216331482,0.7390038371086121,-0.40663179755210876,-0.2095554620027542,0.4628477394580841,-0.7433348298072815,-0.40835699439048767,0.24538502097129822,-0.6230073571205139,-0.33640316128730774,0.21110893785953522,-0.4804232716560364,-0.23971599340438843,0.6529377698898315,-0.17098025977611542,-0.28545624017715454,0.41455769538879395,-0.4297568202018738,-0.4021701216697693,0.2544753849506378,-0.3787877857685089,-0.34842416644096375,0.2470526546239853,-0.2826523184776306,-0.27150970697402954
POINT_RIGHT,0.0,0.0,0.0,-0.13034123182296753,-0.19603462517261505,-0.29563403129577637,-0.07083260267972946,-0.3759106695652008,-0.4766823649406433,0.1742958128452301,-0.1795099973678589,-0.6166509389877319,0.41824379563331604,-0.010416925884783268,-0.7318218946456909,0.44403618574142456,-0.8940962553024292,-0.3983379900455475,0.8794617652893066,-1.0650091171264648,-0.6259788274765015,1.1821045875549316,-1.1193785667419434,-0.7741619348526001,1.4536402225494385,-1.1739333868026733,-0.8823371529579163,0.6204386949539185,-0.7066681385040283,-0.3400859832763672,0.6320990324020386,-0.3254823386669159,-0.6292349100112915,0.3634187877178192,-0.0991513729095459,-0.6827237010002136,0.2539655566215515,-0.14567451179027557,-0.6834468245506287,0.6987713575363159,-0.4814925491809845,-0.3106115162372589,0.7004010677337646,-0.11402852833271027,-0.5574231147766113,0.4671517014503479,-0.00020567259343806654,-0.5102987885475159,0.3791602849960327,-0.13723152875900269,-0.44182872772216797,0.7183930277824402,-0.2443239390850067,-0.3122929334640503,0.7195984125137329,0.05844538286328316,-0.5077734589576721,0.5450146794319153,0.11666061729192734,-0.5090191960334778,0.4376921057701111,-0.022388633340597153,-0.46977517008781433
POINT_RIGHT,0.0,0.0,0.0,0.3072531223297119,0.16730310022830963,-0.3990691006183624,0.6671634912490845,0.3304298222064972,-0.45400184392929077,0.9900673031806946,0.5028737783432007,-0.41164708137512207,1.2765616178512573,0.5853580236434937,-0.31916165351867676,0.9115819334983826,-0.48681676387786865,-0.21331065893173218,1.3544833660125732,-0.5899360775947571,-0.2528848350048065,1.645772099494934,-0.6914798617362976,-0.27855807542800903,1.8705440759658813,-0.8085957169532776,-0.2912991940975189,0.9165593385696411,-0.3998618721961975,-0.0018542392645031214,1.2831549644470215,-0.07344182580709457,-0.09947781264781952,1.1665031909942627,0.20941397547721863,-0.15547403693199158,1.015066385269165,0.2650091052055359,-0.15185245871543884,0.8991649150848389,-0.27585211396217346,0.1734762340784073,1.2195472717285156,0.03389981761574745,0.03821798413991928,1.0956076383590698,0.2569350600242615,-0.04123535007238388,0.9835182428359985,0.235115185379982,-0.04075663536787033,0.8530512452125549,-0.16443373262882233,0.32284075021743774,1.0886818170547485,0.11155148595571518,0.22689899802207947,1.0512291193008423,0.27371448278427124,0.16556651890277863,0.9461987018585205,0.22639736533164978,0.15750780701637268
POINT_RIGHT,0.0,0.0,0.0,0.39754220843315125,0.07011864334344864,-0.20679835975170135,0.7156925201416016,0.3408845067024231,-0.19045820832252502,0.9117509126663208,0.7259718775749207,-0.1510557383298874,1.046486735343933,0.9789572358131409,-0.08834251016378403,1.0929490327835083,-0.043582990765571594,0.1956748217344284,1.3641843795776367,-0.02593958005309105,0.20510707795619965,1.5775666236877441,-0.03331124037504196,0.17960453033447266,1.731964349746704,-0.021146846935153008,0.1627276986837387,0.9430059194564819,0.17100760340690613,0.28543663024902344,1.1399141550064087,0.6459975242614746,0.1647033393383026,0.9950370788574219,0.659564197063446,0.05027279257774353,0.8298128247261047,0.5808966159820557,0.05016599968075752,0.7586926817893982,0.35971710085868835,0.33758634328842163,0.8342714905738831,0.7658967971801758,0.1843119114637375,0.6796351671218872,0.6863863468170166,0.0652119517326355,0.5895099639892578,0.549168050289154,0.06883522868156433,0.5626145005226135,0.4257296323776245,0.37723302841186523,0.6254371404647827,0.7379922270774841,0.2781888544559479,0.5231299996376038,0.684450089931488,0.21743828058242798,0.4590524435043335,0.5729044079780579,0.22464749217033386
POINT_RIGHT,0.0,0.0,0.0,0.37408801913261414,0.10110177844762802,0.08704293519258499,0.608476459980011,-0.05060909315943718,0.10088907927274704,0.7332682609558105,-0.2882906198501587,0.08888441324234009,0.7725536227226257,-0.47629109025001526,0.06701748818159103,0.9168657064437866,-0.253316730260849,0.012551313266158104,1.3087774515151978,-0.4396224915981293,-0.0037645103875547647,1.5429996252059937,-0.5651893019676208,-0.015362704172730446,1.7192931175231934,-0.6778616905212402,-0.027137070894241333,0.8404379487037659,-0.5406603813171387,-0.036500561982393265,0.9425982236862183,-0.6815846562385559,-0.020064080134034157,0.8172734379768372,-0.595852792263031,0.012313026934862137,0.7267963886260986,-0.4930400252342224,0.02913673408329487,0.6781608462333679,-0.7382292151451111,-0.07141686230897903,0.6657179594039917,-0.776108980178833,-0.025047611445188522,0.5723181962966919,-0.6733081936836243,0.0302241463214159,0.49902406334877014,-0.5793231129646301,0.05045653134584427,0.49010270833969116,-0.9009941220283508,-0.10427673161029816,0.4861396253108978,-0.8920825719833374,-0.04329561069607735,0.40431317687034607,-0.7852301001548767,0.024149352684617043,0.3360438942909241,-0.6959631443023682,0.07236793637275696
POINT_RIGHT,0.0,0.0,0.0,0.35706785321235657,-0.3387477993965149,0.028074735775589943,0.7938984036445618,-0.30782437324523926,-0.015973685309290886,1.1369093656539917,-0.0750088319182396,-0.07239743322134018,1.345496654510498,0.14414377510547638,-0.12724876403808594,0.9712918400764465,-0.4708541929721832,-0.13824884593486786,1.464739203453064,-0.3938298225402832,-0.2252391278743744,1.7552281618118286,-0.3364681005477905,-0.2645232677459717,1.9928843975067139,-0.2963179647922516,-0.2949126362800598,0.9583850502967834,-0.1899934560060501,-0.2130223512649536,1.2213460206985474,0.27262789011001587,-0.3125476539134979,1.05083167552948,0.32881972193717957,-0.30268704891204834,0.9129038453102112,0.22095119953155518,-0.284100204706192,0.8675653338432312,0.14373233914375305,-0.2746039032936096,1.0183886289596558,0.5490606427192688,-0.31915074586868286,0.8595408201217651,0.5316591858863831,-0.222848042845726,0.7595518231391907,0.41332536935806274,-0.1616378128528595,0.746740460395813,0.44828546047210693,-0.3403191864490509,0.8482107520103455,0.7445452809333801,-0.3145933151245117,0.7020455002784729,0.7130212783813477,-0.21264906227588654,0.6151723265647888,0.6137815117835999,-0.14315888285636902
POINT_RIGHT,0.0,0.0,0.0,0.2699195146560669,0.28999149799346924,-0.21822123229503632,0.6664205193519592,0.4050692915916443,-0.3006894588470459,0.9634249210357666,0.14187365770339966,-0.36373448371887207,1.1874868869781494,-0.1412489265203476,-0.4102245271205902,1.0971397161483765,0.14502066373825073,-0.13960590958595276,1.562309741973877,0.08332222700119019,-0.29476988315582275,1.8414682149887085,0.04277690500020981,-0.3567262887954712,2.076538324356079,-0.0435408353805542,-0.3912007510662079,0.9766952991485596,-0.17468450963497162,-0.12461910396814346,1.1909699440002441,-0.2857856750488281,-0.3542819619178772,0.8258730173110962,-0.07986414432525635,-0.3594111502170563,0.7033384442329407,-0.0005813645548187196,-0.29605647921562195,0.8130470514297485,-0.44347140192985535,-0.14180122315883636,0.9466511607170105,-0.5284516215324402,-0.4225980341434479,0.6034796833992004,-0.2621290385723114,-0.3369767963886261,0.5261044502258301,-0.19482314586639404,-0.20041410624980927,0.6074897050857544,-0.7057943344116211,-0.17442724108695984,0.7568971514701843,-0.7596948742866516,-0.361028254032135,0.5333032011985779,-0.5215772390365601,-0.2752187252044678,0.44228342175483704,-0.46286553144454956,-0.1609988510608673
POINT_RIGHT,0.0,0.0,0.0,0.3933490216732025,0.30187731981277466,-0.12628106772899628,0.8819593191146851,0.34958282113075256,-0.14246904850006104,1.2591406106948853,0.04364222288131714,-0.16496707499027252,1.4433976411819458,-0.33925169706344604,-0.18496111035346985,1.0527251958847046,0.240800678730011,0.1427467316389084,1.3602473735809326,0.2550164759159088,0.09675014019012451,1.586736798286438,0.22395378351211548,0.05608382448554039,1.7806249856948853,0.14373335242271423,0.013777955435216427,0.9842203259468079,-0.11470886319875717,0.13463442027568817,1.3242651224136353,-0.30157470703125,0.0002379289799137041,1.074134349822998,-0.11784123629331589,-0.05483536794781685,0.9264816641807556,-0.04230472445487976,-0.04051091521978378,0.8338372111320496,-0.4284442067146301,0.1015067920088768,1.1268949508666992,-0.5540732741355896,-0.13375955820083618,0.814195990562439,-0.25914907455444336,-0.11899393051862717,0.6387254595756531,-0.17659398913383484,-0.03212228789925575,0.6278672218322754,-0.7414110898971558,0.06501927226781845,0.8640891313552856,-0.7889988422393799,-0.12642256915569305,0.6708106994628906,-0.5339908003807068,-0.0978318601846695,0.5352131724357605,-0.43280473351478577,-0.027561882510781288
POINT_RIGHT,0.0,0.0,0.0,0.23178444802761078,0.394696980714798,-0.17624697089195251,0.6788170337677002,0.6156288981437683,-0.242287278175354,1.0681393146514893,0.4197883605957031,-0.30032625794410706,1.2906187772750854,0.08066610991954803,-0.36045581102371216,1.0414026975631714,0.3648931086063385,-0.07572848349809647,1.4111987352371216,0.4011424779891968,-0.18348750472068787,1.67570960521698,0.3903505206108093,-0.24390096962451935,1.9074515104293823,0.3355919122695923,-0.2943130135536194,0.9965358972549438,0.027762942016124725,-0.07826022058725357,1.3524720668792725,0.025032028555870056,-0.2847166955471039,1.0519962310791016,0.1934879869222641,-0.3442527651786804,0.8390437960624695,0.22951477766036987,-0.32421448826789856,0.868941605091095,-0.2730795443058014,-0.09842473268508911,1.1150916814804077,-0.21006575226783752,-0.37171000242233276,0.7554321885108948,0.0033188906963914633,-0.3383646309375763,0.5576058030128479,0.011224750429391861,-0.2362598031759262,0.6872397661209106,-0.5850287079811096,-0.12529920041561127,0.8867342472076416,-0.4593133330345154,-0.33656129240989685,0.6561727523803711,-0.2513670325279236,-0.29770562052726746,0.5068919062614441,-0.23932862281799316,-0.2180788218975067
THUMBS_UP,0.0,0.0,0.0,-0.23832641541957855,-0.5871360301971436,-0.22604411840438843,-0.205598384141922,-1.2575838565826416,-0.29151809215545654,-0.10422877967357635,-1.7189043760299683,-0.31959569454193115,-0.010864825919270515,-2.1156811714172363,-0.3093284070491791,0.32857632637023926,-1.1935056447982788,-0.1855834722518921,-0.15642546117305756,-1.0464636087417603,-0.362278550863266,-0.19757956266403198,-0.824743926525116,-0.46893101930618286,-0.027172408998012543,-0.8220465183258057,-0.5339621305465698,0.4909025728702545,-0.8574531078338623,-0.15413402020931244,-0.07604719698429108,-0.6312076449394226,-0.2967572808265686,-0.08996681123971939,-0.5224690437316895,-0.3286294937133789,0.08008294552564621,-0.5753325819969177,-0.34654098749160767,0.5520492196083069,-0.4649575352668762,-0.1576869934797287,0.022329699248075485,-0.25317901372909546,-0.318490207195282,0.00235787034034729,-0.21751658618450165,-0.2841637134552002,0.1563887745141983,-0.28608763217926025,-0.24049334228038788,0.5532859563827515,-0.09049820154905319,-0.1870844066143036,0.14104051887989044,0.06195828691124916,-0.31726235151290894,0.12862008810043335,0.06334084272384644,-0.3213295042514801,0.2679328918457031,0.019720712676644325,-0.29981526732444763
THUMBS_UP,0.0,0.0,0.0,-0.0604354590177536,-0.5879414677619934,-0.003825498977676034,-0.2179453819990158,-1.1943484544754028,-0.08814401179552078,-0.27491509914398193,-1.6836787462234497,-0.1784856766462326,-0.22562839090824127,-2.0621702671051025,-0.2743193507194519,-0.44691407680511475,-1.1646827459335327,-0.2589377164840698,-0.9915658235549927,-1.125612735748291,-0.4008941352367401,-0.871633768081665,-0.9518203139305115,-0.4498700201511383,-0.673780083656311,-0.9259435534477234,-0.4675494432449341,-0.5052729845046997,-0.7992486357688904,-0.3253941833972931,-1.0507878065109253,-0.7445041537284851,-0.4327714145183563,-0.8871693015098572,-0.6272996664047241,-0.4018688201904297,-0.6867242455482483,-0.6273002028465271,-0.3870958685874939,-0.5514003038406372,-0.4094274342060089,-0.38627755641937256,-1.02633798122406,-0.3605370819568634,-0.4782506227493286,-0.8481552600860596,-0.281735360622406,-0.3900752663612366,-0.6522433757781982,-0.29045215249061584,-0.3335820436477661,-0.5915088653564453,-0.02616541087627411,-0.44359123706817627,-0.9518963694572449,0.0037250558380037546,-0.5098029375076294,-0.7942168712615967,0.032268136739730835,-0.44693723320961,-0.6200101375579834,0.013785726390779018,-0.3948426842689514
THUMBS_UP,0.0,0.0,0.0,-0.08568282425403595,-0.6380413174629211,-0.061578866094350815,-0.2474452406167984,-1.070540428161621,-0.12585729360580444,-0.4438062906265259,-1.4061765670776367,-0.18498702347278595,-0.5465598702430725,-1.705614447593689,-0.2427036613225937,-0.8463510870933533,-0.7494702339172363,-0.10599187016487122,-0.8359230160713196,-0.7926420569419861,-0.13826356828212738,-0.664811909198761,-0.731784999370575,-0.2017100602388382,-0.5651357173919678,-0.6589913964271545,-0.2573300302028656,-0.9190713763237,-0.37992262840270996,-0.10463771969079971,-0.8594353199005127,-0.44632434844970703,-0.06795130670070648,-0.7104232907295227,-0.41996902227401733,-0.08382126688957214,-0.6187220811843872,-0.35244911909103394,-0.13220247626304626,-0.8966342210769653,-0.04568027704954147,-0.0987991988658905,-0.8519596457481384,-0.13629117608070374,-0.06753084808588028,-0.7244448065757751,-0.12388066947460175,-0.04531140252947807,-0.6217175722122192,-0.06535814702510834,-0.06100177392363548,-0.841282069683075,0.2417943924665451,-0.10036519169807434,-0.8224256634712219,0.16051343083381653,-0.07917880266904831,-0.7019097805023193,0.13566890358924866,-0.029055418446660042,-0.6060766577720642,0.15970739722251892,0.002478518523275852
THUMBS_UP,0.0,0.0,0.0,-0.035528652369976044,-0.49938279390335083,-0.00822455808520317,-0.12076488137245178,-0.9725104570388794,-0.08291561156511307,-0.2000723034143448,-1.3780021667480469,-0.1609237790107727,-0.2099560797214508,-1.70805823802948,-0.240014910697937,-0.48749759793281555,-1.0741101503372192,-0.18030908703804016,-0.9215806722640991,-0.963866651058197,-0.2631065547466278,-0.8284870982170105,-0.7815108895301819,-0.2816910743713379,-0.6751411557197571,-0.7514851093292236,-0.2870871424674988,-0.5711297988891602,-0.7888393402099609,-0.2269975244998932,-0.9837899208068848,-0.6412838697433472,-0.28496867418289185,-0.8557766675949097,-0.5051750540733337,-0.25253769755363464,-0.7003199458122253,-0.516769289970398,-0.24099600315093994,-0.6260539293289185,-0.4630676209926605,-0.26752665638923645,-0.9660499691963196,-0.33222684264183044,-0.31094250082969666,-0.832876443862915,-0.22238275408744812,-0.2311350405216217,-0.6842299699783325,-0.2414143830537796,-0.19044193625450134,-0.662941575050354,-0.13050247728824615,-0.3075489401817322,-0.9290953278541565,-0.05439526587724686,-0.34014230966567993,-0.7871319055557251,0.01819135807454586,-0.27845072746276855,-0.6431970000267029,0.0024164742790162563,-0.23043964803218842
THUMBS_UP,0.0,0.0,0.0,-0.022078225389122963,-0.4730442464351654,-0.14842824637889862,0.1286025494337082,-0.9562804698944092,-0.2176123857498169,0.27201998233795166,-1.2944557666778564,-0.27737128734588623,0.3695180416107178,-1.5848751068115234,-0.3115185499191284,0.7153170704841614,-0.8295454978942871,-0.05770765244960785,0.6537157297134399,-0.8875060081481934,-0.20696906745433807,0.46197959780693054,-0.7952632308006287,-0.3074205815792084,0.4075241684913635,-0.7178968191146851,-0.36729690432548523,0.8460953831672668,-0.5299588441848755,-0.05691571533679962,0.6681952476501465,-0.5227745771408081,-0.1868657022714615,0.44054651260375977,-0.46920618414878845,-0.22884418070316315,0.42379462718963623,-0.44195494055747986,-0.23987694084644318,0.8618580102920532,-0.21105575561523438,-0.08724427223205566,0.6208522915840149,-0.18731999397277832,-0.21565097570419312,0.42495155334472656,-0.18117685616016388,-0.19496263563632965,0.438610315322876,-0.18810325860977173,-0.163198322057724,0.8198525309562683,0.09753318876028061,-0.137125164270401,0.5920121073722839,0.10384558141231537,-0.21331621706485748,0.41584303975105286,0.07646337896585464,-0.19585728645324707,0.4066826403141022,0.04721364378929138,-0.16713924705982208
THUMBS_UP,0.0,0.0,0.0,0.11118843406438828,-0.637875497341156,-0.1696428656578064,-0.023833928629755974,-1.2479106187820435,-0.2569635808467865,-0.18083159625530243,-1.6680399179458618,-0.3266979157924652,-0.35455620288848877,-2.0671401023864746,-0.38648521900177,-0.619124174118042,-1.0718263387680054,-0.27515456080436707,-0.05185975134372711,-1.0552276372909546,-0.4687221944332123,0.05801400914788246,-0.8758906722068787,-0.6044893860816956,-0.07596772164106369,-0.8129581212997437,-0.7049267292022705,-0.7333190441131592,-0.6205176115036011,-0.2777954638004303,-0.007519425358623266,-0.5953901410102844,-0.40602293610572815,0.06719835102558136,-0.5170652270317078,-0.4485011398792267,-0.06835465133190155,-0.48883286118507385,-0.511610746383667,-0.7077088952064514,-0.18090780079364777,-0.2981147766113281,-0.06239089369773865,-0.182338148355484,-0.41990017890930176,0.008416376076638699,-0.15916980803012848,-0.3852653503417969,-0.1221923828125,-0.13841508328914642,-0.3809129297733307,-0.6237510442733765,0.2148248553276062,-0.3415074348449707,-0.1495521515607834,0.1824685037136078,-0.4566621482372284,-0.08740820735692978,0.14972566068172455,-0.4618784189224243,-0.20345734059810638,0.16595707833766937,-0.4632495939731598
THUMBS_UP,0.0,0.0,0.0,-0.10679709911346436,-0.5271578431129456,-0.02969595044851303,-0.10650370270013809,-0.9646970629692078,-0.09553182125091553,-0.13216090202331543,-1.335068702697754,-0.1616596281528473,-0.24028882384300232,-1.5956614017486572,-0.22198063135147095,0.475250244140625,-1.027929425239563,-0.05351463332772255,0.5596387982368469,-1.2239270210266113,-0.052512023597955704,0.4333057403564453,-1.133054494857788,-0.07347604632377625,0.3459036350250244,-1.0025559663772583,-0.09512411057949066,0.6235547065734863,-0.7802417278289795,-0.048855774104595184,0.6210250854492188,-0.9521708488464355,0.00260968878865242,0.5045621991157532,-0.8899073004722595,0.012880926951766014,0.4358454644680023,-0.7693146467208862,-0.00836728885769844,0.6770135164260864,-0.5187565088272095,-0.03747032582759857,0.6431012153625488,-0.6955487728118896,0.021614067256450653,0.5453347563743591,-0.6490452289581299,0.05254993215203285,0.4626193046569824,-0.5397722721099854,0.04352427273988724,0.6955131888389587,-0.3004680573940277,-0.028843015432357788,0.663181722164154,-0.4608052372932434,0.02414020337164402,0.5762538909912109,-0.4249431788921356,0.07969877868890762,0.5094152688980103,-0.33858034014701843,0.10934489220380783
THUMBS_UP,0.0,0.0,0.0,0.1560518592596054,-0.6078187227249146,-0.03771933913230896,0.3967156708240509,-1.0792447328567505,-0.1313997060060501,0.5596029162406921,-1.5143918991088867,-0.22158938646316528,0.5886191725730896,-1.9052547216415405,-0.29447293281555176,0.8460884094238281,-0.8184051513671875,-0.17277689278125763,1.2226680517196655,-0.7725276350975037,-0.22147220373153687,1.0599147081375122,-0.7060020565986633,-0.23442089557647705,0.882495105266571,-0.7056090235710144,-0.24027147889137268,0.8920413851737976,-0.4084406793117523,-0.19344638288021088,1.1913665533065796,-0.4280219078063965,-0.1717025190591812,1.0372506380081177,-0.41492483019828796,-0.12836092710494995,0.8699963688850403,-0.40767475962638855,-0.12354984879493713,0.8668081760406494,-0.03310050442814827,-0.2065584361553192,1.0991092920303345,-0.10690482705831528,-0.16370198130607605,0.9735743403434753,-0.09421888738870621,-0.08099362999200821,0.8160045146942139,-0.07527174800634384,-0.05746566504240036,0.8159680366516113,0.28535497188568115,-0.22209933400154114,0.9845961332321167,0.17863886058330536,-0.17368446290493011,0.8722322583198547,0.17339016497135162,-0.08202001452445984,0.750801146030426,0.20010869204998016,-0.028348077088594437
THUMBS_UP,0.0,0.0,0.0,-0.29836466908454895,-0.30511388182640076,-0.07829706370830536,-0.464680016040802,-0.6469048261642456,-0.14620155096054077,-0.5907400846481323,-0.9502922296524048,-0.20040766894817352,-0.7242411375045776,-1.143072485923767,-0.24291284382343292,0.02055189572274685,-1.0344947576522827,-0.11744586378335953,-0.04134558513760567,-1.369086503982544,-0.12195061892271042,-0.13372449576854706,-1.196386456489563,-0.13142217695713043,-0.14983271062374115,-1.01070237159729,-0.14186646044254303,0.22738958895206451,-0.9703420996665955,-0.08195510506629944,0.1295640468597412,-1.2400000095367432,-0.05567578598856926,0.036460574716329575,-1.1016747951507568,-0.04530465602874756,0.02087111957371235,-0.9480646848678589,-0.05740441754460335,0.3514077365398407,-0.8346474766731262,-0.04156625270843506,0.2454962581396103,-1.0487068891525269,-0.010752225294709206,0.16979286074638367,-0.9435995817184448,0.008871309459209442,0.14586696028709412,-0.801995575428009,0.0006384453736245632,0.4296244978904724,-0.6983859539031982,-0.005334873683750629,0.33659684658050537,-0.8695175647735596,0.01611560396850109,0.27449294924736023,-0.7873314619064331,0.05024408549070358,0.25378599762916565,-0.6717700362205505,0.06977016478776932
THUMBS_UP,0.0,0.0,0.0,-0.0980079397559166,-0.6261504292488098,-0.02000321075320244,0.06509849429130554,-1.1042448282241821,-0.022146891802549362,0.23688066005706787,-1.4931833744049072,-0.023589694872498512,0.2916153371334076,-1.8371912240982056,-0.02343398705124855,0.6528386473655701,-0.9482434391975403,0.13494138419628143,0.5319444537162781,-0.9808952808380127,0.23523938655853271,0.37091273069381714,-0.9004366397857666,0.23032955825328827,0.2841305136680603,-0.8117061257362366,0.2039792835712433,0.7627002000808716,-0.6266897320747375,0.15979363024234772,0.6120057106018066,-0.6814106702804565,0.33333611488342285,0.4864385724067688,-0.6542755365371704,0.32028648257255554,0.42397522926330566,-0.5583333373069763,0.25451210141181946,0.7468093633651733,-0.30933237075805664,0.18997828662395477,0.6333797574043274,-0.39882156252861023,0.33903947472572327,0.5245499610900879,-0.388161838054657,0.32552632689476013,0.44544607400894165,-0.3172021210193634,0.26178523898124695,0.6878305673599243,-0.04328659921884537,0.21806466579437256,0.6043015122413635,-0.12127310037612915,0.34078729152679443,0.5106869339942932,-0.1271558403968811,0.3843786120414734,0.43579187989234924,-0.07688117772340775,0.38680964708328247
OPEN_PALM,0.0,0.0,0.0,0.2984093725681305,-0.15873399376869202,-0.13340337574481964,0.5452651381492615,-0.41306689381599426,-0.2088608592748642,0.7355737090110779,-0.6183933615684509,-0.2778918445110321,0.892249584197998,-0.768618643283844,-0.3508855104446411,0.2847665846347809,-0.9515552520751953,-0.15164297819137573,0.34447377920150757,-1.3548222780227661,-0.25662848353385925,0.37120768427848816,-1.6057381629943848,-0.33827105164527893,0.38958168029785156,-1.8303806781768799,-0.3972412049770355,0.09022393822669983,-0.9822291135787964,-0.16453957557678223,0.1015472412109375,-1.4310773611068726,-0.2536228895187378,0.10774976015090942,-1.7156295776367188,-0.32892438769340515,0.10899781435728073,-1.9605110883712769,-0.38582083582878113,-0.08873772621154785,-0.9089460372924805,-0.1918048858642578,-0.11646192520856857,-1.3162707090377808,-0.27794596552848816,-0.12677596509456635,-1.5823653936386108,-0.34003376960754395,-0.12777076661586761,-1.8234280347824097,-0.38520199060440063,-0.2543664276599884,-0.7521117329597473,-0.2321486473083496,-0.34186291694641113,-1.0338973999023438,-0.31523701548576355,-0.38821280002593994,-1.237030267715454,-0.35310688614845276,-0.4160446524620056,-1.4387620687484741,-0.3771147131919861
OPEN_PALM,0.0,0.0,0.0,-0.24290981888771057,-0.22011838853359222,-0.08899199962615967,-0.43582025170326233,-0.48704901337623596,-0.14998604357242584,-0.586100697517395,-0.7062544822692871,-0.21025948226451874,-0.7336152195930481,-0.842680811882019,-0.27262866497039795,-0.11863777786493301,-0.988845705986023,-0.053458891808986664,-0.14411798119544983,-1.3563083410263062,-0.12249408662319183,-0.1501454859972,-1.5799481868743896,-0.19414260983467102,-0.14538808166980743,-1.77916419506073,-0.25344350934028625,0.04583223909139633,-0.995708167552948,-0.08032268285751343,0.0730138048529625,-1.3961464166641235,-0.1309429407119751,0.09223107993602753,-1.6450942754745483,-0.18971174955368042,0.11069909483194351,-1.8590136766433716,-0.24072672426700592,0.18886160850524902,-0.9095697402954102,-0.12435857206583023,0.2566429376602173,-1.2689486742019653,-0.18072541058063507,0.2876030206680298,-1.4934043884277344,-0.22727665305137634,0.3033132553100586,-1.6965409517288208,-0.2694260776042938,0.31476208567619324,-0.7484543919563293,-0.1796492487192154,0.4174065589904785,-0.9647411108016968,-0.23472028970718384,0.4638236165046692,-1.1171592473983765,-0.2583325207233429,0.493917316198349,-1.2668339014053345,-0.279624879360199
OPEN_PALM,0.0,0.0,0.0,-0.2794981300830841,0.030914854258298874,-0.12498269230127335,-0.5567136406898499,0.011108026839792728,-0.2136463075876236,-0.783686101436615,0.026450583711266518,-0.2959127426147461,-0.9661611914634705,0.09020218998193741,-0.3800922930240631,-0.5665141344070435,-0.7243639230728149,-0.10401703417301178,-0.786169707775116,-1.006300926208496,-0.1923096626996994,-0.914953887462616,-1.1829354763031006,-0.2771034836769104,-1.022515892982483,-1.3561286926269531,-0.3459395468235016,-0.4401596486568451,-0.8896881341934204,-0.12124330550432205,-0.6360466480255127,-1.2515534162521362,-0.19121021032333374,-0.7596756219863892,-1.4844281673431396,-0.2639635503292084,-0.8692665100097656,-1.6982853412628174,-0.3261997401714325,-0.2824212312698364,-0.9535585641860962,-0.1574093997478485,-0.42847639322280884,-1.3169326782226562,-0.23013070225715637,-0.5276832580566406,-1.540431261062622,-0.29086971282958984,-0.6280423402786255,-1.7362622022628784,-0.34284642338752747,-0.09953625500202179,-0.9485468864440918,-0.20755255222320557,-0.13078615069389343,-1.2310181856155396,-0.27624818682670593,-0.17264367640018463,-1.4188629388809204,-0.3114691972732544,-0.227251797914505,-1.5980830192565918,-0.34148821234703064
OPEN_PALM,0.0,0.0,0.0,-0.17885051667690277,-0.35309672355651855,-0.0637105256319046,-0.25235602259635925,-0.7469050288200378,-0.10126519948244095,-0.31246763467788696,-1.052333116531372,-0.14143234491348267,-0.4207445979118347,-1.262871503829956,-0.18775968253612518,0.24648021161556244,-1.0069169998168945,-0.028253886848688126,0.3723495602607727,-1.3484545946121216,-0.07248010486364365,0.45847901701927185,-1.5505117177963257,-0.12441520392894745,0.540591299533844,-1.713211178779602,-0.17148514091968536,0.4303492605686188,-0.9003754258155823,-0.06409803032875061,0.6283475160598755,-1.2504218816757202,-0.09183134883642197,0.7529875040054321,-1.4570175409317017,-0.14289496839046478,0.8608471155166626,-1.6195024251937866,-0.19067461788654327,0.5511211156845093,-0.7140427827835083,-0.1139315813779831,0.8105078339576721,-0.9618566036224365,-0.16711434721946716,0.9731030464172363,-1.1213984489440918,-0.2296190708875656,1.1070860624313354,-1.267462134361267,-0.28294575214385986,0.606859028339386,-0.46750980615615845,-0.16968460381031036,0.833145797252655,-0.5490841865539551,-0.22897744178771973,0.9752242565155029,-0.6316035985946655,-0.26213327050209045,1.0967576503753662,-0.7254528999328613,-0.29078221321105957
OPEN_PALM,0.0,0.0,0.0,-0.27706378698349,-0.16496717929840088,-0.11459889262914658,-0.5023606419563293,-0.3919033706188202,-0.17588917911052704,-0.6039261817932129,-0.6108991503715515,-0.22664909064769745,-0.6646466255187988,-0.7776072025299072,-0.27793243527412415,-0.24491317570209503,-0.9394917488098145,-0.11978310346603394,-0.3148394823074341,-1.3111497163772583,-0.19910651445388794,-0.34122398495674133,-1.5380367040634155,-0.26753053069114685,-0.35435476899147034,-1.7336888313293457,-0.3182884156703949,-0.05482689291238785,-0.989581823348999,-0.13304166495800018,-0.061457954347133636,-1.423568844795227,-0.19278374314308167,-0.06464474648237228,-1.6909703016281128,-0.25311535596847534,-0.05655355751514435,-1.9040806293487549,-0.29926255345344543,0.11060412973165512,-0.9282804131507874,-0.16164708137512207,0.18523751199245453,-1.306720495223999,-0.23297634720802307,0.225012868642807,-1.5522792339324951,-0.2988414466381073,0.2575736343860626,-1.7508597373962402,-0.3480183780193329,0.2547374963760376,-0.7753966450691223,-0.20034030079841614,0.3791154623031616,-0.9897124767303467,-0.2760887145996094,0.44874998927116394,-1.1479437351226807,-0.3141111731529236,0.5089457631111145,-1.2918627262115479,-0.3384621739387512
OPEN_PALM,0.0,0.0,0.0,-0.2549288272857666,-0.19899603724479675,-0.10081886500120163,-0.4694409668445587,-0.43946748971939087,-0.18110334873199463,-0.6588340401649475,-0.623065710067749,-0.25825127959251404,-0.8496219515800476,-0.7180860042572021,-0.3429564833641052,-0.1573185920715332,-0.9748194217681885,-0.1315346211194992,-0.18009862303733826,-1.3828452825546265,-0.22750765085220337,-0.1816733181476593,-1.6358189582824707,-0.30749019980430603,-0.17065741121768951,-1.8605542182922363,-0.3702881336212158,0.02793920412659645,-0.9858909249305725,-0.16498278081417084,0.05997743085026741,-1.4331166744232178,-0.2448427677154541,0.08892441540956497,-1.7150169610977173,-0.321902871131897,0.12366712093353271,-1.9654957056045532,-0.38468846678733826,0.19096432626247406,-0.8888406753540039,-0.21106593310832977,0.31165358424186707,-1.2783377170562744,-0.30327337980270386,0.3882078230381012,-1.5234190225601196,-0.3750869035720825,0.44554007053375244,-1.7464100122451782,-0.4299232065677643,0.3278033435344696,-0.7074378728866577,-0.264774352312088,0.4801619052886963,-0.9284709095954895,-0.3510284721851349,0.572242021560669,-1.0947703123092651,-0.38984689116477966,0.6465343832969666,-1.26364004611969,-0.41891300678253174
OPEN_PALM,0.0,0.0,0.0,0.26443490386009216,0.42494896054267883,-0.19314421713352203,0.5234315991401672,0.7729222774505615,-0.33717912435531616,0.7044817209243774,1.1207095384597778,-0.4748976230621338,0.8217950463294983,1.4402223825454712,-0.6229866147041321,0.9703394770622253,0.06806568056344986,-0.25759395956993103,1.3669512271881104,-0.01572604291141033,-0.418344110250473,1.6082264184951782,-0.09466661512851715,-0.5405871868133545,1.8269126415252686,-0.17240479588508606,-0.6293665170669556,0.929627001285553,-0.2387758493423462,-0.2806466221809387,1.3626034259796143,-0.3991521894931793,-0.4177209138870239,1.6354894638061523,-0.48735368251800537,-0.522305428981781,1.8733909130096436,-0.565754234790802,-0.6023309230804443,0.7955124378204346,-0.48540008068084717,-0.3222253620624542,1.1702253818511963,-0.7057311534881592,-0.44801798462867737,1.4114296436309814,-0.8237645626068115,-0.5350667238235474,1.6354645490646362,-0.910256564617157,-0.5981392860412598,0.5894717574119568,-0.6767110824584961,-0.3823874890804291,0.804155707359314,-0.9768146276473999,-0.49448201060295105,0.961358368396759,-1.1487349271774292,-0.5437963008880615,1.1226706504821777,-1.2821613550186157,-0.577039361000061
OPEN_PALM,0.0,0.0,0.0,0.3155997395515442,0.136170893907547,-0.1799452155828476,0.6295782923698425,0.1702626347541809,-0.29554155468940735,0.8971355557441711,0.23079822957515717,-0.40010443329811096,1.1181689500808716,0.3306705355644226,-0.5075327754020691,0.7189887166023254,-0.5767902731895447,-0.21152733266353607,0.9726993441581726,-0.869976282119751,-0.33580389618873596,1.1168142557144165,-1.0709809064865112,-0.43046635389328003,1.2458844184875488,-1.2572636604309082,-0.5005935430526733,0.5857174396514893,-0.7810677886009216,-0.21645592153072357,0.8299600481987,-1.1477975845336914,-0.32369935512542725,0.9869057536125183,-1.394964575767517,-0.40744325518608093,1.124513030052185,-1.6190582513809204,-0.47085607051849365,0.40416818857192993,-0.8797163367271423,-0.2394222468137741,0.5920664668083191,-1.2671526670455933,-0.34360456466674805,0.7207022309303284,-1.5044152736663818,-0.4196595549583435,0.8493921756744385,-1.710491418838501,-0.4734821319580078,0.1919589340686798,-0.888640820980072,-0.27940183877944946,0.2133559137582779,-1.2382863759994507,-0.37922579050064087,0.2454715520143509,-1.4714875221252441,-0.4296132028102875,0.2993883490562439,-1.6831060647964478,-0.46217837929725647
OPEN_PALM,0.0,0.0,0.0,0.23174966871738434,-0.37747034430503845,-0.12292487919330597,0.29448240995407104,-0.8195169568061829,-0.24044162034988403,0.38266655802726746,-1.2006052732467651,-0.34705260396003723,0.46595698595046997,-1.523140788078308,-0.47484639286994934,0.009430636651813984,-1.057672381401062,-0.3774097263813019,-0.2294428050518036,-1.5117484331130981,-0.5674087405204773,-0.4081481099128723,-1.7812039852142334,-0.6869220733642578,-0.5617700815200806,-2.008136749267578,-0.7786309123039246,-0.1271258443593979,-0.8853326439857483,-0.44722500443458557,-0.3950769603252411,-1.3693252801895142,-0.6367781162261963,-0.5760377049446106,-1.6681995391845703,-0.7642249464988708,-0.7401744723320007,-1.9254851341247559,-0.8640349507331848,-0.2144552320241928,-0.595015823841095,-0.5158771872520447,-0.5139201879501343,-0.9739143252372742,-0.7022348046302795,-0.7181904315948486,-1.2295807600021362,-0.8170235753059387,-0.8999555110931396,-1.4746063947677612,-0.9071277379989624,-0.2520706057548523,-0.2488439828157425,-0.5863513350486755,-0.5087203979492188,-0.3520527780056,-0.7704077363014221,-0.6847178339958191,-0.43339481949806213,-0.8561224937438965,-0.8476567268371582,-0.5327972769737244,-0.9189962148666382
OPEN_PALM,0.0,0.0,0.0,0.2880907356739044,-0.11341527849435806,-0.1276160180568695,0.5292481184005737,-0.29262545704841614,-0.2119065374135971,0.7415297031402588,-0.3968668282032013,-0.2942142188549042,0.928749680519104,-0.41243505477905273,-0.38044846057891846,0.30018001794815063,-0.9420145153999329,-0.12872691452503204,0.36780667304992676,-1.3179799318313599,-0.22085438668727875,0.40102487802505493,-1.5415016412734985,-0.2977559268474579,0.4292665719985962,-1.7393789291381836,-0.3558657467365265,0.12246283888816833,-0.9820351600646973,-0.14351961016654968,0.14292818307876587,-1.4050675630569458,-0.22148287296295166,0.15683333575725555,-1.6646842956542969,-0.28964707255363464,0.1658255010843277,-1.87956702709198,-0.3414996266365051,-0.039621368050575256,-0.9154897332191467,-0.17325805127620697,-0.06460625678300858,-1.3096542358398438,-0.24865879118442535,-0.07250469923019409,-1.5545806884765625,-0.31008636951446533,-0.06978020071983337,-1.7715245485305786,-0.3542669415473938,-0.1845349669456482,-0.7624815106391907,-0.2164985090494156,-0.2890900671482086,-1.0253632068634033,-0.29056602716445923,-0.35091984272003174,-1.2111784219741821,-0.3278633952140808,-0.39345255494117737,-1.3925718069076538,-0.35148516297340393
FIST,0.0,0.0,0.0,-0.29562440514564514,-0.31577882170677185,-0.08126965165138245,-0.46878743171691895,-0.7455666065216064,-0.1312047690153122,-0.4492466449737549,-1.1462725400924683,-0.19932447373867035,-0.28747859597206116,-1.4090056419372559,-0.2361992597579956,-0.11290623247623444,-1.0675989389419556,0.05753307417035103,-0.20492666959762573,-1.359392762184143,-0.11988209187984467,-0.27121707797050476,-1.0230792760849,-0.18897747993469238,-0.21477486193180084,-0.8943856358528137,-0.20821240544319153,0.058731283992528915,-0.9979327917098999,0.0257553793489933,-0.05494730547070503,-1.2771774530410767,-0.15659880638122559,-0.14738166332244873,-0.8544533848762512,-0.150672048330307,-0.047580089420080185,-0.790374755859375,-0.09240640699863434,0.2315613031387329,-0.8926225304603577,-0.0467456616461277,0.11130031198263168,-1.1377828121185303,-0.231484517455101,0.01055312342941761,-0.7392897605895996,-0.13769179582595825,0.10755367577075958,-0.6778367757797241,-0.01844056509435177,0.41777142882347107,-0.739510178565979,-0.13067522644996643,0.2896571755409241,-0.9667755365371704,-0.21938443183898926,0.196749746799469,-0.7237528562545776,-0.14524085819721222,0.26828792691230774,-0.634798526763916,-0.058548640459775925
FIST,0.0,0.0,0.0,-0.35983824729919434,-0.21180474758148193,-0.2163165658712387,-0.7048774361610413,-0.397235631942749,-0.3884846568107605,-0.9124303460121155,-0.37330174446105957,-0.5206332802772522,-0.7669695615768433,-0.21663129329681396,-0.6195889711380005,-0.3882918059825897,-1.1220887899398804,-0.35713669657707214,-0.6980774998664856,-0.5463795065879822,-0.5352093577384949,-0.6307156682014465,-0.36955496668815613,-0.6320939064025879,-0.5287339091300964,-0.4936239719390869,-0.7007524967193604,-0.10147610306739807,-0.9311557412147522,-0.3501875400543213,-0.47800692915916443,-0.19203560054302216,-0.47996023297309875,-0.42226189374923706,-0.19081470370292664,-0.47792848944664,-0.32701098918914795,-0.42159050703048706,-0.4818066656589508,0.1312982738018036,-0.606304943561554,-0.3629145920276642,-0.2425205260515213,0.07830309867858887,-0.45899078249931335,-0.23243747651576996,0.006058839615434408,-0.36186668276786804,-0.14799146354198456,-0.22082304954528809,-0.290679007768631,0.29240432381629944,-0.25431570410728455,-0.4062061905860901,-0.029652221128344536,0.23701658844947815,-0.48841744661331177,-0.014701198786497116,0.13933229446411133,-0.45179468393325806,0.07081738114356995,-0.08369413763284683,-0.40804386138916016
FIST,0.0,0.0,0.0,-0.21829161047935486,-0.3831408619880676,-0.034846510738134384,-0.2631003260612488,-0.7622922658920288,-0.07129158824682236,-0.2274058759212494,-1.0474964380264282,-0.1302260458469391,-0.11224306374788284,-1.2815054655075073,-0.16201919317245483,0.2094588279724121,-0.9856946468353271,0.14115934073925018,-0.005297370720654726,-1.1767722368240356,-0.015584981068968773,-0.07409542053937912,-0.9215803742408752,-0.11552924662828445,-0.002339037833735347,-0.7573077082633972,-0.1639922857284546,0.3153103291988373,-0.9442232251167297,0.09489177912473679,0.021181141957640648,-1.159572720527649,-0.07783906161785126,-0.06271561235189438,-0.8367838859558105,-0.1175098568201065,0.059197936207056046,-0.7018818259239197,-0.09752538055181503,0.3959703743457794,-0.8773013353347778,0.0137875284999609,0.07579223066568375,-1.0746870040893555,-0.15391428768634796,-0.018350526690483093,-0.7487923502922058,-0.11453113704919815,0.09744461625814438,-0.6131923198699951,-0.039966173470020294,0.44713103771209717,-0.7657046318054199,-0.07794909924268723,0.12448925524950027,-0.9103246331214905,-0.19612576067447662,0.062258441001176834,-0.6814877986907959,-0.1817195862531662,0.16725294291973114,-0.5506038665771484,-0.13224494457244873
FIST,0.0,0.0,0.0,-0.2971304655075073,-0.2114124596118927,-0.23408067226409912,-0.4669712781906128,-0.6377882957458496,-0.2643040120601654,-0.3859327733516693,-1.0614875555038452,-0.26899632811546326,-0.23109516501426697,-1.2879483699798584,-0.22329998016357422,-0.6085607409477234,-0.9296277165412903,0.03860853984951973,-0.4868859648704529,-1.2552446126937866,-0.1524183750152588,-0.4239397346973419,-0.9396890997886658,-0.22547826170921326,-0.4536275565624237,-0.873615562915802,-0.23775696754455566,-0.34617507457733154,-0.9332996606826782,0.0953771322965622,-0.22214274108409882,-1.2233777046203613,-0.12079595774412155,-0.21441659331321716,-0.8118245005607605,-0.14518582820892334,-0.28193458914756775,-0.813616156578064,-0.09314841032028198,-0.11735622584819794,-0.9025580883026123,0.08912017941474915,0.01692011021077633,-1.0918607711791992,-0.1477205455303192,-0.021681396290659904,-0.7056046724319458,-0.13162051141262054,-0.10304157435894012,-0.7208366394042969,-0.04695647582411766,0.08583799004554749,-0.8480270504951477,0.060814809054136276,0.18463905155658722,-0.9899153709411621,-0.07642319798469543,0.15115609765052795,-0.7324942946434021,-0.06775833666324615,0.09669885784387589,-0.6811335682868958,-0.018017323687672615
FIST,0.0,0.0,0.0,-0.006872179917991161,-0.5052173137664795,-0.02933148480951786,-0.20351441204547882,-1.0206797122955322,-0.10149708390235901,-0.5125970244407654,-1.3045332431793213,-0.16865457594394684,-0.7588863968849182,-1.3212703466415405,-0.23128920793533325,-0.03376385569572449,-1.2289831638336182,-0.1941024512052536,-0.5544514060020447,-1.3536399602890015,-0.31915682554244995,-0.6000715494155884,-1.1483417749404907,-0.3546813428401947,-0.5151860117912292,-1.048091173171997,-0.37056002020835876,-0.11381514370441437,-0.9624985456466675,-0.24622942507266998,-0.7024557590484619,-1.0296719074249268,-0.36777251958847046,-0.6525946855545044,-0.829063892364502,-0.3510170876979828,-0.5078009366989136,-0.771101176738739,-0.3415164053440094,-0.23098547756671906,-0.664313018321991,-0.2982563376426697,-0.7582507729530334,-0.7098954319953918,-0.415082186460495,-0.6706493496894836,-0.5320597290992737,-0.3542137145996094,-0.5160425901412964,-0.49382418394088745,-0.309471994638443,-0.36386048793792725,-0.36199378967285156,-0.3481763005256653,-0.7552047967910767,-0.40373072028160095,-0.4400915503501892,-0.6813756227493286,-0.2723413407802582,-0.4123874604701996,-0.5497156977653503,-0.2490939348936081,-0.3845052421092987
FIST,0.0,0.0,0.0,0.18633611500263214,-0.6568148136138916,-0.05488567799329758,0.6661433577537537,-1.0985755920410156,-0.18880508840084076,1.1609982252120972,-1.103790283203125,-0.3093985915184021,1.3536101579666138,-0.8161474466323853,-0.4046475887298584,0.4175035357475281,-1.1956262588500977,-0.41563063859939575,1.1338883638381958,-1.1683136224746704,-0.5761997103691101,1.0306353569030762,-0.9704596400260925,-0.6118646860122681,0.8378316164016724,-0.9101651906967163,-0.6241931915283203,0.44048476219177246,-0.759195864200592,-0.47914382815361023,1.1673256158828735,-0.731605052947998,-0.5788915753364563,1.0062273740768433,-0.6019185781478882,-0.49927255511283875,0.7812515497207642,-0.6067233085632324,-0.4635649025440216,0.49097126722335815,-0.3219413459300995,-0.5335673093795776,1.15785813331604,-0.35040682554244995,-0.5579609870910645,0.9783111214637756,-0.26901644468307495,-0.39620333909988403,0.758072555065155,-0.273463636636734,-0.3150538206100464,0.5546345710754395,0.08553574234247208,-0.5981346368789673,1.0642712116241455,-0.023953411728143692,-0.5521643757820129,0.9172408580780029,0.015507915988564491,-0.4116872549057007,0.7240856289863586,0.038372840732336044,-0.3379850685596466
FIST,0.0,0.0,0.0,0.31395912170410156,-0.08115147054195404,-0.1320338398218155,0.6453543901443481,-0.452890008687973,-0.17498652637004852,0.7586258053779602,-0.8849718570709229,-0.20953266322612762,0.6301425099372864,-1.1450927257537842,-0.21270696818828583,0.5504834651947021,-0.8705093264579773,-0.03618069365620613,0.6961318850517273,-1.0808744430541992,-0.16462033987045288,0.6396822333335876,-0.7391834259033203,-0.19875788688659668,0.5427367687225342,-0.6865658760070801,-0.20608289539813995,0.3713834583759308,-0.9278919100761414,-0.032813362777233124,0.500891923904419,-1.1283732652664185,-0.17071491479873657,0.4621650278568268,-0.6736700534820557,-0.17320480942726135,0.38618940114974976,-0.6866918802261353,-0.1426563411951065,0.17914392054080963,-0.9200338125228882,-0.05733458325266838,0.30805614590644836,-1.0614594221115112,-0.24431896209716797,0.2921459376811981,-0.6132351160049438,-0.1836402416229248,0.1994512975215912,-0.6069738864898682,-0.09956419467926025,-0.0435338020324707,-0.8877904415130615,-0.08776560425758362,0.10986565798521042,-0.9483263492584229,-0.2110118865966797,0.11981921643018723,-0.6617808938026428,-0.15607717633247375,0.026738855987787247,-0.6498464345932007,-0.08825106173753738
FIST,0.0,0.0,0.0,0.24680031836032867,0.35828131437301636,-0.14478781819343567,0.6506730914115906,0.6140497326850891,-0.2099878340959549,1.0256586074829102,0.5802491903305054,-0.2732122242450714,1.2038639783859253,0.2549937069416046,-0.30252301692962646,1.0307645797729492,0.34922999143600464,-0.003800734644755721,1.2449862957000732,0.4172327518463135,-0.17912310361862183,0.9821069836616516,0.4944251477718353,-0.2543800473213196,0.8700727820396423,0.44136306643486023,-0.279342383146286,0.9990994930267334,0.04164527356624603,-0.006938744802027941,1.169792890548706,0.08970929682254791,-0.17186367511749268,0.821194589138031,0.2590978443622589,-0.18885013461112976,0.7764875292778015,0.21592378616333008,-0.15896636247634888,0.889224648475647,-0.24949541687965393,-0.046765584498643875,0.9810874462127686,-0.16369576752185822,-0.2553991973400116,0.6604694724082947,0.05420350655913353,-0.1990003138780594,0.6011547446250916,-0.0016048188554123044,-0.10916649550199509,0.7268035411834717,-0.5392742156982422,-0.09621310979127884,0.7586421370506287,-0.3688719868659973,-0.2330242395401001,0.5540173053741455,-0.1850641965866089,-0.18114614486694336,0.5010958909988403,-0.24782489240169525,-0.10551556199789047
FIST,0.0,0.0,0.0,0.33051374554634094,-0.30636724829673767,0.043514180928468704,0.686001181602478,-0.3380070626735687,-0.004153551533818245,0.977020800113678,-0.07951153814792633,-0.07819200307130814,1.1387664079666138,0.19036166369915009,-0.1404312551021576,0.7908785939216614,-0.7629165649414062,-0.009453043341636658,1.1179741621017456,-0.29445865750312805,-0.10817717015743256,1.0540231466293335,-0.053472697734832764,-0.1727345585823059,0.9529191255569458,0.042618777602910995,-0.20599962770938873,0.8016011714935303,-0.5916351675987244,-0.0859355628490448,1.0533589124679565,-0.02068292535841465,-0.1519143134355545,0.909575879573822,0.17058910429477692,-0.17430169880390167,0.7594147324562073,0.19870036840438843,-0.18449750542640686,0.783653736114502,-0.3548166751861572,-0.16363146901130676,0.9758254289627075,0.19304761290550232,-0.20984973013401031,0.7974634766578674,0.3284126818180084,-0.1855074167251587,0.637352705001831,0.33462610840797424,-0.1600893884897232,0.7412428855895996,-0.09430158138275146,-0.2425738126039505,0.8446464538574219,0.28838786482810974,-0.24055147171020508,0.7152045965194702,0.4186151325702667,-0.1962234526872635,0.604500412940979,0.461628794670105,-0.1570560187101364
FIST,0.0,0.0,0.0,0.03095577470958233,-0.5224749445915222,-0.009423228912055492,0.2994365692138672,-0.9177742600440979,-0.09244608134031296,0.6684921383857727,-1.0147353410720825,-0.17521265149116516,0.9402582049369812,-0.9623454213142395,-0.2385975569486618,0.18411296606063843,-1.204193353652954,-0.2158053070306778,0.7126027345657349,-1.2827190160751343,-0.3265380263328552,0.6785563230514526,-1.0759035348892212,-0.3647667467594147,0.5430774092674255,-1.0021363496780396,-0.38492265343666077,0.27868425846099854,-0.9180948138237,-0.2818177044391632,0.8104431629180908,-0.9773375391960144,-0.34145987033843994,0.7273393273353577,-0.8074201941490173,-0.3133400082588196,0.5673180222511292,-0.7754101753234863,-0.3088908791542053,0.39358702301979065,-0.6036434173583984,-0.34215664863586426,0.808616042137146,-0.627133846282959,-0.35158032178878784,0.6959154009819031,-0.4990062713623047,-0.25937411189079285,0.5427953600883484,-0.49032261967658997,-0.21996818482875824,0.5027733445167542,-0.29207363724708557,-0.40702807903289795,0.7759194374084473,-0.3650766611099243,-0.36078932881355286,0.6729004383087158,-0.25178611278533936,-0.2577686011791229,0.55731201171875,-0.21173788607120514,-0.2033701092004776
POINT_LEFT,0.0,0.0,0.0,0.08578293770551682,-0.590461015701294,0.05057566240429878,-0.06331638246774673,-0.9961721897125244,0.12144598364830017,-0.30316177010536194,-1.156092882156372,0.20048516988754272,-0.4380904734134674,-1.046265721321106,0.2774170935153961,-0.54060298204422,-0.9680836200714111,-0.018495040014386177,-0.949084997177124,-1.1489613056182861,0.03004029393196106,-1.2060341835021973,-1.1974446773529053,0.05109018087387085,-1.4011162519454956,-1.2375215291976929,0.05283908545970917,-0.70760178565979,-0.7065960168838501,-0.003120388137176633,-0.6761167645454407,-0.9007581472396851,0.10744178295135498,-0.5425082445144653,-0.8522841334342957,0.162542924284935,-0.446204274892807,-0.7716860771179199,0.16868537664413452,-0.7321076393127441,-0.45056864619255066,0.03042989782989025,-0.6417028307914734,-0.6353408098220825,0.14741948246955872,-0.5363814830780029,-0.600409209728241,0.18900388479232788,-0.4593764841556549,-0.5186317563056946,0.17630024254322052,-0.7205742001533508,-0.2211747169494629,0.06569284945726395,-0.6449304223060608,-0.4059515595436096,0.16207784414291382,-0.5468776226043701,-0.3924570083618164,0.21174973249435425,-0.4633365273475647,-0.3364797830581665,0.22962293028831482
POINT_LEFT,0.0,0.0,0.0,-0.3071247339248657,0.23970723152160645,-0.09563048183917999,-0.613252580165863,0.3263363540172577,-0.1847175806760788,-0.8320319652557373,0.36406201124191284,-0.2851864993572235,-0.942058265209198,0.17531606554985046,-0.37636885046958923,-0.8761835694313049,-0.4429418444633484,-0.06658776849508286,-1.1894289255142212,-0.5286880731582642,-0.2092699259519577,-1.3915640115737915,-0.604326605796814,-0.2930971086025238,-1.5447344779968262,-0.6935907602310181,-0.35293740034103394,-0.775544285774231,-0.6225005984306335,-0.10493355244398117,-1.0068093538284302,-0.2556206285953522,-0.3094567656517029,-0.8075847029685974,0.02949356660246849,-0.3354429304599762,-0.655504047870636,0.06287594884634018,-0.3019815683364868,-0.6297891736030579,-0.7024831175804138,-0.16531114280223846,-0.7446700930595398,-0.20125563442707062,-0.3369852900505066,-0.5592975616455078,-0.007353873457759619,-0.26854363083839417,-0.4612010717391968,-0.06465800106525421,-0.1792091280221939,-0.4578898251056671,-0.6857513189315796,-0.2422836869955063,-0.5460633039474487,-0.2701434791088104,-0.3347304165363312,-0.41920652985572815,-0.12757162749767303,-0.27988308668136597,-0.33956849575042725,-0.19994084537029266,-0.21022453904151917
POINT_LEFT,0.0,0.0,0.0,-0.2870790660381317,0.18679118156433105,-0.11618907004594803,-0.6330315470695496,0.24121157824993134,-0.21609680354595184,-0.8658698797225952,0.055508073419332504,-0.3269057869911194,-0.9628525376319885,-0.24081020057201385,-0.42907699942588806,-0.9212663173675537,-0.3257412612438202,-0.0916379764676094,-1.2857662439346313,-0.44134271144866943,-0.25891825556755066,-1.5192283391952515,-0.5064423084259033,-0.3441082239151001,-1.7096788883209229,-0.6026024222373962,-0.40336793661117554,-0.8032507300376892,-0.5802853107452393,-0.1343250423669815,-1.0339499711990356,-0.4944608211517334,-0.3708215355873108,-0.7712793350219727,-0.2104659229516983,-0.3821471035480499,-0.61981201171875,-0.1988437920808792,-0.3251734972000122,-0.6334196329116821,-0.7619354724884033,-0.2033977210521698,-0.7566878199577332,-0.5159094333648682,-0.4173801839351654,-0.5308800935745239,-0.2485104501247406,-0.3208097815513611,-0.429512619972229,-0.2924450635910034,-0.19887323677539825,-0.42110320925712585,-0.8886674046516418,-0.289260596036911,-0.5449243783950806,-0.6388983726501465,-0.40321362018585205,-0.39859017729759216,-0.4136883020401001,-0.3257072865962982,-0.3163914084434509,-0.4517398774623871,-0.23709021508693695
POINT_LEFT,0.0,0.0,0.0,-0.24871495366096497,-0.41440141201019287,0.06812313944101334,-0.6283735632896423,-0.5034744143486023,0.0660981610417366,-0.9084537625312805,-0.38582858443260193,0.0451924130320549,-1.0476270914077759,-0.14783819019794464,0.008494743146002293,-0.8792025446891785,-0.67606121301651,-0.0660361647605896,-1.314473271369934,-0.6583621501922607,-0.11784294247627258,-1.5864691734313965,-0.6494596004486084,-0.14715352654457092,-1.8077409267425537,-0.6360745429992676,-0.17763693630695343,-0.8952228426933289,-0.424601286649704,-0.13519230484962463,-1.223573088645935,-0.05982370674610138,-0.191190704703331,-1.1057103872299194,0.027636652812361717,-0.16751138865947723,-0.9788314700126648,-0.021120615303516388,-0.15088896453380585,-0.8557227849960327,-0.1228681430220604,-0.1902705729007721,-1.0575658082962036,0.2060151994228363,-0.21270452439785004,-0.9236197471618652,0.22363246977329254,-0.14392156898975372,-0.8117821216583252,0.1421271413564682,-0.10726312547922134,-0.7867726683616638,0.17171642184257507,-0.24383445084095,-0.9380541443824768,0.3962816298007965,-0.2489788979291916,-0.8125481009483337,0.4035177528858185,-0.18713054060935974,-0.7008775472640991,0.33899641036987305,-0.1403917372226715
POINT_LEFT,0.0,0.0,0.0,-0.36556461453437805,0.04990044981241226,-0.014195836149156094,-0.7305330038070679,0.19792523980140686,-0.12375863641500473,-0.9835212230682373,0.4758254289627075,-0.2514515221118927,-1.2176508903503418,0.6633386015892029,-0.3843894898891449,-1.0360150337219238,-0.35325533151626587,-0.1642051339149475,-1.4308130741119385,-0.33275750279426575,-0.30712267756462097,-1.6921617984771729,-0.3558880090713501,-0.39565542340278625,-1.919396162033081,-0.40453460812568665,-0.4700049161911011,-0.9011784791946411,-0.35153523087501526,-0.25352782011032104,-1.1645838022232056,0.27256062626838684,-0.43994203209877014,-1.0050722360610962,0.44414222240448,-0.47131121158599854,-0.8890327215194702,0.39554914832115173,-0.48024120926856995,-0.7103329300880432,-0.22244811058044434,-0.3403497040271759,-0.8730804324150085,0.44185158610343933,-0.4870853126049042,-0.7168278098106384,0.47386470437049866,-0.4213559627532959,-0.6476911902427673,0.3165574371814728,-0.3704972267150879,-0.5195851922035217,-0.041936084628105164,-0.42952218651771545,-0.6404358744621277,0.48797404766082764,-0.5293164849281311,-0.5171909928321838,0.49524223804473877,-0.4795593321323395,-0.45215582847595215,0.33160433173179626,-0.4314157962799072
POINT_LEFT,0.0,0.0,0.0,0.10969694703817368,-0.466414213180542,-0.02978317253291607,0.10006363689899445,-0.8207560777664185,-0.10129474848508835,0.09252143651247025,-1.1136635541915894,-0.19680477678775787,-0.007063929457217455,-1.335940957069397,-0.28490710258483887,-0.4469887614250183,-0.9378820061683655,-0.05150984600186348,-0.6703820824623108,-1.1662784814834595,-0.15342408418655396,-0.834479570388794,-1.3785321712493896,-0.21910451352596283,-0.9840646982192993,-1.5203019380569458,-0.26602643728256226,-0.5270509123802185,-0.8413923978805542,-0.11943365633487701,-0.2857956290245056,-1.3105137348175049,-0.2793434262275696,-0.0389447845518589,-1.1868767738342285,-0.3029903769493103,0.02352442592382431,-1.004804015159607,-0.2790892720222473,-0.5175080895423889,-0.7265486717224121,-0.19547706842422485,-0.1978963315486908,-1.0906455516815186,-0.35025089979171753,-0.01526560541242361,-0.8876422643661499,-0.30297979712486267,-0.008281003683805466,-0.6776978373527527,-0.22986771166324615,-0.4414973855018616,-0.6167486310005188,-0.27851852774620056,-0.19990970194339752,-0.930823028087616,-0.3749455213546753,-0.04598759487271309,-0.8274285197257996,-0.3268558979034424,-0.013321267440915108,-0.6711301207542419,-0.2634614408016205
POINT_LEFT,0.0,0.0,0.0,0.14841040968894958,-0.2920722961425781,-0.15680116415023804,0.23555226624011993,-0.5730359554290771,-0.31331780552864075,0.2044200897216797,-0.7107303738594055,-0.4663751423358917,0.054148390889167786,-0.6240715980529785,-0.6103726029396057,-0.30624499917030334,-0.9945754408836365,-0.2969547510147095,-0.6243488192558289,-1.210369348526001,-0.48755764961242676,-0.8663864135742188,-1.3415522575378418,-0.603533148765564,-1.0721914768218994,-1.4332176446914673,-0.6819760203361511,-0.519511878490448,-0.7946297526359558,-0.3140995502471924,-0.3239992558956146,-0.7144245505332947,-0.5578403472900391,-0.09180285036563873,-0.5681131482124329,-0.6087599992752075,0.036117441952228546,-0.5134184956550598,-0.6032779216766357,-0.6243420839309692,-0.521709680557251,-0.3415853977203369,-0.30966275930404663,-0.37489932775497437,-0.5059204697608948,-0.1444469541311264,-0.2848358154296875,-0.44884663820266724,-0.08066306263208389,-0.27837058901786804,-0.38309523463249207,-0.6635504961013794,-0.24564453959465027,-0.3939034938812256,-0.3919477164745331,-0.1378418207168579,-0.4809388816356659,-0.24618031084537506,-0.09764330834150314,-0.4400242865085602,-0.20497775077819824,-0.13124792277812958,-0.3864409625530243
POINT_LEFT,0.0,0.0,0.0,-0.2488597184419632,-0.35249191522598267,0.06377816200256348,-0.44000330567359924,-0.7774111032485962,-0.0006498888251371682,-0.46717557311058044,-1.203402042388916,-0.0963900163769722,-0.4155927300453186,-1.5467811822891235,-0.1942906379699707,-0.7674258947372437,-0.6426445245742798,-0.09164561331272125,-1.1442633867263794,-0.8576754927635193,-0.19016966223716736,-1.3624649047851562,-1.0163086652755737,-0.2376619279384613,-1.5626226663589478,-1.1272252798080444,-0.2722606062889099,-0.7172833681106567,-0.6649240255355835,-0.2082430124282837,-0.7330112457275391,-1.3363012075424194,-0.3339945077896118,-0.4860258400440216,-1.3469327688217163,-0.3290722668170929,-0.3829956650733948,-1.2110557556152344,-0.2956039607524872,-0.5610774755477905,-0.6972491145133972,-0.3142217993736267,-0.3725550174713135,-1.305830717086792,-0.4170383810997009,-0.1781320422887802,-1.1914936304092407,-0.34639498591423035,-0.14619049429893494,-1.0095185041427612,-0.27486491203308105,-0.36153489351272583,-0.7543595433235168,-0.41657859086990356,-0.200062096118927,-1.21639883518219,-0.4337218999862671,-0.04340695962309837,-1.1453250646591187,-0.33882394433021545,-0.00019407123909331858,-1.0070457458496094,-0.262972354888916
POINT_LEFT,0.0,0.0,0.0,-0.027676371857523918,-0.46531596779823303,0.04013124108314514,-0.19954533874988556,-0.7459127306938171,0.00549102108925581,-0.3185637295246124,-0.9740913510322571,-0.06298256665468216,-0.34239739179611206,-1.1477590799331665,-0.12699788808822632,-0.6964020133018494,-0.6871391534805298,0.011268175207078457,-0.967638373374939,-0.9390810132026672,-0.07182446122169495,-1.1405744552612305,-1.1654208898544312,-0.10944071412086487,-1.2630313634872437,-1.3659764528274536,-0.13936911523342133,-0.6993681192398071,-0.7103011608123779,-0.07963058352470398,-0.5329142808914185,-1.3624814748764038,-0.21141871809959412,-0.33340710401535034,-1.2571419477462769,-0.20797482132911682,-0.30137577652931213,-1.0786166191101074,-0.17112377285957336,-0.6070513129234314,-0.732936441898346,-0.17477945983409882,-0.3006661534309387,-1.2640475034713745,-0.2797912657260895,-0.1594046950340271,-1.087652325630188,-0.23623359203338623,-0.18877100944519043,-0.9187878370285034,-0.18717807531356812,-0.46162116527557373,-0.759617269039154,-0.27183279395103455,-0.18203213810920715,-1.1306718587875366,-0.3053327202796936,-0.07370666414499283,-0.9727369546890259,-0.26056671142578125,-0.11020289361476898,-0.8063870668411255,-0.22234565019607544
POINT_LEFT,0.0,0.0,0.0,-0.3534209132194519,-0.19846166670322418,-0.2555118203163147,-0.7477333545684814,-0.24744434654712677,-0.23914024233818054,-1.06045401096344,-0.10893779247999191,-0.16817134618759155,-1.2477049827575684,0.062070343643426895,-0.07279401272535324,-0.8768115639686584,-0.7434967160224915,0.02730664238333702,-1.3301339149475098,-0.6604882478713989,0.004019147716462612,-1.6174921989440918,-0.6083024144172668,-0.03600289300084114,-1.8468025922775269,-0.5892016887664795,-0.06577731668949127,-0.8497070670127869,-0.5030677318572998,0.15781015157699585,-1.186510443687439,-0.15344205498695374,0.03476487845182419,-1.0175567865371704,0.021587388589978218,-0.06557685136795044,-0.8070404529571533,0.05682661011815071,-0.07561128586530685,-0.8011521100997925,-0.26478585600852966,0.2567960321903229,-1.0649917125701904,0.01703926920890808,0.09348145872354507,-0.8777451515197754,0.13372240960597992,-0.01985042728483677,-0.7042526006698608,0.12237949669361115,-0.02381765842437744,-0.7131252884864807,-0.09814608842134476,0.34036991000175476,-0.885384738445282,0.12541937828063965,0.19844771921634674,-0.7776581645011902,0.20761018991470337,0.11950353533029556,-0.6453560590744019,0.19655458629131317,0.11576759070158005
POINT_RIGHT,0.0,0.0,0.0,-0.02981152944266796,-0.4638650417327881,-0.09175467491149902,0.02532225288450718,-0.8876086473464966,-0.17721740901470184,0.12142874300479889,-1.1876639127731323,-0.28002607822418213,0.3294360637664795,-1.249088168144226,-0.38034456968307495,0.6306234002113342,-0.8876445293426514,-0.04101281613111496,0.9204213619232178,-1.1118416786193848,-0.17509041726589203,1.1076645851135254,-1.2831329107284546,-0.2650761306285858,1.2627826929092407,-1.4191653728485107,-0.3296869993209839,0.7287205457687378,-0.6803669929504395,-0.07782317698001862,0.5958867073059082,-1.0943951606750488,-0.312669575214386,0.30602210760116577,-0.997931957244873,-0.3785041868686676,0.1269131749868393,-0.8275923132896423,-0.36436891555786133,0.7521604895591736,-0.4642775356769562,-0.13313473761081696,0.5141695141792297,-0.822910726070404,-0.3629336655139923,0.25710830092430115,-0.6561071872711182,-0.3306156396865845,0.11474017798900604,-0.47132280468940735,-0.23974215984344482,0.7178003787994385,-0.2302405834197998,-0.19772827625274658,0.5495266914367676,-0.5682286024093628,-0.3495762050151825,0.32607465982437134,-0.5274648666381836,-0.3162882328033447,0.18131108582019806,-0.434791624546051,-0.24270762503147125
POINT_RIGHT,0.0,0.0,0.0,-0.10820822417736053,-0.545157253742218,0.21046298742294312,-0.06277453154325485,-0.8351843953132629,0.3109016418457031,0.019926652312278748,-1.1134388446807861,0.309748113155365,0.16799747943878174,-1.3447269201278687,0.28970468044281006,0.3782583177089691,-0.7840983867645264,0.5964868664741516,0.6205954551696777,-0.9455084800720215,0.6926795840263367,0.7386142611503601,-1.0806879997253418,0.7051141858100891,0.8554503321647644,-1.1702829599380493,0.6998478770256042,0.47268179059028625,-0.7617303133010864,0.44308286905288696,0.3910052180290222,-1.199930191040039,0.41175389289855957,0.1697574108839035,-1.0920220613479614,0.3154950737953186,0.04302852600812912,-0.8521586060523987,0.29339560866355896,0.5660223364830017,-0.7306047677993774,0.277625173330307,0.42563894391059875,-1.1833584308624268,0.19001279771327972,0.19512149691581726,-0.9693530201911926,0.12126246094703674,0.06985685974359512,-0.6378281116485596,0.13442906737327576,0.6788896322250366,-0.6971875429153442,0.12773294746875763,0.6174848675727844,-1.1079211235046387,0.0929025188088417,0.4906712770462036,-1.0658408403396606,0.10246627032756805,0.4010777175426483,-0.8693731427192688,0.13895948231220245
POINT_RIGHT,0.0,0.0,0.0,0.2946365475654602,-0.2211201786994934,0.048645757138729095,0.5193133354187012,-0.48511287569999695,-0.0005328895058482885,0.5968900918960571,-0.8352466821670532,-0.07957340776920319,0.5638769268989563,-1.1106641292572021,-0.17016831040382385,0.8392873406410217,-0.5326004028320312,-0.012242821976542473,1.1555800437927246,-0.8332541584968567,-0.1208157017827034,1.3811994791030884,-1.0166864395141602,-0.19115591049194336,1.5848023891448975,-1.1498963832855225,-0.2478354573249817,0.7978377342224121,-0.5963919758796692,-0.08806802332401276,0.6208991408348083,-1.245699167251587,-0.21837684512138367,0.41440144181251526,-1.1610342264175415,-0.22076092660427094,0.37544113397598267,-0.9728829860687256,-0.2086888998746872,0.6566020250320435,-0.6802276968955994,-0.1656511276960373,0.4319572150707245,-1.247441053390503,-0.2756877541542053,0.25120851397514343,-1.1092337369918823,-0.22369779646396637,0.2434287816286087,-0.91165691614151,-0.17887528240680695,0.4829575717449188,-0.7587504386901855,-0.24322201311588287,0.2639386057853699,-1.1849368810653687,-0.33353760838508606,0.10743648558855057,-1.0508205890655518,-0.3135499358177185,0.08701038360595703,-0.870438277721405,-0.2817596197128296
POINT_RIGHT,0.0,0.0,0.0,-0.048869356513023376,-0.3783564865589142,-0.2289489209651947,0.13067886233329773,-0.6780882477760315,-0.3655935525894165,0.46168869733810425,-0.6278336048126221,-0.4861762225627899,0.7412338256835938,-0.6045287251472473,-0.5961926579475403,0.5840993523597717,-0.9877220392227173,-0.24010871350765228,1.0177618265151978,-1.161258339881897,-0.4401842951774597,1.315087914466858,-1.208493947982788,-0.5767345428466797,1.5632821321487427,-1.25348699092865,-0.6692384481430054,0.6928668022155762,-0.6861682534217834,-0.22156862914562225,0.798305332660675,-0.5705370903015137,-0.5347380042076111,0.5130796432495117,-0.40756306052207947,-0.622830331325531,0.31425461173057556,-0.3757544457912445,-0.6192895174026489,0.7415120601654053,-0.39433932304382324,-0.2281874567270279,0.810934841632843,-0.27430230379104614,-0.502541720867157,0.5231708288192749,-0.16927988827228546,-0.46621108055114746,0.3500644862651825,-0.20161524415016174,-0.3771542012691498,0.7451038956642151,-0.10968969762325287,-0.2556978762149811,0.8209230303764343,-0.03274812549352646,-0.4434671700000763,0.5866415500640869,0.01126048993319273,-0.4122920334339142,0.43374767899513245,-0.054187875241041183,-0.33945873379707336
POINT_RIGHT,0.0,0.0,0.0,0.017036762088537216,-0.24129977822303772,-0.275376558303833,0.22138504683971405,-0.43153777718544006,-0.4134170413017273,0.5577139258384705,-0.3307865262031555,-0.5227389931678772,0.8356090784072876,-0.2791551649570465,-0.6148393154144287,0.6227052211761475,-0.9300810098648071,-0.24661505222320557,1.0444495677947998,-1.1563493013381958,-0.42861512303352356,1.3213062286376953,-1.28299081325531,-0.5465539693832397,1.566397786140442,-1.3841181993484497,-0.6258758306503296,0.7181413173675537,-0.6667142510414124,-0.19937732815742493,0.9472097754478455,-0.4759725332260132,-0.4912301003932953,0.6844269037246704,-0.3340793251991272,-0.5666316747665405,0.47511714696884155,-0.32597818970680237,-0.5498214364051819,0.7460387349128723,-0.3990398645401001,-0.18144065141677856,0.8878481388092041,-0.20942488312721252,-0.4369126260280609,0.6283877491950989,-0.1178094670176506,-0.40838488936424255,0.4722532033920288,-0.17771673202514648,-0.3242080509662628,0.7088465690612793,-0.16478046774864197,-0.1885455846786499,0.868930995464325,-0.011457860469818115,-0.3494144380092621,0.667087197303772,0.031447310000658035,-0.31872326135635376,0.5206316113471985,-0.05296964570879936,-0.2517581582069397
POINT_RIGHT,0.0,0.0,0.0,0.4210166931152344,0.010629850439727306,0.01231383066624403,0.7851162552833557,0.043572135269641876,-0.09323174506425858,1.0115660429000854,0.2372109591960907,-0.230777770280838,1.1135464906692505,0.42339545488357544,-0.37194910645484924,0.9942769408226013,-0.4766164720058441,-0.16094499826431274,1.3579612970352173,-0.4104733169078827,-0.31579557061195374,1.6225703954696655,-0.40655848383903503,-0.41232362389564514,1.825824499130249,-0.40343883633613586,-0.47647035121917725,0.835953414440155,-0.47561511397361755,-0.27379292249679565,1.1142255067825317,0.19259561598300934,-0.4336164891719818,0.946133553981781,0.30949047207832336,-0.43509960174560547,0.8372186422348022,0.19992433488368988,-0.42066264152526855,0.6304418444633484,-0.34400349855422974,-0.38565966486930847,0.901681661605835,0.32313790917396545,-0.5366761088371277,0.7322281002998352,0.3644036054611206,-0.4712669551372528,0.6350751519203186,0.23157654702663422,-0.4070438742637634,0.41802820563316345,-0.14296087622642517,-0.4999500513076782,0.6711637377738953,0.38601529598236084,-0.5632004737854004,0.5799589157104492,0.4455871880054474,-0.47853559255599976,0.4869751036167145,0.34695032238960266,-0.4076816439628601
POINT_RIGHT,0.0,0.0,0.0,0.29627951979637146,0.24360086023807526,-0.13041438162326813,0.6142778992652893,0.3573943078517914,-0.21978938579559326,0.863605260848999,0.23927843570709229,-0.31575965881347656,0.9250981211662292,-0.04217877984046936,-0.41050252318382263,0.9713544845581055,-0.17364501953125,-0.12600848078727722,1.3456987142562866,-0.21694298088550568,-0.27110347151756287,1.5826218128204346,-0.27064746618270874,-0.3561326563358307,1.7913708686828613,-0.34078776836395264,-0.4112006723880768,0.8777034282684326,-0.455499529838562,-0.14880968630313873,1.0444179773330688,-0.3551153242588043,-0.39589202404022217,0.7802436947822571,-0.10402049124240875,-0.45278850197792053,0.5612339973449707,0.04186684265732765,-0.4278583526611328,0.7186082601547241,-0.6628111600875854,-0.1861269623041153,0.8041060566902161,-0.44243091344833374,-0.4231666922569275,0.5744032263755798,-0.19163048267364502,-0.38994717597961426,0.3979213535785675,-0.06520967930555344,-0.29751652479171753,0.515234649181366,-0.8243975639343262,-0.23498807847499847,0.5875182747840881,-0.6196462512016296,-0.38566210865974426,0.47253742814064026,-0.3751945495605469,-0.3531166613101959,0.3659467101097107,-0.2464776188135147,-0.28183630108833313
POINT_RIGHT,0.0,0.0,0.0,0.41104185581207275,0.2842210829257965,-0.089345283806324,0.7973630428314209,0.37480857968330383,-0.12064221501350403,1.1024742126464844,0.2134074717760086,-0.17784559726715088,1.271907925605774,-0.09258834272623062,-0.2364436239004135,0.9710754752159119,-0.22981539368629456,0.07434991747140884,1.2410287857055664,-0.4060361087322235,-0.010870845057070255,1.422284722328186,-0.4956996440887451,-0.06977449357509613,1.5884485244750977,-0.5723094940185547,-0.10408293455839157,0.8972308039665222,-0.43920883536338806,0.045316070318222046,1.2188993692398071,-0.4655618965625763,-0.1483224481344223,1.045995831489563,-0.19544105231761932,-0.22782887518405914,0.827014684677124,-0.022324413061141968,-0.2152973860502243,0.7776369452476501,-0.6433343887329102,-0.005622153636068106,1.0480589866638184,-0.5552709698677063,-0.23889373242855072,0.8229759335517883,-0.27733114361763,-0.25027650594711304,0.5762366652488708,-0.12747414410114288,-0.17039887607097626,0.6082684397697449,-0.8587022423744202,-0.06115766614675522,0.9177145957946777,-0.8016173839569092,-0.21946795284748077,0.8428026437759399,-0.5241215229034424,-0.20274031162261963,0.6579486131668091,-0.3351978063583374,-0.1349066197872162
POINT_RIGHT,0.0,0.0,0.0,0.19156478345394135,-0.5763958692550659,0.1108323484659195,0.5032570362091064,-0.6171391010284424,0.16854336857795715,0.6953408718109131,-0.4322976768016815,0.19833208620548248,0.7663249969482422,-0.2224866896867752,0.20890189707279205,0.9498914480209351,-0.47925183176994324,0.07038374990224838,1.3676729202270508,-0.21721772849559784,0.11733531206846237,1.6293596029281616,-0.027878964319825172,0.12278934568166733,1.8249443769454956,0.11904588341712952,0.10681658983230591,0.9915017485618591,-0.12847381830215454,0.019962159916758537,0.9451941251754761,0.10576169192790985,0.083733469247818,0.8000016212463379,0.046139657497406006,0.09105058759450912,0.7110039591789246,-0.0479191429913044,0.07231438159942627,0.880527913570404,0.21958695352077484,-0.010750506073236465,0.7870334386825562,0.3061254024505615,0.0547994039952755,0.6606708765029907,0.2352234423160553,0.0704314261674881,0.5803415775299072,0.13335244357585907,0.051083434373140335,0.7384164333343506,0.49378982186317444,-0.03433278575539589,0.6466978192329407,0.5416878461837769,0.03181353956460953,0.533041775226593,0.47997814416885376,0.07784151285886765,0.4532345235347748,0.4051661491394043,0.10263987630605698
POINT_RIGHT,0.0,0.0,0.0,-0.17935900390148163,-0.5036925077438354,-0.0008859253139235079,-0.19873866438865662,-0.9698452949523926,0.13734960556030273,-0.1577451527118683,-1.1695950031280518,0.30588042736053467,-0.09712708741426468,-1.0577423572540283,0.47898080945014954,0.3815576136112213,-1.0437636375427246,0.25513210892677307,0.5570623278617859,-1.3812096118927002,0.4844370186328888,0.6667659282684326,-1.561116337776184,0.5890517830848694,0.7803532481193542,-1.6989505290985107,0.641175389289856,0.45184841752052307,-0.8101184368133545,0.37353071570396423,0.3085400462150574,-1.051619291305542,0.6670697331428528,0.12871313095092773,-1.0579873323440552,0.7383818626403809,0.06362291425466537,-0.9705823063850403,0.7482830286026001,0.42749643325805664,-0.6098849177360535,0.4922899007797241,0.29665589332580566,-0.8420717716217041,0.7341288328170776,0.13437403738498688,-0.8466004133224487,0.6880269646644592,0.07722730934619904,-0.78130042552948,0.6187247037887573,0.3806692659854889,-0.47520434856414795,0.61327064037323,0.28014200925827026,-0.6888742446899414,0.7985641360282898,0.16224102675914764,-0.6951411366462708,0.8039485812187195,0.0929083377122879,-0.6067937016487122,0.7861670851707458
POINT_RIGHT,0.0,0.0,0.0,0.15270769596099854,0.3585205674171448,-0.09959439933300018,0.44102585315704346,0.6368253827095032,-0.20988598465919495,0.6845855712890625,0.7845615148544312,-0.33532047271728516,0.8795562386512756,0.6492112278938293,-0.45646753907203674,0.9892240762710571,-0.014114572666585445,-0.14828243851661682,1.3186826705932617,-0.14401932060718536,-0.29482197761535645,1.5707017183303833,-0.23828360438346863,-0.38316529989242554,1.7603880167007446,-0.33480679988861084,-0.439814954996109,0.9457352161407471,-0.25790438055992126,-0.19761976599693298,1.07537043094635,0.2599819302558899,-0.4166376292705536,0.7875329852104187,0.47411447763442993,-0.44735074043273926,0.5821464657783508,0.44863519072532654,-0.41653960943222046,0.8231508731842041,-0.40953826904296875,-0.25886741280555725,0.9206241369247437,0.14898936450481415,-0.4622862637042999,0.6696764826774597,0.3112092912197113,-0.4022243916988373,0.4873403310775757,0.26384633779525757,-0.3112541437149048,0.6416828632354736,-0.5107412934303284,-0.33290302753448486,0.7444459199905396,-0.02226778119802475,-0.4633854627609253,0.5835390686988831,0.17123080790042877,-0.409339040517807,0.4311332404613495,0.18244096636772156,-0.33187881112098694
THUMBS_UP,0.0,0.0,0.0,-0.1740608662366867,-0.5057544112205505,-0.04844129458069801,-0.34971287846565247,-1.0640833377838135,-0.12943045794963837,-0.4294520616531372,-1.5232701301574707,-0.20658838748931885,-0.3770374655723572,-1.9234168529510498,-0.2794961929321289,-0.2831803262233734,-1.2238235473632812,-0.27371081709861755,-0.8310227394104004,-1.1000794172286987,-0.4108130931854248,-0.7511099576950073,-0.886579155921936,-0.43213701248168945,-0.5958849787712097,-0.8775466084480286,-0.4387478232383728,-0.2342430055141449,-0.9155648946762085,-0.3268907368183136,-0.8395692706108093,-0.7310304641723633,-0.4691072404384613,-0.6894981265068054,-0.5923567414283752,-0.43667569756507874,-0.5088120698928833,-0.6152797937393188,-0.4190148413181305,-0.2112560272216797,-0.5784419178962708,-0.3807874321937561,-0.7598276138305664,-0.3991527855396271,-0.5086392164230347,-0.6053351163864136,-0.2969927489757538,-0.423708975315094,-0.43125200271606445,-0.3375239670276642,-0.3674972951412201,-0.19856210052967072,-0.24031420052051544,-0.4361741542816162,-0.6267690062522888,-0.0977771133184433,-0.5303802490234375,-0.5012343525886536,-0.051683373749256134,-0.4933687448501587,-0.3350571393966675,-0.09647895395755768,-0.45985710620880127
THUMBS_UP,0.0,0.0,0.0,-0.08182182163000107,-0.6313886642456055,-0.013293039053678513,-0.22743839025497437,-1.116620659828186,-0.07454588264226913,-0.38891732692718506,-1.5262624025344849,-0.13959263265132904,-0.48208051919937134,-1.8386991024017334,-0.2098502814769745,-0.7496894598007202,-0.9240097403526306,-0.13342949748039246,-1.0928854942321777,-0.8598042130470276,-0.16811850666999817,-0.988940417766571,-0.7405070066452026,-0.1857597678899765,-0.8277757167816162,-0.6860860586166382,-0.19397108256816864,-0.8389954566955566,-0.5209007859230042,-0.15727880597114563,-1.1367692947387695,-0.4929327666759491,-0.1512102633714676,-1.0030138492584229,-0.4190751314163208,-0.13363610208034515,-0.8313249945640564,-0.39248716831207275,-0.1390954703092575,-0.8602045774459839,-0.12091555446386337,-0.1701468974351883,-1.1067410707473755,-0.11166594922542572,-0.1513226181268692,-0.9769284725189209,-0.07788144052028656,-0.09419941902160645,-0.8134090304374695,-0.06523127853870392,-0.07699879258871078,-0.8399015665054321,0.23931416869163513,-0.183149054646492,-1.0339540243148804,0.2480725646018982,-0.16395211219787598,-0.8969969749450684,0.24422308802604675,-0.09086613357067108,-0.7514857053756714,0.22640138864517212,-0.03907816857099533
THUMBS_UP,0.0,0.0,0.0,-0.028545290231704712,-0.5729572772979736,-0.028398117050528526,-0.17211543023586273,-1.0480623245239258,-0.11842159926891327,-0.3125925362110138,-1.438866138458252,-0.2018035352230072,-0.3763515055179596,-1.7736388444900513,-0.29973897337913513,-0.5786688327789307,-1.044223427772522,-0.2739660441875458,-1.1193835735321045,-1.0483323335647583,-0.36010849475860596,-1.2753491401672363,-0.9781815409660339,-0.38989752531051636,-1.329447865486145,-0.9298572540283203,-0.40570542216300964,-0.6821190714836121,-0.664762556552887,-0.3046208322048187,-1.1672403812408447,-0.7079299688339233,-0.3773583173751831,-1.1346080303192139,-0.6246765851974487,-0.3705490231513977,-1.0285508632659912,-0.5574567914009094,-0.3760676681995392,-0.7515847086906433,-0.2822887897491455,-0.31985723972320557,-1.1794911623001099,-0.38786014914512634,-0.3636704385280609,-1.1207772493362427,-0.323116660118103,-0.2925131320953369,-0.9958205223083496,-0.25016388297080994,-0.25501981377601624,-0.8049464821815491,0.07325924187898636,-0.33352869749069214,-1.1673715114593506,-0.05163302645087242,-0.3623650372028351,-1.100765347480774,-0.023715993389487267,-0.295171856880188,-0.9987030625343323,0.026811102405190468,-0.24424445629119873
THUMBS_UP,0.0,0.0,0.0,-0.21278062462806702,-0.6533034443855286,-0.09089741855859756,-0.3277035355567932,-1.2401865720748901,-0.18332107365131378,-0.3550238311290741,-1.7119386196136475,-0.26473620533943176,-0.30545857548713684,-2.1189558506011963,-0.33358022570610046,-0.018709879368543625,-1.353234052658081,-0.25803640484809875,-0.6536598801612854,-1.1448261737823486,-0.3863910436630249,-0.6147571802139282,-0.9275646209716797,-0.4072929918766022,-0.43482160568237305,-0.9373660087585449,-0.4101235270500183,0.06716188788414001,-0.9514292478561401,-0.3004380166530609,-0.6541893482208252,-0.7144695520401001,-0.3960166573524475,-0.5444220304489136,-0.5815891027450562,-0.36009344458580017,-0.37099239230155945,-0.6315263509750366,-0.3486776053905487,0.1014232262969017,-0.5279910564422607,-0.3499225974082947,-0.5785343647003174,-0.2984752953052521,-0.4372786581516266,-0.4648269712924957,-0.20641468465328217,-0.369646817445755,-0.28634655475616455,-0.2510187029838562,-0.3367900550365448,0.09888302534818649,-0.12042038887739182,-0.4098113775253296,-0.44579005241394043,0.07144799828529358,-0.47426703572273254,-0.3657781481742859,0.09319104254245758,-0.44896891713142395,-0.19491584599018097,0.04591219872236252,-0.4293361008167267
THUMBS_UP,0.0,0.0,0.0,-0.09911347180604935,-0.47064322233200073,-0.22814840078353882,0.002581851789727807,-0.9827324748039246,-0.33975860476493835,0.15327391028404236,-1.3370280265808105,-0.42446425557136536,0.296515554189682,-1.6750867366790771,-0.47918280959129333,0.6466156840324402,-0.8743341565132141,-0.1999141126871109,0.4668114483356476,-0.7008928060531616,-0.3681797683238983,0.24658548831939697,-0.6274845004081726,-0.4564156234264374,0.23305127024650574,-0.6696457266807556,-0.5175178050994873,0.8280487060546875,-0.5317284464836121,-0.17774194478988647,0.5291591286659241,-0.3400478959083557,-0.3379819095134735,0.2543695271015167,-0.3262009620666504,-0.385752409696579,0.24847647547721863,-0.39234116673469543,-0.41277453303337097,0.8812195062637329,-0.17983019351959229,-0.18453936278820038,0.5609868764877319,-0.012765648774802685,-0.3755062520503998,0.29744264483451843,-0.04814781993627548,-0.3677125573158264,0.28875917196273804,-0.14471335709095,-0.34264618158340454,0.8658313155174255,0.1580515205860138,-0.21208877861499786,0.5983615517616272,0.2731853127479553,-0.35639554262161255,0.36343058943748474,0.19986294209957123,-0.36099815368652344,0.30793002247810364,0.06949277967214584,-0.34372878074645996
THUMBS_UP,0.0,0.0,0.0,0.2096584290266037,-0.6210159063339233,-0.08827102929353714,0.5457797050476074,-1.2760570049285889,-0.2307887226343155,0.689473569393158,-1.7804251909255981,-0.3626400828361511,0.6978169083595276,-2.2525696754455566,-0.4646086096763611,0.6545767784118652,-1.0992244482040405,-0.43166542053222656,1.364227294921875,-0.9225810170173645,-0.6511610746383667,1.176434874534607,-0.8189012408256531,-0.7272411584854126,0.9219295978546143,-0.8694134950637817,-0.7556260824203491,0.606619656085968,-0.6204863786697388,-0.4969852566719055,1.342568278312683,-0.46689340472221375,-0.6475543975830078,1.1102045774459839,-0.43866702914237976,-0.6003657579421997,0.838038980960846,-0.4958525598049164,-0.5762132406234741,0.5571625232696533,-0.13679642975330353,-0.5597703456878662,1.218923568725586,-0.03949285298585892,-0.656701385974884,0.9949216842651367,-0.04118109866976738,-0.5078157186508179,0.7416588068008423,-0.08367586135864258,-0.42000579833984375,0.5091000199317932,0.31126153469085693,-0.6282600164413452,1.0261517763137817,0.3557279109954834,-0.6610894799232483,0.8571666479110718,0.3240165710449219,-0.5345157384872437,0.6336588263511658,0.28523167967796326,-0.45395541191101074
THUMBS_UP,0.0,0.0,0.0,0.19622518122196198,-0.5163606405258179,-0.0686633512377739,0.5117267966270447,-1.1086136102676392,-0.1566883772611618,0.6331762671470642,-1.5745972394943237,-0.24462029337882996,0.6197176575660706,-1.9898440837860107,-0.30907636880874634,0.5675053596496582,-1.1388081312179565,-0.3004065155982971,1.1411230564117432,-0.9658383727073669,-0.5046118497848511,0.9908097982406616,-0.7807580232620239,-0.583966851234436,0.7824256420135498,-0.8002018928527832,-0.6190540790557861,0.49456968903541565,-0.7860109806060791,-0.3709028661251068,1.120714783668518,-0.5503401756286621,-0.5164417028427124,0.9250528216362,-0.45042261481285095,-0.48764199018478394,0.7210407257080078,-0.49754148721694946,-0.475970596075058,0.42712387442588806,-0.3710675835609436,-0.4482230544090271,0.9899733662605286,-0.16682443022727966,-0.5625373125076294,0.7983023524284363,-0.1321062296628952,-0.46981415152549744,0.615915834903717,-0.19376689195632935,-0.4145919382572174,0.358818382024765,0.03426002711057663,-0.5311782956123352,0.8491308689117432,0.15338896214962006,-0.5779345631599426,0.6916634440422058,0.15162886679172516,-0.49570003151893616,0.49448391795158386,0.10637516528367996,-0.4451659917831421
THUMBS_UP,0.0,0.0,0.0,0.14406907558441162,-0.7164661288261414,-0.21169479191303253,0.4267853796482086,-1.5262855291366577,-0.4087313711643219,0.5134537816047668,-2.1334917545318604,-0.5674189925193787,0.4252523183822632,-2.688361644744873,-0.6927794814109802,0.3944638967514038,-1.2416491508483887,-0.6362482309341431,1.2050446271896362,-1.2315980195999146,-0.9373827576637268,1.034778118133545,-1.14090096950531,-1.054564356803894,0.7212135195732117,-1.1488803625106812,-1.1018712520599365,0.38758012652397156,-0.6466663479804993,-0.6569529175758362,1.295474648475647,-0.6186273097991943,-0.882361888885498,1.0626943111419678,-0.5828821659088135,-0.8535630106925964,0.7553519010543823,-0.5720107555389404,-0.8513479232788086,0.4359506368637085,-0.06804867088794708,-0.6817925572395325,1.27979576587677,-0.06502003967761993,-0.8318189382553101,1.0441465377807617,-0.08913557231426239,-0.6918032765388489,0.7458575963973999,-0.07643648236989975,-0.6159920692443848,0.48217451572418213,0.429497092962265,-0.7222038507461548,1.1320641040802002,0.3735172152519226,-0.7905395030975342,0.941126823425293,0.344204843044281,-0.682441234588623,0.6616543531417847,0.37034013867378235,-0.6238229274749756
THUMBS_UP,0.0,0.0,0.0,0.2598719596862793,-0.6225084662437439,-0.13921305537223816,0.6350042819976807,-1.191473364830017,-0.34874165058135986,0.7994633913040161,-1.6967412233352661,-0.5291439294815063,0.8043712377548218,-2.2218618392944336,-0.68461012840271,0.755637526512146,-0.8532587885856628,-0.6279042959213257,1.5987987518310547,-0.6648420095443726,-0.8639464974403381,1.427546739578247,-0.6195268034934998,-0.9173381924629211,1.155708909034729,-0.6665445566177368,-0.907680332660675,0.7013877034187317,-0.2929237484931946,-0.6498005986213684,1.573797345161438,-0.09016131609678268,-0.8280739784240723,1.3777673244476318,-0.1672077775001526,-0.7684792876243591,1.0855531692504883,-0.2559579610824585,-0.718091607093811,0.6541396379470825,0.20351499319076538,-0.6582478880882263,1.4785689115524292,0.3804900050163269,-0.7478726506233215,1.280103087425232,0.2565404772758484,-0.5809273719787598,0.9915566444396973,0.16807624697685242,-0.4718131721019745,0.6197068691253662,0.5973142385482788,-0.6726929545402527,1.2066223621368408,0.6685439944267273,-0.6751529574394226,1.0812149047851562,0.5752671360969543,-0.5308827757835388,0.8767672181129456,0.5076174139976501,-0.4379003942012787
THUMBS_UP,0.0,0.0,0.0,0.2262851744890213,-1.0491523742675781,-0.21900832653045654,0.4379270076751709,-2.0534558296203613,-0.4226462244987488,0.3916606307029724,-2.801347494125366,-0.5973167419433594,0.16524037718772888,-3.444004535675049,-0.7277876734733582,0.09288441389799118,-1.4816607236862183,-0.6724252104759216,1.1628690958023071,-1.6338139772415161,-1.0278493165969849,0.9568025469779968,-1.384212851524353,-1.1643822193145752,0.5867947340011597,-1.3553494215011597,-1.2401962280273438,0.0685945525765419,-0.6747720241546631,-0.7348223328590393,1.2756847143173218,-0.9731084704399109,-1.0011589527130127,0.9841554164886475,-0.8021886348724365,-0.9503483176231384,0.6372328996658325,-0.7583011984825134,-0.969273030757904,0.17062465846538544,-0.013878105208277702,-0.8082069158554077,1.306085467338562,-0.34862199425697327,-1.0004390478134155,1.0114493370056152,-0.2201230525970459,-0.8041459918022156,0.6882835030555725,-0.18886996805667877,-0.7191688418388367,0.31092187762260437,0.5022512674331665,-0.9064933061599731,1.1990128755569458,0.22498901188373566,-0.9618361592292786,0.976704478263855,0.2907872200012207,-0.8100706338882446,0.6564505100250244,0.34801366925239563,-0.7526906728744507
OPEN_PALM,0.0,0.0,0.0,0.2820001244544983,-0.1383453756570816,-0.12310382723808289,0.5033288598060608,-0.3653343617916107,-0.18916934728622437,0.6913275718688965,-0.5367488265037537,-0.251583993434906,0.86806321144104,-0.6136270761489868,-0.31621265411376953,0.2539500296115875,-0.9619570970535278,-0.09913913905620575,0.31501278281211853,-1.3321337699890137,-0.17903731763362885,0.34292805194854736,-1.561158537864685,-0.24946041405200958,0.36331433057785034,-1.7616479396820068,-0.30371588468551636,0.07341834157705307,-0.9912362694740295,-0.10977753251791,0.07895473390817642,-1.4110949039459229,-0.17720936238765717,0.08549453318119049,-1.6703206300735474,-0.24223080277442932,0.09081239253282547,-1.8835489749908447,-0.29177072644233704,-0.08907733112573624,-0.9189066886901855,-0.13635124266147614,-0.11597318947315216,-1.304539680480957,-0.20863386988639832,-0.12679651379585266,-1.5492161512374878,-0.27046042680740356,-0.12531732022762299,-1.7635589838027954,-0.3144545257091522,-0.2368534803390503,-0.7615134119987488,-0.17570172250270844,-0.3418004810810089,-1.0066299438476562,-0.24837161600589752,-0.4002811014652252,-1.1823307275772095,-0.28500664234161377,-0.43655237555503845,-1.3576550483703613,-0.3080722391605377
OPEN_PALM,0.0,0.0,0.0,0.3283953070640564,0.14891789853572845,-0.14184552431106567,0.6379508376121521,0.1928587704896927,-0.2203880250453949,0.903643786907196,0.21397162973880768,-0.2939647138118744,1.1081111431121826,0.2971886098384857,-0.3664252758026123,0.6902239918708801,-0.6296616196632385,-0.09063950181007385,0.9361590147018433,-0.8936951756477356,-0.17542508244514465,1.0711145401000977,-1.0752462148666382,-0.25507164001464844,1.179903507232666,-1.2341347932815552,-0.31360769271850586,0.562866747379303,-0.8214131593704224,-0.09192822128534317,0.7866476774215698,-1.1995348930358887,-0.1586269587278366,0.9286313652992249,-1.4261397123336792,-0.22584286332130432,1.040833830833435,-1.6060264110565186,-0.27545875310897827,0.40420597791671753,-0.9116129279136658,-0.11248114705085754,0.5640815496444702,-1.2803758382797241,-0.18360309302806854,0.6782047748565674,-1.4892009496688843,-0.24182084202766418,0.7799364924430847,-1.6551355123519897,-0.2800964117050171,0.21928274631500244,-0.9201151728630066,-0.14855413138866425,0.2523316442966461,-1.2267451286315918,-0.21405254304409027,0.292282372713089,-1.4235029220581055,-0.24113890528678894,0.3459303677082062,-1.59499990940094,-0.25517553091049194
OPEN_PALM,0.0,0.0,0.0,0.3148921728134155,0.15330800414085388,-0.1198156550526619,0.6238089203834534,0.18716487288475037,-0.20753401517868042,0.8712347745895386,0.2679639756679535,-0.29537829756736755,1.0705217123031616,0.37631335854530334,-0.3885827362537384,0.7665720582008362,-0.5608780980110168,-0.14480926096439362,1.0223594903945923,-0.8483861684799194,-0.25825631618499756,1.1764068603515625,-1.034837245941162,-0.3510163426399231,1.3146809339523315,-1.2032502889633179,-0.42224812507629395,0.648393452167511,-0.7391521334648132,-0.18229399621486664,0.8824025392532349,-1.1471610069274902,-0.2830524146556854,1.0440826416015625,-1.40384042263031,-0.3692135512828827,1.1771905422210693,-1.62376070022583,-0.4341897964477539,0.47995951771736145,-0.8070815801620483,-0.23451034724712372,0.6682769060134888,-1.2110614776611328,-0.3390708863735199,0.8056622743606567,-1.4557018280029297,-0.4193263351917267,0.9336982369422913,-1.6662288904190063,-0.4745458662509918,0.27907368540763855,-0.7782389521598816,-0.29841744899749756,0.3189568817615509,-1.1365922689437866,-0.40888267755508423,0.36671486496925354,-1.3849396705627441,-0.4656350016593933,0.4280811846256256,-1.612213134765625,-0.5003564357757568
OPEN_PALM,0.0,0.0,0.0,0.27500030398368835,-0.16597576439380646,-0.13665178418159485,0.4959668517112732,-0.40734416246414185,-0.22632530331611633,0.6930294036865234,-0.5770182609558105,-0.3111453950405121,0.8685729503631592,-0.6875553131103516,-0.40114516019821167,0.23432216048240662,-0.9657081961631775,-0.17110933363437653,0.25539663434028625,-1.3651152849197388,-0.28498199582099915,0.24980837106704712,-1.6126083135604858,-0.3710041046142578,0.2363721877336502,-1.835724949836731,-0.4358976483345032,0.044463492929935455,-0.9803572297096252,-0.19213590025901794,0.019440965726971626,-1.4180262088775635,-0.30024734139442444,0.002684522420167923,-1.7031877040863037,-0.38740700483322144,-0.023757845163345337,-1.953474521636963,-0.4515448212623596,-0.1260782927274704,-0.8802722692489624,-0.22666408121585846,-0.20344379544258118,-1.277950406074524,-0.3329821527004242,-0.24466101825237274,-1.540822148323059,-0.4097101390361786,-0.278358519077301,-1.7858034372329712,-0.46293774247169495,-0.2683001458644867,-0.6910043358802795,-0.27322152256965637,-0.4163742661476135,-0.9407250285148621,-0.3778265714645386,-0.5072376132011414,-1.1247732639312744,-0.4305014908313751,-0.5810356736183167,-1.3164646625518799,-0.4633856415748596
OPEN_PALM,0.0,0.0,0.0,0.28576672077178955,-0.12601813673973083,-0.12522464990615845,0.5291668772697449,-0.3240148723125458,-0.1888195127248764,0.733299195766449,-0.47876256704330444,-0.24856553971767426,0.9091081023216248,-0.5417786836624146,-0.3081405758857727,0.29537731409072876,-0.9349595308303833,-0.07911836355924606,0.37555935978889465,-1.2910081148147583,-0.14732542634010315,0.40478166937828064,-1.4914835691452026,-0.21134960651397705,0.42616984248161316,-1.6704849004745483,-0.2589203119277954,0.12055295705795288,-0.9895503520965576,-0.07903610169887543,0.1675589680671692,-1.3909509181976318,-0.12663397192955017,0.1826653778553009,-1.6282950639724731,-0.17926502227783203,0.1922590434551239,-1.8212462663650513,-0.22114485502243042,-0.04500675946474075,-0.9472442865371704,-0.09643435478210449,-0.05200612545013428,-1.3131779432296753,-0.14386950433254242,-0.05264905095100403,-1.5250988006591797,-0.18856529891490936,-0.04376501962542534,-1.7058840990066528,-0.22338901460170746,-0.20416538417339325,-0.8204220533370972,-0.1289941817522049,-0.29487109184265137,-1.0556615591049194,-0.17440927028656006,-0.3463214337825775,-1.2122260332107544,-0.19484160840511322,-0.3767821788787842,-1.3616091012954712,-0.2082410305738449
OPEN_PALM,0.0,0.0,0.0,0.3050934970378876,0.12032673507928848,-0.18180061876773834,0.5907902121543884,0.16714389622211456,-0.2998620271682739,0.8361907005310059,0.20858804881572723,-0.40527811646461487,1.0446274280548096,0.303627073764801,-0.5112975239753723,0.6600311994552612,-0.628096878528595,-0.2033131718635559,0.9173640608787537,-0.9071835875511169,-0.32528066635131836,1.0645928382873535,-1.103692650794983,-0.4204774796962738,1.1893583536148071,-1.2793034315109253,-0.4879889488220215,0.5248024463653564,-0.8277415037155151,-0.19852392375469208,0.7666118144989014,-1.1959806680679321,-0.3005055785179138,0.9189205169677734,-1.4406459331512451,-0.3821791112422943,1.0427671670913696,-1.6413705348968506,-0.44262078404426575,0.3481813073158264,-0.9201962351799011,-0.21121250092983246,0.5270897150039673,-1.302960753440857,-0.3068324625492096,0.648838996887207,-1.527760624885559,-0.378078818321228,0.765606164932251,-1.7100046873092651,-0.42710691690444946,0.140452578663826,-0.9260610938072205,-0.2406882643699646,0.18268388509750366,-1.2456469535827637,-0.3295631408691406,0.23119275271892548,-1.4573848247528076,-0.37395212054252625,0.30124107003211975,-1.6437244415283203,-0.4008454978466034
OPEN_PALM,0.0,0.0,0.0,-0.28206560015678406,0.03113684058189392,-0.13112223148345947,-0.5688909292221069,-0.03951765596866608,-0.2051200568675995,-0.8039439916610718,-0.13244479894638062,-0.2682768702507019,-0.9994586110115051,-0.1322132647037506,-0.3305091857910156,-0.5654098987579346,-0.7334194183349609,-0.10103905946016312,-0.7677105069160461,-1.0410367250442505,-0.17746601998806,-0.8837289214134216,-1.2333539724349976,-0.2514331638813019,-0.981090247631073,-1.409752368927002,-0.31285297870635986,-0.4367322623729706,-0.8932167887687683,-0.10683881491422653,-0.6130768656730652,-1.2643581628799438,-0.16818010807037354,-0.7251418828964233,-1.4921106100082397,-0.23282475769519806,-0.8238496780395508,-1.687024474143982,-0.2882865071296692,-0.2826814651489258,-0.9534158110618591,-0.13192932307720184,-0.40287503600120544,-1.3286837339401245,-0.202829971909523,-0.4932566285133362,-1.545436978340149,-0.2640102505683899,-0.5852047204971313,-1.7262870073318481,-0.3158693015575409,-0.10481731593608856,-0.9383688569068909,-0.17090220749378204,-0.09470700472593307,-1.2282629013061523,-0.24244631826877594,-0.11728610843420029,-1.417637586593628,-0.28580689430236816,-0.15294477343559265,-1.5922192335128784,-0.32114624977111816
OPEN_PALM,0.0,0.0,0.0,-0.31604400277137756,-0.007409567479044199,-0.10554743558168411,-0.5928542017936707,-0.13590079545974731,-0.1750623732805252,-0.806460440158844,-0.25018492341041565,-0.23962275683879852,-1.000365138053894,-0.2697758078575134,-0.30757957696914673,-0.4826635718345642,-0.8187786936759949,-0.10375791788101196,-0.6509937047958374,-1.1564269065856934,-0.18744805455207825,-0.7436251044273376,-1.374192476272583,-0.263471394777298,-0.8195599913597107,-1.5678489208221436,-0.3245977759361267,-0.32436832785606384,-0.9370110630989075,-0.1295529007911682,-0.45841705799102783,-1.3485480546951294,-0.20278146862983704,-0.541066586971283,-1.613385796546936,-0.2798232138156891,-0.6094119548797607,-1.8473984003067017,-0.3397657573223114,-0.15010754764080048,-0.9524361491203308,-0.16988107562065125,-0.23436537384986877,-1.3654110431671143,-0.2563614845275879,-0.29346367716789246,-1.6194350719451904,-0.3341922163963318,-0.3518126308917999,-1.8400368690490723,-0.3924929201602936,0.038085345178842545,-0.8891578316688538,-0.21894101798534393,0.08341693133115768,-1.1937415599822998,-0.3058435022830963,0.08918216079473495,-1.4046642780303955,-0.35596251487731934,0.08047224581241608,-1.6019001007080078,-0.3915235996246338
OPEN_PALM,0.0,0.0,0.0,-0.23158341646194458,-0.2566164433956146,-0.15136493742465973,-0.3948485851287842,-0.566779613494873,-0.2605954110622406,-0.5292398929595947,-0.8283709287643433,-0.36041292548179626,-0.6732160449028015,-1.026344656944275,-0.4661148488521576,0.05494897812604904,-0.9990028142929077,-0.19455114006996155,0.13505449891090393,-1.3999184370040894,-0.3233015537261963,0.19294866919517517,-1.6622124910354614,-0.43017879128456116,0.25905463099479675,-1.8924903869628906,-0.5084030032157898,0.26452451944351196,-0.9409262537956238,-0.21136952936649323,0.4071049690246582,-1.3702173233032227,-0.31540533900260925,0.5061071515083313,-1.6597903966903687,-0.40595361590385437,0.6058699488639832,-1.9102617502212524,-0.4772213399410248,0.42346733808517456,-0.7771885395050049,-0.24336333572864532,0.6238901019096375,-1.0898022651672363,-0.35139840841293335,0.7469244003295898,-1.295051097869873,-0.4137212634086609,0.845198929309845,-1.4737333059310913,-0.4590115249156952,0.5332966446876526,-0.5346836447715759,-0.2889319062232971,0.7439417243003845,-0.6806378364562988,-0.38497194647789,0.8810797929763794,-0.7873208522796631,-0.4122397005558014,0.9984925389289856,-0.8845269083976746,-0.42861947417259216
OPEN_PALM,0.0,0.0,0.0,-0.30240869522094727,0.11049223691225052,-0.11820750683546066,-0.6093301177024841,0.1584119200706482,-0.20009753108024597,-0.8489499092102051,0.23076477646827698,-0.27797967195510864,-1.0472869873046875,0.3351529836654663,-0.3599100410938263,-0.7408977746963501,-0.5557717084884644,-0.10713651776313782,-1.0303020477294922,-0.7709181904792786,-0.20060044527053833,-1.2056291103363037,-0.91035395860672,-0.2864837050437927,-1.3572778701782227,-1.0490612983703613,-0.35587701201438904,-0.6269814968109131,-0.7672694325447083,-0.13484656810760498,-0.8968505859375,-1.0925053358078003,-0.21070511639118195,-1.06936514377594,-1.3019781112670898,-0.28915032744407654,-1.2215046882629395,-1.4857014417648315,-0.3534305691719055,-0.45750555396080017,-0.8799103498458862,-0.18099746108055115,-0.6643292307853699,-1.2308088541030884,-0.26531752943992615,-0.803762674331665,-1.4492918252944946,-0.3364768624305725,-0.942903995513916,-1.6414357423782349,-0.3937038481235504,-0.24687139689922333,-0.9177283644676208,-0.2391558736562729,-0.3020581305027008,-1.2360501289367676,-0.3161218762397766,-0.36098504066467285,-1.4397886991500854,-0.35517048835754395,-0.4354122579097748,-1.623116135597229,-0.3869020342826843
FIST,0.0,0.0,0.0,0.31971344351768494,-0.2972535789012909,-0.009514614008367062,0.4780189096927643,-0.5730937719345093,-0.06170808523893356,0.5981112718582153,-0.7658388018608093,-0.12736377120018005,0.6651451587677002,-0.8481839895248413,-0.17410749197006226,0.13161684572696686,-1.1081600189208984,-0.05330850929021835,0.5293818116188049,-1.0897116661071777,-0.15158091485500336,0.5301532745361328,-0.8748173117637634,-0.205140620470047,0.4433288276195526,-0.8097182512283325,-0.24227343499660492,0.09205490350723267,-0.9895347952842712,-0.11106310784816742,0.550311803817749,-0.8932843208312988,-0.18702687323093414,0.5152634382247925,-0.6855865120887756,-0.18588024377822876,0.41283124685287476,-0.6679553389549255,-0.19256727397441864,0.10124409943819046,-0.7975953817367554,-0.17641602456569672,0.5413467884063721,-0.684783399105072,-0.23805920779705048,0.48952290415763855,-0.5046190619468689,-0.1962973177433014,0.3807428777217865,-0.48316705226898193,-0.17510302364826202,0.1429365873336792,-0.5732710361480713,-0.24808600544929504,0.4887939691543579,-0.492159366607666,-0.2724626660346985,0.4494421184062958,-0.3526553213596344,-0.23845987021923065,0.3531803786754608,-0.3199317157268524,-0.21913446485996246
FIST,0.0,0.0,0.0,0.30600419640541077,-0.10208744555711746,-0.011501285247504711,0.6157047152519226,-0.21887801587581635,-0.07777447253465652,0.883222222328186,-0.18730460107326508,-0.1542055457830429,1.014288306236267,-0.11103086918592453,-0.21023836731910706,0.5911135077476501,-0.9344011545181274,-0.07432977110147476,0.9776309728622437,-0.5629647374153137,-0.1787109673023224,0.9035744667053223,-0.345543771982193,-0.24448637664318085,0.7813305854797363,-0.3341693580150604,-0.2906108498573303,0.531488835811615,-0.8363428115844727,-0.13430248200893402,0.9268207550048828,-0.39182576537132263,-0.20781183242797852,0.8251214623451233,-0.20470838248729706,-0.21664398908615112,0.712852418422699,-0.24110975861549377,-0.2333258092403412,0.48646315932273865,-0.6350592970848083,-0.19929273426532745,0.8488016128540039,-0.1916315108537674,-0.24981166422367096,0.7271729111671448,-0.04811931774020195,-0.20727939903736115,0.6079630851745605,-0.10567763447761536,-0.1897045075893402,0.4593622386455536,-0.3862607181072235,-0.27127334475517273,0.7267434000968933,-0.014293531887233257,-0.2781156301498413,0.621086061000824,0.0893748328089714,-0.23709888756275177,0.5138661861419678,0.03771339729428291,-0.21705952286720276
FIST,0.0,0.0,0.0,-0.03618669509887695,-0.3681788444519043,0.06633546948432922,0.0393640510737896,-0.6853216290473938,0.04125545546412468,0.2654253840446472,-0.8627744317054749,-0.015744034200906754,0.4493652582168579,-0.9368102550506592,-0.05946170166134834,-0.13637392222881317,-0.9778924584388733,0.07189777493476868,0.28800541162490845,-1.1245582103729248,-0.01304487232118845,0.3426864445209503,-0.9015810489654541,-0.07755187153816223,0.26264989376068115,-0.739298403263092,-0.12193765491247177,-0.06336289644241333,-0.9978191256523132,-0.01821952871978283,0.3908155858516693,-1.0901987552642822,-0.08755959570407867,0.41389700770378113,-0.833963930606842,-0.11707029491662979,0.3093855679035187,-0.6830562949180603,-0.13358300924301147,0.05070020258426666,-0.9595946669578552,-0.1123942881822586,0.49093136191368103,-1.01139497756958,-0.16793319582939148,0.4964560866355896,-0.7119129300117493,-0.1392631083726883,0.38684290647506714,-0.5696229934692383,-0.11488907039165497,0.20043174922466278,-0.8714575171470642,-0.2074195146560669,0.5434341430664062,-0.8467881679534912,-0.22521838545799255,0.5348267555236816,-0.61528080701828,-0.18799538910388947,0.43641796708106995,-0.5010524988174438,-0.1589139699935913
FIST,0.0,0.0,0.0,0.508403480052948,0.07216794788837433,-0.08224359899759293,0.9711527824401855,0.23295120894908905,-0.24208728969097137,1.2152167558670044,0.5448742508888245,-0.40053093433380127,1.0939912796020508,0.7277340888977051,-0.5367370247840881,0.9895108938217163,-0.5870006680488586,-0.36760851740837097,1.2383701801300049,0.13676302134990692,-0.5101117491722107,1.06504225730896,0.31883788108825684,-0.520422101020813,0.9502566456794739,0.20976854860782623,-0.5356516242027283,0.7260532975196838,-0.5184359550476074,-0.4517328143119812,1.0030500888824463,0.36541715264320374,-0.5928059816360474,0.8139042854309082,0.4257503151893616,-0.5455515384674072,0.7583438158035278,0.22983574867248535,-0.529021143913269,0.4661421775817871,-0.32022926211357117,-0.5347947478294373,0.7014568448066711,0.5541813373565674,-0.6123687028884888,0.5575591921806335,0.49903175234794617,-0.5146897435188293,0.5056864023208618,0.2771975100040436,-0.47361698746681213,0.23351091146469116,-0.07216573506593704,-0.6357091069221497,0.4627038240432739,0.6166458129882812,-0.6696585416793823,0.38487374782562256,0.5468642115592957,-0.6261394023895264,0.3106551468372345,0.3523087799549103,-0.6133368611335754
FIST,0.0,0.0,0.0,0.18568213284015656,0.04871658235788345,-0.22685585916042328,0.31264758110046387,-0.02757248841226101,-0.37153223156929016,0.11209307610988617,-0.12421286106109619,-0.4816225469112396,-0.10278922319412231,-0.20719949901103973,-0.5702304840087891,0.36121079325675964,-0.8548374772071838,-0.25482377409935,0.1425754427909851,-0.613208532333374,-0.46746519207954407,0.1271965652704239,-0.36853277683258057,-0.592003345489502,0.19161240756511688,-0.3558003902435303,-0.6606215238571167,0.12957805395126343,-0.9651555418968201,-0.227326437830925,-0.10167479515075684,-0.6027745008468628,-0.4187595844268799,-0.09613935649394989,-0.2981238067150116,-0.47096946835517883,-0.04099458456039429,-0.2884877324104309,-0.47976458072662354,-0.08310608565807343,-0.9185661673545837,-0.22604867815971375,-0.2716103792190552,-0.5692116022109985,-0.4001380205154419,-0.2319507598876953,-0.2928254008293152,-0.3792152404785156,-0.16652168333530426,-0.289101779460907,-0.336920827627182,-0.2566467523574829,-0.7897871732711792,-0.2456672042608261,-0.371305376291275,-0.5021123290061951,-0.3620641231536865,-0.3188989758491516,-0.2789178192615509,-0.3408361077308655,-0.24450655281543732,-0.253806471824646,-0.29449471831321716
FIST,0.0,0.0,0.0,-0.3816151022911072,-0.11292985826730728,-0.18157976865768433,-0.7081012725830078,-0.207413449883461,-0.3288699984550476,-0.8654503226280212,-0.15574058890342712,-0.4408648610115051,-0.6883806586265564,-0.07465841621160507,-0.5265296101570129,-0.5069763660430908,-1.0438592433929443,-0.28567206859588623,-0.7516675591468811,-0.48740577697753906,-0.44012925028800964,-0.6680341362953186,-0.26915594935417175,-0.5387623906135559,-0.5924645662307739,-0.3914462625980377,-0.6127497553825378,-0.22555217146873474,-0.9336739778518677,-0.27815115451812744,-0.544548511505127,-0.19082432985305786,-0.37513139843940735,-0.4809662401676178,-0.09445463865995407,-0.3702448606491089,-0.4127253293991089,-0.3145129382610321,-0.3734349012374878,0.006322435103356838,-0.6774854063987732,-0.28767257928848267,-0.30765435099601746,0.03143290802836418,-0.34471505880355835,-0.30547845363616943,0.02994316630065441,-0.24603691697120667,-0.2501363456249237,-0.16661711037158966,-0.18163228034973145,0.15987461805343628,-0.3760804533958435,-0.3238018751144409,-0.12489975988864899,0.16250477731227875,-0.38063791394233704,-0.10950039327144623,0.11135920137166977,-0.3342103958129883,-0.04339523985981941,-0.09028013795614243,-0.2854446768760681
FIST,0.0,0.0,0.0,-0.16859875619411469,-0.3125426471233368,-0.1112789660692215,-0.2508256733417511,-0.6818130016326904,-0.1902213990688324,-0.24757327139377594,-0.9431249499320984,-0.2594378590583801,-0.08959420770406723,-0.9568357467651367,-0.2964707911014557,0.3064284324645996,-1.0450252294540405,-0.06660177558660507,0.025112230330705643,-1.1429815292358398,-0.19549164175987244,-0.07099894434213638,-0.8819746971130371,-0.2637697756290436,-0.004848967306315899,-0.7977268099784851,-0.3067299723625183,0.4362535774707794,-0.8963638544082642,-0.07877826690673828,0.048239629715681076,-0.9149254560470581,-0.20376531779766083,-0.03282662481069565,-0.6506468653678894,-0.21566112339496613,0.05604229122400284,-0.5934560894966125,-0.2012767791748047,0.4858751893043518,-0.6703740954399109,-0.1148303896188736,0.07624343037605286,-0.6290673613548279,-0.22288721799850464,0.002018224447965622,-0.4186597764492035,-0.17423878610134125,0.09313108026981354,-0.39082399010658264,-0.12273384630680084,0.4779990017414093,-0.4212539494037628,-0.16840261220932007,0.12700240314006805,-0.37827950716018677,-0.24056994915008545,0.076448954641819,-0.23139123618602753,-0.22242707014083862,0.1598367989063263,-0.1957351565361023,-0.18748703598976135
FIST,0.0,0.0,0.0,0.09630600363016129,-0.42783164978027344,0.04948068782687187,0.03687828406691551,-0.83680659532547,0.009541022591292858,-0.1846758872270584,-1.0957157611846924,-0.046558741480112076,-0.3835597038269043,-1.1572532653808594,-0.09525523334741592,0.22892193496227264,-1.041876196861267,-0.05277412757277489,-0.15263068675994873,-1.3103455305099487,-0.13445225358009338,-0.24174495041370392,-1.1022433042526245,-0.16654829680919647,-0.19625847041606903,-0.9934032559394836,-0.18796086311340332,0.1564357727766037,-0.9794194102287292,-0.1274995654821396,-0.29587602615356445,-1.1571084260940552,-0.19390372931957245,-0.3179240822792053,-0.9304966330528259,-0.18113642930984497,-0.2351582795381546,-0.834254264831543,-0.1805974394083023,0.037291668355464935,-0.8672190308570862,-0.20003274083137512,-0.39212989807128906,-0.968967080116272,-0.2446502298116684,-0.3731265962123871,-0.7408357858657837,-0.20748195052146912,-0.2715931832790375,-0.657624363899231,-0.1968899369239807,-0.10182950645685196,-0.7341740131378174,-0.27109313011169434,-0.42333266139030457,-0.7361677885055542,-0.3137010931968689,-0.40594953298568726,-0.5657498240470886,-0.308765172958374,-0.32415062189102173,-0.5045365691184998,-0.3086252212524414
FIST,0.0,0.0,0.0,-0.39283326268196106,-0.17811685800552368,-0.03959645703434944,-0.8526424169540405,-0.19787447154521942,-0.1286703199148178,-1.1746320724487305,0.05813203006982803,-0.21776540577411652,-1.2652974128723145,0.32937633991241455,-0.288989394903183,-0.9084364175796509,-0.7547801733016968,-0.1734055131673813,-1.3020427227020264,-0.1330745816230774,-0.32287731766700745,-1.1422001123428345,0.03332943469285965,-0.37514573335647583,-1.0158671140670776,-0.09030517190694809,-0.4041759669780731,-0.7624022960662842,-0.6018660068511963,-0.2376774251461029,-1.1434135437011719,0.15098392963409424,-0.38540199398994446,-0.9604628682136536,0.21292997896671295,-0.3817470967769623,-0.8543471693992615,0.04692971333861351,-0.3773096799850464,-0.6097294092178345,-0.34675881266593933,-0.3076742887496948,-0.9319832921028137,0.3875216245651245,-0.42141667008399963,-0.7526230812072754,0.39327746629714966,-0.359000563621521,-0.6552455425262451,0.2004561424255371,-0.3179219365119934,-0.459880530834198,-0.04925132170319557,-0.383370965719223,-0.7051054239273071,0.5172296166419983,-0.46456390619277954,-0.5741727352142334,0.5079034566879272,-0.4392072856426239,-0.48444026708602905,0.3351127505302429,-0.4151787757873535
FIST,0.0,0.0,0.0,-0.2525992691516876,-0.0990481972694397,-0.12278720736503601,-0.48720791935920715,-0.3348006010055542,-0.1993887722492218,-0.6084949970245361,-0.5756925344467163,-0.2706395089626312,-0.4648990333080292,-0.7102605700492859,-0.3084924519062042,-0.2729828357696533,-0.9723756909370422,-0.03826151043176651,-0.47849157452583313,-0.9569701552391052,-0.193932443857193,-0.44566962122917175,-0.6619546413421631,-0.2700347900390625,-0.3675161898136139,-0.6281523704528809,-0.30834639072418213,-0.1038748025894165,-0.9935972094535828,-0.04437194764614105,-0.345485657453537,-0.8540935516357422,-0.20326882600784302,-0.3058294355869293,-0.5177049040794373,-0.20637103915214539,-0.2235962450504303,-0.5104376673698425,-0.1671934723854065,0.047224536538124084,-0.9132776856422424,-0.0841798260807991,-0.19165156781673431,-0.6764358878135681,-0.2324090600013733,-0.16513074934482574,-0.38858941197395325,-0.17859531939029694,-0.08454030007123947,-0.4097192585468292,-0.10182317346334457,0.1788831204175949,-0.7716004252433777,-0.14160706102848053,-0.031619295477867126,-0.5328077673912048,-0.22001804411411285,-0.02711041271686554,-0.3370843231678009,-0.19476880133152008,0.03998526930809021,-0.3462674915790558,-0.14842097461223602
POINT_LEFT,0.0,0.0,0.0,-0.2933170795440674,-0.24980516731739044,0.002248625736683607,-0.6810585856437683,-0.2859137952327728,-0.0675843134522438,-0.990901529788971,-0.06825543940067291,-0.15135255455970764,-1.1290640830993652,0.1834583431482315,-0.24098630249500275,-0.836085855960846,-0.7320928573608398,-0.09811613708734512,-1.201045036315918,-0.6545295119285583,-0.19843144714832306,-1.4365202188491821,-0.6108007431030273,-0.2631443440914154,-1.6373175382614136,-0.5920419692993164,-0.3227252960205078,-0.7604009509086609,-0.6260652542114258,-0.1726892590522766,-1.0451080799102783,-0.07905648648738861,-0.30275043845176697,-0.9042776226997375,0.0075528426095843315,-0.32062020897865295,-0.8031219840049744,-0.08291713148355484,-0.3321727514266968,-0.6520903706550598,-0.4043380320072174,-0.24604299664497375,-0.8628683090209961,0.15969496965408325,-0.3480282127857208,-0.7223207354545593,0.18837176263332367,-0.31232768297195435,-0.6503332853317261,0.059794384986162186,-0.29110148549079895,-0.5472919344902039,-0.14419105648994446,-0.3223865032196045,-0.6989085078239441,0.2903411090373993,-0.3925175964832306,-0.5851801633834839,0.30814921855926514,-0.3733496367931366,-0.516451895236969,0.1955694705247879,-0.3582117259502411
POINT_LEFT,0.0,0.0,0.0,-0.3122422993183136,-0.1332085281610489,-0.012552292086184025,-0.647477924823761,-0.16973255574703217,-0.10632158070802689,-0.9201629757881165,-0.001605124562047422,-0.2149025946855545,-1.0513622760772705,0.1931760460138321,-0.32563742995262146,-0.8214311599731445,-0.6915160417556763,-0.1270083487033844,-1.2141414880752563,-0.6522271037101746,-0.2502197325229645,-1.4645887613296509,-0.6675117611885071,-0.32745352387428284,-1.673750877380371,-0.7034106850624084,-0.3949318826198578,-0.7298098206520081,-0.652108907699585,-0.2052355855703354,-1.0205777883529663,-0.07864019274711609,-0.3575747311115265,-0.8667899966239929,0.04619224742054939,-0.3705002963542938,-0.7592873573303223,-0.0371650792658329,-0.37130847573280334,-0.6073693037033081,-0.47908735275268555,-0.2856338322162628,-0.8113059401512146,0.13201463222503662,-0.39444780349731445,-0.6581411957740784,0.17404583096504211,-0.3400946259498596,-0.5831077694892883,0.030336294323205948,-0.3048139214515686,-0.48384255170822144,-0.24772639572620392,-0.3728669583797455,-0.6332383155822754,0.23526065051555634,-0.4400780200958252,-0.5134755373001099,0.260104238986969,-0.40656644105911255,-0.44590309262275696,0.1301649510860443,-0.3800031840801239
POINT_LEFT,0.0,0.0,0.0,-0.3574775457382202,0.20771530270576477,-0.08331772685050964,-0.651837170124054,0.2593890130519867,-0.18133825063705444,-0.8811952471733093,0.2220369428396225,-0.2941361367702484,-0.9339861869812012,0.0441507063806057,-0.3990531265735626,-0.8844668865203857,-0.4434953033924103,-0.06424099206924438,-1.1855676174163818,-0.49210429191589355,-0.19977320730686188,-1.3930400609970093,-0.5242935419082642,-0.289354145526886,-1.5696786642074585,-0.5669911503791809,-0.35966193675994873,-0.777542769908905,-0.6191210746765137,-0.11002916097640991,-0.9907255172729492,-0.2348131239414215,-0.28398507833480835,-0.7926323413848877,-0.006163207348436117,-0.3000684380531311,-0.660907506942749,-0.027364244684576988,-0.2776130139827728,-0.6262412071228027,-0.6850414872169495,-0.17622636258602142,-0.7592159509658813,-0.19684574007987976,-0.316366970539093,-0.5933892726898193,-0.021056750789284706,-0.23439963161945343,-0.5047001838684082,-0.09186892211437225,-0.15295156836509705,-0.45743420720100403,-0.6432095766067505,-0.2609257400035858,-0.5685608386993408,-0.2571398913860321,-0.33209362626075745,-0.4608664810657501,-0.12731990218162537,-0.269784539937973,-0.3815455138683319,-0.199899360537529,-0.20607060194015503
POINT_LEFT,0.0,0.0,0.0,-0.2611411213874817,0.21522608399391174,-0.1216370016336441,-0.6332956552505493,0.3051510751247406,-0.21088801324367523,-0.890220582485199,0.14863869547843933,-0.3113909065723419,-0.923245906829834,-0.1629951149225235,-0.40244969725608826,-0.9508451819419861,-0.27335646748542786,-0.0784878358244896,-1.308003544807434,-0.3925595283508301,-0.22535304725170135,-1.525733232498169,-0.4622724950313568,-0.28746896982192993,-1.6903774738311768,-0.5760018229484558,-0.3301769495010376,-0.8270629048347473,-0.5495800375938416,-0.1179635226726532,-1.0601953268051147,-0.5285881161689758,-0.348859041929245,-0.807563841342926,-0.22174258530139923,-0.35282424092292786,-0.6475652456283569,-0.1633802354335785,-0.28400811553001404,-0.6482860445976257,-0.7511684894561768,-0.1840728223323822,-0.7503542304039001,-0.5385650992393494,-0.3938327729701996,-0.5389570593833923,-0.2535066306591034,-0.30596572160720825,-0.4458569884300232,-0.2696740925312042,-0.18465262651443481,-0.43275442719459534,-0.8900794386863708,-0.26704198122024536,-0.5034430623054504,-0.6481212377548218,-0.36629801988601685,-0.37252235412597656,-0.4536852538585663,-0.29469189047813416,-0.3096824884414673,-0.5089702606201172,-0.21156790852546692
POINT_LEFT,0.0,0.0,0.0,-0.28476041555404663,0.11014354228973389,-0.14451073110103607,-0.5309268832206726,0.15575724840164185,-0.3014809191226959,-0.7063406109809875,0.19731029868125916,-0.4639878571033478,-0.6265071034431458,0.11594435572624207,-0.6193820834159851,-0.7827249765396118,-0.5308868885040283,-0.22486452758312225,-1.106071949005127,-0.6854445934295654,-0.4188256561756134,-1.3540469408035278,-0.7908837199211121,-0.5245949029922485,-1.5268774032592773,-0.8787636160850525,-0.600367546081543,-0.6156960725784302,-0.745864987373352,-0.2541484534740448,-0.6972774863243103,-0.2762705981731415,-0.4637264013290405,-0.5323965549468994,-0.002901141531765461,-0.4577612578868866,-0.43736177682876587,-0.05619199946522713,-0.4122576117515564,-0.37606269121170044,-0.7878273129463196,-0.3062012493610382,-0.36334192752838135,-0.17699569463729858,-0.4535216689109802,-0.2818482518196106,-0.02031056024134159,-0.34602677822113037,-0.25577762722969055,-0.15591874718666077,-0.2465953379869461,-0.1343679279088974,-0.7167456746101379,-0.3848682940006256,-0.1263057291507721,-0.22309096157550812,-0.46702101826667786,-0.08996328711509705,-0.10381161421537399,-0.4002646803855896,-0.07664277404546738,-0.23049944639205933,-0.3264326751232147
POINT_LEFT,0.0,0.0,0.0,0.1919240653514862,-0.5182428956031799,-0.0007914364105090499,0.1700945645570755,-0.8448725938796997,-0.06203792244195938,0.17002038657665253,-1.106029748916626,-0.14993257820606232,0.1563538908958435,-1.3629635572433472,-0.2289297878742218,-0.34570616483688354,-0.9874747395515442,-0.0470556803047657,-0.4611854553222656,-1.3232187032699585,-0.14864873886108398,-0.5741115808486938,-1.5363917350769043,-0.21539823710918427,-0.6948318481445312,-1.7079213857650757,-0.26833194494247437,-0.38601335883140564,-0.9139703512191772,-0.1250675469636917,-0.05768338963389397,-1.3280442953109741,-0.2675882577896118,0.09153128415346146,-1.1436985731124878,-0.2941223382949829,0.060050200670957565,-0.9924808740615845,-0.2874794602394104,-0.32322728633880615,-0.8153775930404663,-0.2067195028066635,0.05202934145927429,-1.1525449752807617,-0.3326314687728882,0.16134630143642426,-0.9602873921394348,-0.28506365418434143,0.10920961201190948,-0.8207131028175354,-0.2318739891052246,-0.193825364112854,-0.722590982913971,-0.2935231029987335,0.11740314215421677,-0.9614381790161133,-0.3556705713272095,0.2071789652109146,-0.8274208903312683,-0.3042442202568054,0.17350152134895325,-0.7069644927978516,-0.2558223605155945
POINT_LEFT,0.0,0.0,0.0,0.11775041371583939,-0.5605887174606323,0.03740794584155083,0.030641479417681694,-0.9160004258155823,0.006089901085942984,-0.042468879371881485,-1.2202239036560059,-0.07156796008348465,-0.1651517152786255,-1.4934237003326416,-0.14319783449172974,-0.571412205696106,-0.8505663275718689,0.09986107051372528,-0.8451240062713623,-1.0450046062469482,0.023547155782580376,-1.0461606979370117,-1.226599931716919,-0.04233397915959358,-1.2284035682678223,-1.3359287977218628,-0.09204389899969101,-0.6366079449653625,-0.7711647152900696,0.004711602348834276,-0.47718262672424316,-1.3776401281356812,-0.1462782621383667,-0.22038058936595917,-1.2852028608322144,-0.19043375551700592,-0.15769502520561218,-1.0481922626495361,-0.17556311190128326,-0.6182503700256348,-0.7181242108345032,-0.09917129576206207,-0.3930026888847351,-1.2993412017822266,-0.24596548080444336,-0.1603655368089676,-1.157342791557312,-0.21433044970035553,-0.12448644638061523,-0.8974770903587341,-0.14643943309783936,-0.5525054335594177,-0.7154159545898438,-0.20421002805233002,-0.3564162254333496,-1.2007256746292114,-0.2896895706653595,-0.1610907018184662,-1.1540995836257935,-0.24173982441425323,-0.0918034166097641,-0.9783754944801331,-0.17642036080360413
POINT_LEFT,0.0,0.0,0.0,0.010598872788250446,-0.6508734226226807,-0.003180695464834571,-0.09277091175317764,-0.9818413257598877,-0.10773944854736328,-0.14029380679130554,-1.2753095626831055,-0.24214383959770203,-0.21624132990837097,-1.5350924730300903,-0.37301066517829895,-0.7097774147987366,-0.8298429846763611,-0.16813600063323975,-1.0005635023117065,-1.0179858207702637,-0.3197746276855469,-1.2470641136169434,-1.1561450958251953,-0.42374366521835327,-1.4637525081634521,-1.2129055261611938,-0.502153754234314,-0.7114291191101074,-0.6479632258415222,-0.2720312178134918,-0.49669864773750305,-1.3097517490386963,-0.4726924002170563,-0.2045329362154007,-1.295849323272705,-0.5031088590621948,-0.08777865767478943,-1.1625553369522095,-0.49092966318130493,-0.5835977792739868,-0.5058099031448364,-0.37347573041915894,-0.2987649738788605,-1.1197751760482788,-0.5498727560043335,-0.06979880481958389,-1.0567041635513306,-0.4738669991493225,0.006527001038193703,-0.8942692279815674,-0.3891277015209198,-0.388988196849823,-0.4244042932987213,-0.48103830218315125,-0.2330756038427353,-0.8862552642822266,-0.5915859937667847,-0.05423282831907272,-1.0291980504989624,-0.5222570896148682,0.06969903409481049,-1.078253984451294,-0.4457142651081085
POINT_LEFT,0.0,0.0,0.0,0.10456176847219467,-0.22575820982456207,-0.14036142826080322,0.18490202724933624,-0.4697757363319397,-0.29589855670928955,0.08582133799791336,-0.5301987528800964,-0.4521801471710205,-0.08782358467578888,-0.4845270812511444,-0.6022717356681824,-0.24161003530025482,-1.005312204360962,-0.2774060368537903,-0.5231298208236694,-1.2796252965927124,-0.45769327878952026,-0.7357433438301086,-1.4399206638336182,-0.5612921714782715,-0.9293028116226196,-1.5523459911346436,-0.6299603581428528,-0.4593731164932251,-0.834716796875,-0.30366623401641846,-0.25871437788009644,-0.7866116166114807,-0.5117630362510681,-0.07442843168973923,-0.5424808263778687,-0.5449735522270203,-0.0401846244931221,-0.4631598889827728,-0.5333050489425659,-0.5679947733879089,-0.584077775478363,-0.3394673466682434,-0.29959923028945923,-0.4350649118423462,-0.5180992484092712,-0.13804326951503754,-0.28251922130584717,-0.4686521887779236,-0.10860186070203781,-0.265392005443573,-0.4050753712654114,-0.6243855357170105,-0.3112981915473938,-0.39324745535850525,-0.38059812784194946,-0.1876659244298935,-0.5109458565711975,-0.18514762818813324,-0.12945018708705902,-0.4684331715106964,-0.098701111972332,-0.1629311889410019,-0.4063401520252228
POINT_LEFT,0.0,0.0,0.0,-0.19736959040164948,-0.350216269493103,0.052661459892988205,-0.35161739587783813,-0.7515665888786316,-0.04050452262163162,-0.38917654752731323,-1.2144546508789062,-0.1682080626487732,-0.39388659596443176,-1.5803334712982178,-0.29956284165382385,-0.7404522895812988,-0.6774185299873352,-0.1630537211894989,-1.0796140432357788,-1.0338399410247803,-0.3257054090499878,-1.3005142211914062,-1.2675412893295288,-0.40624454617500305,-1.485028624534607,-1.4529199600219727,-0.4573573172092438,-0.6874486207962036,-0.6663702726364136,-0.2887096405029297,-0.6408735513687134,-1.4307518005371094,-0.46551069617271423,-0.4356643259525299,-1.3443039655685425,-0.4458634555339813,-0.38354697823524475,-1.1158415079116821,-0.39959317445755005,-0.5106725692749023,-0.6746777296066284,-0.40841859579086304,-0.3616224229335785,-1.3760851621627808,-0.5570386648178101,-0.20514141023159027,-1.2165768146514893,-0.4548158645629883,-0.20991240441799164,-0.9979764223098755,-0.3611587584018707,-0.28399139642715454,-0.705050528049469,-0.5249599814414978,-0.11446037888526917,-1.2247005701065063,-0.5736174583435059,0.00946814101189375,-1.0825334787368774,-0.4707636535167694,0.0015475783729925752,-0.8978286385536194,-0.39116713404655457
POINT_RIGHT,0.0,0.0,0.0,-0.07445690035820007,-0.5549986958503723,-0.022377347573637962,-0.013397312723100185,-0.9529619812965393,-0.06794241070747375,0.10123338550329208,-1.2836560010910034,-0.15948231518268585,0.31105631589889526,-1.4463574886322021,-0.2525942921638489,0.5922207236289978,-0.855116605758667,0.14000728726387024,0.9075019359588623,-1.0121467113494873,0.04763563349843025,1.1104230880737305,-1.1875402927398682,-0.018733015283942223,1.2837716341018677,-1.3254846334457397,-0.0716104507446289,0.6788143515586853,-0.7316097617149353,0.06281372159719467,0.6156549453735352,-1.2801939249038696,-0.1635495275259018,0.31165432929992676,-1.1923540830612183,-0.24614562094211578,0.12444271892309189,-0.9792130589485168,-0.23410286009311676,0.7176035046577454,-0.6041498780250549,-0.035828329622745514,0.5542653799057007,-1.1052478551864624,-0.29680415987968445,0.26666560769081116,-0.9069005250930786,-0.30149298906326294,0.10528171807527542,-0.6361711025238037,-0.2161870002746582,0.7258415818214417,-0.46871089935302734,-0.1364356130361557,0.5689728260040283,-0.9292752146720886,-0.33305877447128296,0.35064196586608887,-0.8877361416816711,-0.3406211733818054,0.2108960747718811,-0.7333523631095886,-0.2851217985153198
POINT_RIGHT,0.0,0.0,0.0,-0.13363483548164368,-0.28553298115730286,-0.21160686016082764,-0.11313174664974213,-0.6035058498382568,-0.3752937614917755,0.11118193715810776,-0.5354243516921997,-0.5251394510269165,0.35278984904289246,-0.40299007296562195,-0.6633618474006653,0.4198673367500305,-0.9470157027244568,-0.3262232840061188,0.8312766551971436,-1.1866040229797363,-0.5464121103286743,1.1260175704956055,-1.2810039520263672,-0.6857801675796509,1.383506178855896,-1.361429214477539,-0.787427544593811,0.6077426075935364,-0.7288452386856079,-0.3153136372566223,0.5518419742584229,-0.5254037976264954,-0.6224603652954102,0.27624067664146423,-0.3174789249897003,-0.6829180121421814,0.15833719074726105,-0.29315122961997986,-0.6777286529541016,0.7028279304504395,-0.4814509153366089,-0.32511022686958313,0.5887199640274048,-0.22747987508773804,-0.5718358755111694,0.32439538836479187,-0.12845322489738464,-0.5117266178131104,0.22244727611541748,-0.20139628648757935,-0.42961210012435913,0.7435654997825623,-0.21984386444091797,-0.36039042472839355,0.6175740957260132,-0.004552577622234821,-0.5368483662605286,0.381387323141098,0.04514176398515701,-0.5180465579032898,0.272925466299057,-0.058845072984695435,-0.4660731256008148
POINT_RIGHT,0.0,0.0,0.0,0.02940160408616066,-0.13909702003002167,-0.4340163767337799,0.2748500108718872,-0.2030743807554245,-0.5841763615608215,0.6314642429351807,0.029462752863764763,-0.6577838063240051,0.9422314763069153,0.18132629990577698,-0.691453754901886,0.7050145864486694,-0.8146593570709229,-0.3483927845954895,1.1817313432693481,-0.8810243606567383,-0.5367037057876587,1.473861813545227,-0.8954127430915833,-0.6503646969795227,1.7549813985824585,-0.9088361263275146,-0.7231954336166382,0.8221738934516907,-0.52987140417099,-0.20796728134155273,0.9981263279914856,-0.19003985822200775,-0.4808160662651062,0.7382384538650513,-0.09330254048109055,-0.560667097568512,0.5846383571624756,-0.18889859318733215,-0.553774356842041,0.8530669212341309,-0.2672203779220581,-0.11351963132619858,0.9849331974983215,0.026335613802075386,-0.39745762944221497,0.7255359292030334,0.08435823023319244,-0.4179041087627411,0.6202890276908875,-0.06991062313318253,-0.35551178455352783,0.8194819688796997,-0.05636398121714592,-0.052986763417720795,0.9469059109687805,0.1755850911140442,-0.2537403702735901,0.7932915687561035,0.21811388432979584,-0.26941779255867004,0.674599289894104,0.09523633867502213,-0.22359073162078857
POINT_RIGHT,0.0,0.0,0.0,-0.21267461776733398,-0.04978516697883606,-0.2383766919374466,-0.3464352786540985,-0.19744201004505157,-0.43992841243743896,-0.18870395421981812,-0.1455397754907608,-0.6179676055908203,0.03612106293439865,-0.08930260688066483,-0.786075234413147,-0.052774909883737564,-0.9135226607322693,-0.3852827250957489,0.2171269953250885,-1.1974890232086182,-0.6035652756690979,0.44927021861076355,-1.3876796960830688,-0.7454641461372375,0.6585907340049744,-1.541116714477539,-0.8479786515235901,0.214639350771904,-0.9073203206062317,-0.3615027964115143,0.2434440553188324,-0.5276113152503967,-0.6262378692626953,0.06256642937660217,-0.15795324742794037,-0.6607513427734375,-0.024482253938913345,-0.11459881067276001,-0.6531122326850891,0.4006233215332031,-0.7703787684440613,-0.359695166349411,0.42730796337127686,-0.35710084438323975,-0.572338879108429,0.25912144780158997,-0.12792818248271942,-0.49645018577575684,0.15691088140010834,-0.17763428390026093,-0.41998422145843506,0.5314555168151855,-0.5787492990493774,-0.38564690947532654,0.5260640978813171,-0.25076133012771606,-0.5478862524032593,0.3877195417881012,-0.06155412271618843,-0.5166628360748291,0.28326061367988586,-0.0995541512966156,-0.4618496000766754
POINT_RIGHT,0.0,0.0,0.0,0.16805793344974518,0.4213966131210327,-0.44917505979537964,0.5433920621871948,0.7458214163780212,-0.5941893458366394,0.9136376976966858,0.9888892769813538,-0.6285601258277893,1.2443569898605347,1.11142098903656,-0.625150203704834,0.881595253944397,-0.18091532588005066,-0.49221834540367126,1.4186488389968872,-0.13575881719589233,-0.5966439247131348,1.743402123451233,-0.13988514244556427,-0.6426403522491455,1.9951056241989136,-0.21357659995555878,-0.667704164981842,0.9346170425415039,-0.2382991909980774,-0.26398202776908875,1.2536468505859375,0.32975172996520996,-0.3976972997188568,1.0903651714324951,0.6790335774421692,-0.40250083804130554,0.8995845317840576,0.7294238209724426,-0.3713003098964691,0.9267544150352478,-0.20902329683303833,-0.05866695195436478,1.2074230909347534,0.30832505226135254,-0.20678922533988953,1.0498396158218384,0.6060118079185486,-0.20963488519191742,0.9002686738967896,0.6258938908576965,-0.16786237061023712,0.8768318891525269,-0.16484880447387695,0.11748704314231873,1.101617455482483,0.2843862771987915,-0.005715197417885065,1.0037904977798462,0.5072452425956726,-0.029762767255306244,0.8637837767601013,0.5060269236564636,-0.008434523828327656
POINT_RIGHT,0.0,0.0,0.0,0.32854023575782776,0.2553569972515106,-0.06980551779270172,0.6742225885391235,0.30996719002723694,-0.11618929356336594,0.945824384689331,0.28348585963249207,-0.18346060812473297,1.1854177713394165,0.1476619690656662,-0.2404208779335022,0.9139890670776367,-0.35015732049942017,0.04628550633788109,1.1247315406799316,-0.5670682191848755,-0.04949919506907463,1.2906676530838013,-0.6794130802154541,-0.11049128323793411,1.4196486473083496,-0.8057060837745667,-0.15092027187347412,0.8626205325126648,-0.5057291388511658,0.010435717180371284,1.1286017894744873,-0.26488789916038513,-0.17637012898921967,0.9359580278396606,0.016018664464354515,-0.22427460551261902,0.7558931708335876,0.03403197228908539,-0.2001035511493683,0.7694697380065918,-0.6251055598258972,-0.047645453363657,0.9655229449272156,-0.27201372385025024,-0.2493903636932373,0.7497177720069885,-0.05924925580620766,-0.2344117909669876,0.586084246635437,-0.10077977180480957,-0.16203953325748444,0.634104311466217,-0.7085374593734741,-0.11221802234649658,0.7847481369972229,-0.3289221227169037,-0.24567937850952148,0.6438667178153992,-0.1536961942911148,-0.23113390803337097,0.5114317536354065,-0.20387165248394012,-0.1810663640499115
POINT_RIGHT,0.0,0.0,0.0,0.28613772988319397,0.37361085414886475,-0.14383405447006226,0.7389423251152039,0.5446640253067017,-0.21620255708694458,1.1126960515975952,0.4527951180934906,-0.2958534061908722,1.3554086685180664,0.1368464231491089,-0.3746879994869232,1.0170156955718994,-0.12920674681663513,-0.016153249889612198,1.2950927019119263,-0.2715618908405304,-0.12606161832809448,1.5384656190872192,-0.367704838514328,-0.16645796597003937,1.707221269607544,-0.49342110753059387,-0.18961210548877716,0.9299926161766052,-0.3662019968032837,-0.03149992600083351,1.2961618900299072,-0.15031306445598602,-0.25318053364753723,0.9622127413749695,0.16417334973812103,-0.26867568492889404,0.7546347975730896,0.10438388586044312,-0.19780242443084717,0.7983528971672058,-0.566902220249176,-0.07457756996154785,1.0777884721755981,-0.2760862410068512,-0.3665708601474762,0.7341281771659851,0.006067262031137943,-0.3056553602218628,0.543644368648529,-0.11380937695503235,-0.17175203561782837,0.6075661778450012,-0.7890639305114746,-0.12094710767269135,0.8611354231834412,-0.48032331466674805,-0.3297751843929291,0.640425980091095,-0.2580488622188568,-0.27633413672447205,0.4751971960067749,-0.38306111097335815,-0.1816580593585968
POINT_RIGHT,0.0,0.0,0.0,0.327476441860199,0.011245135217905045,0.013222917914390564,0.6638468503952026,0.2621246874332428,-0.05997186526656151,0.8567992448806763,0.6817899942398071,-0.15616196393966675,0.9499650001525879,1.0167475938796997,-0.24889038503170013,1.015954613685608,-0.030191155150532722,-0.086258664727211,1.4214898347854614,0.18602284789085388,-0.17054571211338043,1.6805394887924194,0.2502184212207794,-0.23050178587436676,1.9043519496917725,0.2711283266544342,-0.28580334782600403,0.9835581183433533,0.06169944256544113,-0.16969266533851624,1.0624486207962036,0.7311539053916931,-0.2679254412651062,0.8794096112251282,0.7456448674201965,-0.2881057560443878,0.8272989392280579,0.5701775550842285,-0.30072230100631714,0.8580342531204224,0.22859881818294525,-0.24590705335140228,0.8727406859397888,0.8536951541900635,-0.298916220664978,0.7064743638038635,0.7784623503684998,-0.23250100016593933,0.6679112315177917,0.5802635550498962,-0.19707709550857544,0.704789400100708,0.40248605608940125,-0.32937926054000854,0.6701833009719849,0.8702334761619568,-0.3105703890323639,0.5249204039573669,0.8085451126098633,-0.22641313076019287,0.4816149175167084,0.6585803031921387,-0.1741035431623459
POINT_RIGHT,0.0,0.0,0.0,0.20587748289108276,0.3383956849575043,-0.1142924576997757,0.47787976264953613,0.5799265503883362,-0.22033651173114777,0.732027530670166,0.5925734639167786,-0.33263513445854187,0.8757451772689819,0.36814063787460327,-0.43954429030418396,0.9812085032463074,0.14772513508796692,-0.17034588754177094,1.3521959781646729,0.13921460509300232,-0.3152531087398529,1.5863614082336426,0.12367112189531326,-0.40034738183021545,1.7959892749786377,0.07243707031011581,-0.4637080132961273,0.9633678793907166,-0.1721787452697754,-0.20558524131774902,0.9973872900009155,0.14130815863609314,-0.4057457149028778,0.7261732220649719,0.268339604139328,-0.44863080978393555,0.6007969379425049,0.2055828720331192,-0.4441450238227844,0.837016224861145,-0.41102150082588196,-0.24970069527626038,0.7984374165534973,-0.021225105971097946,-0.43989238142967224,0.5708630084991455,0.0918988585472107,-0.39660948514938354,0.4931469261646271,0.012930582277476788,-0.33244532346725464,0.6565088033676147,-0.6011078357696533,-0.3051295578479767,0.6020757555961609,-0.24519450962543488,-0.4218895733356476,0.45806342363357544,-0.10744716227054596,-0.3772064745426178,0.4048607349395752,-0.16630318760871887,-0.3176462948322296
POINT_RIGHT,0.0,0.0,0.0,0.23620009422302246,-0.22830583155155182,0.07918991893529892,0.5412883758544922,-0.16437563300132751,0.060929641127586365,0.7315296530723572,0.10635755956172943,-0.006693791598081589,0.873182475566864,0.34111714363098145,-0.07414405047893524,0.8628836870193481,-0.4549448490142822,0.09053228050470352,1.2539739608764648,-0.2387867122888565,0.03201298043131828,1.529266595840454,-0.1808413565158844,-0.03506699576973915,1.7806612253189087,-0.19803257286548615,-0.1110738217830658,0.9548193216323853,-0.29623639583587646,-0.023336447775363922,1.0647234916687012,0.336472749710083,-0.1363372951745987,0.878209114074707,0.43750929832458496,-0.19567328691482544,0.7787050008773804,0.2942722737789154,-0.23609140515327454,0.9648324847221375,-0.03134549409151077,-0.13498884439468384,1.0262080430984497,0.6307775974273682,-0.22633063793182373,0.8070955872535706,0.6725603342056274,-0.20031319558620453,0.7076490521430969,0.49579325318336487,-0.18755964934825897,0.9398592710494995,0.2871459722518921,-0.24904829263687134,0.9306280612945557,0.8498807549476624,-0.292503297328949,0.7287184596061707,0.8253060579299927,-0.25586217641830444,0.6224533915519714,0.6475225687026978,-0.2316913604736328
THUMBS_UP,0.0,0.0,0.0,-0.3322857916355133,-0.7014793753623962,-0.11367563158273697,-0.5379421710968018,-1.4442552328109741,-0.24552051723003387,-0.5627842545509338,-2.0331344604492188,-0.3632914423942566,-0.4996025860309601,-2.5599453449249268,-0.4796201288700104,-0.23060598969459534,-1.3703988790512085,-0.4444068372249603,-0.9260353446006775,-1.1384551525115967,-0.6318351626396179,-0.8059667348861694,-0.9266810417175293,-0.6774498224258423,-0.5805699229240417,-0.970779538154602,-0.6971224546432495,-0.10760697722434998,-0.8587198853492737,-0.5010044574737549,-0.9010477066040039,-0.5892398357391357,-0.6591723561286926,-0.7002602815628052,-0.518196702003479,-0.6203171014785767,-0.4435338079929352,-0.592064619064331,-0.6170998215675354,-0.03153960779309273,-0.36435985565185547,-0.5573932528495789,-0.7763916254043579,-0.1478651463985443,-0.7110127210617065,-0.5952485799789429,-0.13223348557949066,-0.614387035369873,-0.34451282024383545,-0.238149493932724,-0.5606415867805481,0.008469647727906704,0.08309358358383179,-0.6203859448432922,-0.589306116104126,0.2192346304655075,-0.7285656332969666,-0.4453805088996887,0.2081654965877533,-0.6685775518417358,-0.2006905972957611,0.1498866081237793,-0.6248067021369934
THUMBS_UP,0.0,0.0,0.0,-0.3551160395145416,-0.641035795211792,-0.07532094419002533,-0.6584550142288208,-1.2873915433883667,-0.17469879984855652,-0.7976899743080139,-1.823512315750122,-0.27198028564453125,-0.7713382244110107,-2.299139976501465,-0.36366868019104004,-0.5163511633872986,-1.2711255550384521,-0.28477245569229126,-1.181614637374878,-0.996303141117096,-0.4700564742088318,-1.0395960807800293,-0.7780451774597168,-0.5339953899383545,-0.8185846209526062,-0.8482380509376526,-0.5660477876663208,-0.40095391869544983,-0.8467201590538025,-0.34969592094421387,-1.124552607536316,-0.5313143134117126,-0.5233748555183411,-0.9255167841911316,-0.45772552490234375,-0.5098182559013367,-0.6917273998260498,-0.5526674389839172,-0.5092896223068237,-0.32135576009750366,-0.4300802946090698,-0.42296919226646423,-0.9959046244621277,-0.15761688351631165,-0.5926021933555603,-0.804879903793335,-0.11896118521690369,-0.5112268924713135,-0.576970636844635,-0.2339831292629242,-0.4516417682170868,-0.26830390095710754,-0.034150268882513046,-0.500432550907135,-0.8166686296463013,0.17760677635669708,-0.6177411079406738,-0.6657509803771973,0.18228311836719513,-0.5738775730133057,-0.4410495460033417,0.09969085454940796,-0.5316353440284729
THUMBS_UP,0.0,0.0,0.0,-0.2750168740749359,-0.5796643495559692,-0.011777638457715511,-0.6730673909187317,-1.154511570930481,-0.11817615479230881,-0.8880566358566284,-1.6514434814453125,-0.2286050170660019,-0.9301697611808777,-2.12723708152771,-0.3446216285228729,-0.7469334006309509,-1.0667130947113037,-0.34362345933914185,-1.3475468158721924,-0.7174426317214966,-0.5336515307426453,-1.1597110033035278,-0.6279255747795105,-0.5999963879585266,-0.946720540523529,-0.7419424653053284,-0.6266531944274902,-0.641061544418335,-0.6367403864860535,-0.4284622371196747,-1.2730306386947632,-0.25547465682029724,-0.593066394329071,-1.0672743320465088,-0.24102334678173065,-0.5616495013237,-0.8407755494117737,-0.3742191195487976,-0.546086847782135,-0.548734724521637,-0.19127748906612396,-0.5075063705444336,-1.1177926063537598,0.10937945544719696,-0.6547983884811401,-0.9221246838569641,0.10047120600938797,-0.5442099571228027,-0.7129326462745667,-0.02414631098508835,-0.46530094742774963,-0.4730123281478882,0.22505147755146027,-0.5817022323608398,-0.9281917810440063,0.4253986179828644,-0.6834707856178284,-0.7613180875778198,0.38169506192207336,-0.6065036058425903,-0.5659710168838501,0.2736623287200928,-0.5411884784698486
THUMBS_UP,0.0,0.0,0.0,-0.2839870750904083,-0.5664525628089905,-0.2899823486804962,-0.36514002084732056,-1.2507832050323486,-0.3880392611026764,-0.3236815631389618,-1.7539446353912354,-0.42705950140953064,-0.28045549988746643,-2.2100777626037598,-0.43527892231941223,0.2714398205280304,-1.1906154155731201,-0.3481254577636719,-0.17988170683383942,-0.7590773701667786,-0.4861166477203369,-0.2677214741706848,-0.7085941433906555,-0.5447708368301392,-0.2166195809841156,-0.8168105483055115,-0.5840577483177185,0.5150545239448547,-0.80741947889328,-0.28768399357795715,-0.022316426038742065,-0.3434067368507385,-0.39310240745544434,-0.0878206416964531,-0.4345931112766266,-0.4073285758495331,-0.03145328536629677,-0.5654274821281433,-0.43567752838134766,0.6372695565223694,-0.40260589122772217,-0.252785325050354,0.131802037358284,-0.031120721250772476,-0.39808550477027893,0.07046443969011307,-0.1417115330696106,-0.3615822494029999,0.15197092294692993,-0.27568572759628296,-0.32770463824272156,0.6660696268081665,-0.024478549137711525,-0.2456766963005066,0.33860960602760315,0.2240881472826004,-0.394712895154953,0.26378995180130005,0.14720477163791656,-0.40033388137817383,0.3175596594810486,0.0566762313246727,-0.3814674913883209
THUMBS_UP,0.0,0.0,0.0,0.13245391845703125,-1.11589777469635,-0.10439176112413406,0.3600611388683319,-2.1543996334075928,-0.18039442598819733,0.6022322773933411,-2.9421935081481934,-0.2601204514503479,0.7675375938415527,-3.583066463470459,-0.32391199469566345,0.600744366645813,-1.3163938522338867,0.052019838243722916,0.9163843989372253,-1.4822436571121216,-0.02147446759045124,0.9504966735839844,-1.6582382917404175,-0.14511412382125854,0.9338020086288452,-1.8168219327926636,-0.2328612357378006,0.6867395043373108,-0.7249375581741333,0.053014159202575684,1.0791678428649902,-0.9010411500930786,0.09723953902721405,1.2615667581558228,-1.0797438621520996,0.042391255497932434,1.3128657341003418,-1.1556873321533203,-0.06256607174873352,0.775804877281189,-0.25145262479782104,0.02971567213535309,1.2205936908721924,-0.4029051959514618,0.08538688719272614,1.4409308433532715,-0.5659366846084595,0.14496366679668427,1.5628304481506348,-0.6817392706871033,0.13323171436786652,0.8381382822990417,0.1374620497226715,-0.008044182322919369,1.2498382329940796,0.015730304643511772,0.06806381791830063,1.4647892713546753,-0.07079096138477325,0.16786646842956543,1.6129223108291626,-0.15766780078411102,0.20429012179374695
THUMBS_UP,0.0,0.0,0.0,-0.03065931610763073,-0.5171684622764587,-0.2701171338558197,0.15583039820194244,-0.9824268221855164,-0.41295576095581055,0.37110456824302673,-1.2953282594680786,-0.5161792635917664,0.5117409229278564,-1.6390225887298584,-0.5780270099639893,0.8343176245689392,-0.5711859464645386,-0.26589909195899963,0.6065853238105774,-0.23449738323688507,-0.43109121918678284,0.3755120038986206,-0.27346527576446533,-0.5061962604522705,0.38420581817626953,-0.4361285865306854,-0.5637035369873047,0.9490252137184143,-0.22064468264579773,-0.2250465750694275,0.6126021146774292,0.12224632501602173,-0.3980166018009186,0.3585887849330902,0.020686864852905273,-0.43476560711860657,0.3958408534526825,-0.1452813595533371,-0.4579976797103882,0.9456055760383606,0.10144920647144318,-0.21197274327278137,0.6226189136505127,0.40485718846321106,-0.3978002369403839,0.3933938443660736,0.29256176948547363,-0.3763456642627716,0.43621349334716797,0.12852860987186432,-0.3511653244495392,0.8764421939849854,0.37851911783218384,-0.22572799026966095,0.6344611644744873,0.6327111124992371,-0.36780697107315063,0.4383392632007599,0.5529486536979675,-0.3749438226222992,0.45507681369781494,0.4085144102573395,-0.3653475046157837
THUMBS_UP,0.0,0.0,0.0,0.3160058259963989,-0.6796682476997375,-0.06599687039852142,0.6898429989814758,-1.249192476272583,-0.17904523015022278,0.8360918164253235,-1.7349046468734741,-0.2877289056777954,0.8449040651321411,-2.194664478302002,-0.3706672489643097,0.8921661376953125,-0.8544597029685974,-0.30554279685020447,1.5408121347427368,-0.7931535243988037,-0.4476652443408966,1.351162314414978,-0.795276403427124,-0.4940909147262573,1.1073508262634277,-0.8290735483169556,-0.5038924217224121,0.8637377619743347,-0.37205183506011963,-0.33988094329833984,1.4982830286026,-0.36631089448928833,-0.41364356875419617,1.2951395511627197,-0.44719240069389343,-0.367476224899292,1.0448179244995117,-0.46949562430381775,-0.34813228249549866,0.810444712638855,0.05676925182342529,-0.36914345622062683,1.3672188520431519,0.006808866281062365,-0.37912943959236145,1.1964472532272339,-0.07569094747304916,-0.2381824254989624,0.9698222279548645,-0.0729861930012703,-0.16390079259872437,0.741841197013855,0.4100341200828552,-0.4047662913799286,1.1963822841644287,0.3317073881626129,-0.35753557085990906,1.0667555332183838,0.2407086342573166,-0.2165360450744629,0.867059588432312,0.23951758444309235,-0.13116255402565002
THUMBS_UP,0.0,0.0,0.0,0.3193238079547882,-0.7742651104927063,-0.14128151535987854,0.8168317675590515,-1.46669602394104,-0.3301704227924347,0.97305828332901,-2.1051955223083496,-0.49717533588409424,0.9676571488380432,-2.7114944458007812,-0.6324090957641602,0.7603442072868347,-0.9387919306755066,-0.6312159299850464,1.7371852397918701,-0.7355369925498962,-0.8861826062202454,1.5126802921295166,-0.7927993535995483,-0.9540036916732788,1.1840667724609375,-0.9139643311500549,-0.9530635476112366,0.6714757084846497,-0.3247261345386505,-0.6660672426223755,1.6439210176467896,-0.1797078251838684,-0.8342117071151733,1.41913640499115,-0.35831472277641296,-0.7560437917709351,1.0722538232803345,-0.47403058409690857,-0.7044983506202698,0.614057719707489,0.19599305093288422,-0.692397952079773,1.4585989713668823,0.24464841187000275,-0.7525830864906311,1.2426276206970215,0.08137150853872299,-0.5471308827400208,0.9286035299301147,0.012729196809232235,-0.42828598618507385,0.5867023468017578,0.6096381545066833,-0.7318876385688782,1.2489209175109863,0.6121628284454346,-0.6935041546821594,1.0731877088546753,0.45455271005630493,-0.5012813806533813,0.7803466320037842,0.3860304057598114,-0.39201655983924866
THUMBS_UP,0.0,0.0,0.0,0.7370700836181641,-0.7700591087341309,-0.2802525758743286,1.4933756589889526,-1.4391295909881592,-0.49666979908943176,1.8871521949768066,-2.1798927783966064,-0.6762041449546814,2.1003949642181396,-2.9937376976013184,-0.8095249533653259,1.0610206127166748,-0.8946633338928223,-0.7045729756355286,2.2059853076934814,0.03843676671385765,-1.1359126567840576,1.9493613243103027,0.00923120602965355,-1.3241466283798218,1.5348798036575317,-0.2803000807762146,-1.411895990371704,0.6254048943519592,-0.23454129695892334,-0.744192361831665,1.9357165098190308,0.7103407382965088,-1.0480762720108032,1.6033598184585571,0.5432172417640686,-0.9844107627868652,1.2423388957977295,0.2701863646507263,-0.9945395588874817,0.3669016659259796,0.41684800386428833,-0.8156861662864685,1.5525174140930176,1.2594330310821533,-1.0226030349731445,1.253117561340332,1.014201283454895,-0.8208126425743103,0.9537569880485535,0.7192726135253906,-0.7300666570663452,0.16558042168617249,0.9558166265487671,-0.9190120697021484,1.109129548072815,1.5837048292160034,-0.940507173538208,0.8758669495582581,1.3329085111618042,-0.7653735280036926,0.556435763835907,1.0820670127868652,-0.7013540863990784
THUMBS_UP,0.0,0.0,0.0,0.4619177281856537,-0.19254691898822784,-0.06847167015075684,0.9133301377296448,-0.3420080244541168,-0.20324116945266724,1.1912113428115845,-0.6400687098503113,-0.3432216942310333,1.3691790103912354,-0.9724332690238953,-0.4603154957294464,0.943860650062561,0.36947348713874817,-0.2609698176383972,1.316741943359375,1.0165504217147827,-0.4179447293281555,1.1853876113891602,0.8732360601425171,-0.5075730085372925,1.0483402013778687,0.5815052390098572,-0.5466347336769104,0.6952846646308899,0.6431481838226318,-0.3208234906196594,1.0286155939102173,1.2900524139404297,-0.41418930888175964,0.9307584166526794,1.0971742868423462,-0.4153996706008911,0.8108165860176086,0.7799261212348938,-0.4201885461807251,0.44157320261001587,0.8407682180404663,-0.38228675723075867,0.7102717757225037,1.4191404581069946,-0.40105104446411133,0.6368969082832336,1.25175940990448,-0.30345526337623596,0.5377292633056641,0.9791280031204224,-0.2579331398010254,0.20242802798748016,0.9600390791893005,-0.4545280635356903,0.40972092747688293,1.4079737663269043,-0.4306502938270569,0.3570334315299988,1.253400206565857,-0.31547150015830994,0.27852511405944824,1.0160335302352905,-0.24604490399360657
OPEN_PALM,0.0,0.0,0.0,-0.2394837588071823,-0.1913224458694458,-0.12346312403678894,-0.4239633083343506,-0.44739383459091187,-0.19902798533439636,-0.5608925223350525,-0.6850793957710266,-0.2672117054462433,-0.6790485978126526,-0.8880155086517334,-0.3342539072036743,-0.11914393305778503,-0.9698094725608826,-0.09202530980110168,-0.16258127987384796,-1.357522964477539,-0.18001076579093933,-0.18195633590221405,-1.598149299621582,-0.25983694195747375,-0.182115837931633,-1.8112655878067017,-0.3223811388015747,0.053895678371191025,-0.9929767847061157,-0.10526483505964279,0.06758943200111389,-1.4206963777542114,-0.18031468987464905,0.08126341551542282,-1.6937187910079956,-0.25176987051963806,0.10086802393198013,-1.9327555894851685,-0.30795231461524963,0.21157823503017426,-0.9225780963897705,-0.13833819329738617,0.25096842646598816,-1.3145973682403564,-0.22218580543994904,0.27008241415023804,-1.5716993808746338,-0.2831476628780365,0.2838406562805176,-1.807768702507019,-0.3297600746154785,0.3643915355205536,-0.7747033834457397,-0.18402409553527832,0.4776419401168823,-1.0243393182754517,-0.2622271478176117,0.5387976169586182,-1.2006878852844238,-0.30073338747024536,0.5838369131088257,-1.3775336742401123,-0.32888510823249817
OPEN_PALM,0.0,0.0,0.0,-0.08723069727420807,-0.4108981490135193,-0.1263047605752945,-0.0698128342628479,-0.836100697517395,-0.20355534553527832,-0.032189566642045975,-1.1700613498687744,-0.2722760736942291,-0.013080327771604061,-1.4495487213134766,-0.3420899212360382,0.4760027527809143,-0.9379339814186096,-0.12304333597421646,0.6882886290550232,-1.2610383033752441,-0.22630514204502106,0.8309350609779358,-1.4517208337783813,-0.3166827857494354,0.9652426838874817,-1.6068495512008667,-0.38615885376930237,0.6347436308860779,-0.7590328454971313,-0.14476320147514343,0.9180976748466492,-1.0596214532852173,-0.23081675171852112,1.0982996225357056,-1.2468582391738892,-0.31290751695632935,1.2600589990615845,-1.4121313095092773,-0.3769237995147705,0.7125824689865112,-0.5211435556411743,-0.18415714800357819,1.000641107559204,-0.758368730545044,-0.2802339494228363,1.1792314052581787,-0.9188694953918457,-0.3492160737514496,1.3362369537353516,-1.0807796716690063,-0.40151068568229675,0.725739598274231,-0.23753923177719116,-0.2350156456232071,0.9833187460899353,-0.3022070527076721,-0.3268251121044159,1.1483592987060547,-0.3644726574420929,-0.36754369735717773,1.2991300821304321,-0.4466930031776428,-0.39582890272140503
OPEN_PALM,0.0,0.0,0.0,-0.2567887008190155,-0.20372754335403442,-0.1264229118824005,-0.44097933173179626,-0.4828091859817505,-0.212455615401268,-0.5641255378723145,-0.7413280010223389,-0.28882214426994324,-0.6837688088417053,-0.9521141052246094,-0.3665066063404083,-0.11553322523832321,-0.9759548902511597,-0.1348436325788498,-0.1343386322259903,-1.3924440145492554,-0.23273500800132751,-0.133205384016037,-1.6532385349273682,-0.31281208992004395,-0.11571642011404037,-1.8736135959625244,-0.3717922568321228,0.07483084499835968,-0.9862451553344727,-0.14734329283237457,0.12400852888822556,-1.437631368637085,-0.2309456765651703,0.16060470044612885,-1.7232366800308228,-0.30478790402412415,0.20072567462921143,-1.9657092094421387,-0.3597722053527832,0.23867493867874146,-0.9003378748893738,-0.17608220875263214,0.3128729462623596,-1.3152543306350708,-0.26706597208976746,0.34684649109840393,-1.5810459852218628,-0.33810994029045105,0.3765113651752472,-1.812925934791565,-0.3892093896865845,0.3859804570674896,-0.734734296798706,-0.2151327282190323,0.5228835344314575,-0.9856070280075073,-0.30010512471199036,0.5987592339515686,-1.168088436126709,-0.34531882405281067,0.659159243106842,-1.3433916568756104,-0.37519535422325134
OPEN_PALM,0.0,0.0,0.0,-0.2562749981880188,-0.16168807446956635,-0.0897781103849411,-0.45921191573143005,-0.4551663100719452,-0.14052699506282806,-0.5965785980224609,-0.6846603155136108,-0.18847215175628662,-0.7278985977172852,-0.8725371956825256,-0.23899036645889282,-0.254346638917923,-0.9599503874778748,-0.08430013060569763,-0.3356561064720154,-1.3156874179840088,-0.17418336868286133,-0.39893093705177307,-1.5346572399139404,-0.25057733058929443,-0.45381125807762146,-1.7326252460479736,-0.3104441165924072,-0.10737337917089462,-0.9875032901763916,-0.11531244963407516,-0.1481960415840149,-1.4083751440048218,-0.19774417579174042,-0.18771407008171082,-1.676934003829956,-0.2718449831008911,-0.22716081142425537,-1.9113659858703613,-0.3272351622581482,0.035800423473119736,-0.9179772734642029,-0.1618565320968628,0.04054844006896019,-1.318873405456543,-0.2582509219646454,0.017820384353399277,-1.5780401229858398,-0.32822832465171814,-0.018192630261182785,-1.8194034099578857,-0.3794318735599518,0.17673473060131073,-0.7686957120895386,-0.21600832045078278,0.2800070643424988,-1.022254228591919,-0.3103545010089874,0.324869304895401,-1.215175986289978,-0.35952115058898926,0.345973938703537,-1.4073694944381714,-0.39449211955070496
OPEN_PALM,0.0,0.0,0.0,0.23404765129089355,-0.255959689617157,-0.1350138932466507,0.40106067061424255,-0.5667192935943604,-0.2071526050567627,0.5124157667160034,-0.8225277662277222,-0.27153584361076355,0.583031415939331,-1.036522626876831,-0.3367091119289398,0.0067817289382219315,-1.0101408958435059,-0.14362159371376038,-0.028744995594024658,-1.4100590944290161,-0.2447962909936905,-0.05683450773358345,-1.658220887184143,-0.3243601620197296,-0.0821155458688736,-1.8758858442306519,-0.3803054988384247,-0.172886461019516,-0.9733998775482178,-0.15030896663665771,-0.265474408864975,-1.4010248184204102,-0.2349143773317337,-0.32485431432724,-1.6842210292816162,-0.3090578615665436,-0.37753793597221375,-1.9227203130722046,-0.3642086684703827,-0.31255167722702026,-0.8439612984657288,-0.17170564830303192,-0.436839759349823,-1.2080830335617065,-0.2543107867240906,-0.5160948038101196,-1.449485421180725,-0.31766700744628906,-0.5773908495903015,-1.667995810508728,-0.3624272644519806,-0.419356107711792,-0.6363964676856995,-0.20648418366909027,-0.5805294513702393,-0.8408803939819336,-0.2895941138267517,-0.6826329231262207,-0.997417151927948,-0.3309113383293152,-0.7660878896713257,-1.1586709022521973,-0.35531362891197205
OPEN_PALM,0.0,0.0,0.0,0.1816312074661255,-0.28456243872642517,-0.20605111122131348,0.2869389057159424,-0.5860406160354614,-0.33035629987716675,0.33812370896339417,-0.8089553713798523,-0.4367619454860687,0.3672456443309784,-1.0181255340576172,-0.5424085259437561,-0.23156607151031494,-0.9799479246139526,-0.243402361869812,-0.36435621976852417,-1.3552156686782837,-0.37772610783576965,-0.4740094840526581,-1.5826679468154907,-0.48462674021720886,-0.5873261094093323,-1.7827980518341064,-0.5619242191314697,-0.4278736710548401,-0.8740101456642151,-0.23025394976139069,-0.6247915625572205,-1.2793443202972412,-0.34461531043052673,-0.7653375864028931,-1.5343317985534668,-0.437854140996933,-0.8929757475852966,-1.7522605657577515,-0.5090281367301941,-0.5554571151733398,-0.6854632496833801,-0.23494276404380798,-0.7765845060348511,-1.0210297107696533,-0.3408031165599823,-0.9123272895812988,-1.2362154722213745,-0.4145825505256653,-1.030151605606079,-1.4270659685134888,-0.4667315185070038,-0.6319504380226135,-0.42402756214141846,-0.258292019367218,-0.8447405695915222,-0.6052550673484802,-0.3565966486930847,-0.9856694340705872,-0.7383927702903748,-0.4032573103904724,-1.1106501817703247,-0.8789327144622803,-0.4326885938644409
OPEN_PALM,0.0,0.0,0.0,0.19525264203548431,-0.14459629356861115,-0.1620297133922577,0.33655422925949097,-0.34641599655151367,-0.2557363212108612,0.3828320801258087,-0.5102015137672424,-0.3376120924949646,0.4165806472301483,-0.6611993908882141,-0.41720402240753174,-0.04001680389046669,-0.9748449921607971,-0.13120315968990326,-0.002301932778209448,-1.3153836727142334,-0.22257168591022491,0.0002458659000694752,-1.5195395946502686,-0.3066895306110382,-0.012365937232971191,-1.689962387084961,-0.3646884560585022,-0.2299726903438568,-0.9659746289253235,-0.11826946586370468,-0.33003610372543335,-1.3472142219543457,-0.18487416207790375,-0.42607441544532776,-1.5762637853622437,-0.24742892384529114,-0.505415141582489,-1.7660177946090698,-0.2947681248188019,-0.38016587495803833,-0.8450485467910767,-0.12525495886802673,-0.49329453706741333,-1.1927359104156494,-0.1934327930212021,-0.5669707655906677,-1.404896855354309,-0.24330498278141022,-0.6228331327438354,-1.5837308168411255,-0.27678820490837097,-0.49954041838645935,-0.6299328804016113,-0.14787523448467255,-0.6459461450576782,-0.8493762016296387,-0.2126358151435852,-0.740537703037262,-1.0036437511444092,-0.2352408468723297,-0.8121504187583923,-1.150822639465332,-0.2459639310836792
OPEN_PALM,0.0,0.0,0.0,0.2511065602302551,-0.1529283970594406,-0.19834360480308533,0.43914690613746643,-0.38190996646881104,-0.3163762390613556,0.5788314938545227,-0.6103095412254333,-0.41316381096839905,0.7161585092544556,-0.7945576906204224,-0.5083369612693787,0.08512811362743378,-0.9511165618896484,-0.22789469361305237,0.08914971351623535,-1.3633745908737183,-0.3499273955821991,0.07222126424312592,-1.6261929273605347,-0.4443674385547638,0.05099205672740936,-1.8596596717834473,-0.5115328431129456,-0.11502670496702194,-0.9707976579666138,-0.2104935497045517,-0.16758570075035095,-1.4246068000793457,-0.3127484619617462,-0.2091331034898758,-1.7207815647125244,-0.3962014317512512,-0.2482471615076065,-1.972002625465393,-0.4588553011417389,-0.2887161672115326,-0.8786138892173767,-0.21049079298973083,-0.38089147210121155,-1.2900705337524414,-0.3115917146205902,-0.4342665374279022,-1.5401885509490967,-0.3863201439380646,-0.47363078594207764,-1.7596755027770996,-0.43753886222839355,-0.44098806381225586,-0.6933315396308899,-0.2266848236322403,-0.5981998443603516,-0.9488586783409119,-0.32190582156181335,-0.6900025010108948,-1.1247857809066772,-0.3702103793621063,-0.7560593485832214,-1.301733136177063,-0.39980295300483704
OPEN_PALM,0.0,0.0,0.0,0.2513476014137268,-0.16914689540863037,-0.09417977184057236,0.4250624179840088,-0.4707174301147461,-0.1545579433441162,0.5743486285209656,-0.7178320288658142,-0.21517328917980194,0.7127512693405151,-0.9014775156974792,-0.27982422709465027,0.24932658672332764,-0.970540463924408,-0.1258562058210373,0.285017728805542,-1.3711050748825073,-0.23545989394187927,0.3255356252193451,-1.6239508390426636,-0.31855830550193787,0.3704342842102051,-1.844125509262085,-0.3776324391365051,0.1132553368806839,-0.9808655381202698,-0.15832147002220154,0.09759876877069473,-1.4318960905075073,-0.25380048155784607,0.1242784932255745,-1.7333333492279053,-0.325984925031662,0.14944493770599365,-1.9945377111434937,-0.3784288167953491,-0.011840017512440681,-0.8880403637886047,-0.20376801490783691,-0.06695208698511124,-1.3033692836761475,-0.2980376183986664,-0.06587395817041397,-1.575401782989502,-0.3584495186805725,-0.05194036290049553,-1.8207515478134155,-0.39947962760925293,-0.12055011093616486,-0.717846691608429,-0.2587411105632782,-0.23894581198692322,-0.9933863282203674,-0.3546502888202667,-0.29378023743629456,-1.1996138095855713,-0.401287704706192,-0.3324142396450043,-1.3995394706726074,-0.4297020733356476
OPEN_PALM,0.0,0.0,0.0,0.3742508590221405,-0.0837927833199501,-0.2023361474275589,0.6916137933731079,-0.29663223028182983,-0.3381885886192322,0.9670203924179077,-0.43338555097579956,-0.46385854482650757,1.2111810445785522,-0.5015855431556702,-0.6073583364486694,0.3968888819217682,-0.876570999622345,-0.3354405462741852,0.46343711018562317,-1.381883978843689,-0.5068634748458862,0.49087080359458923,-1.7106409072875977,-0.6324182748794556,0.5088376998901367,-2.0141212940216064,-0.7273303866386414,0.1314530372619629,-0.9241122603416443,-0.35877737402915955,0.11860266327857971,-1.5172687768936157,-0.5095377564430237,0.1084384098649025,-1.9064816236495972,-0.624074399471283,0.0855591669678688,-2.254178524017334,-0.7193706631660461,-0.11002352088689804,-0.8332354426383972,-0.39512306451797485,-0.19096319377422333,-1.3672441244125366,-0.5380744934082031,-0.22977609932422638,-1.709439754486084,-0.6292231678962708,-0.2546733319759369,-2.0252158641815186,-0.7009522914886475,-0.32612818479537964,-0.6338766813278198,-0.4494747519493103,-0.48420241475105286,-1.0129419565200806,-0.5844220519065857,-0.5703748464584351,-1.2703899145126343,-0.6445253491401672,-0.6351443529129028,-1.5245616436004639,-0.6908276677131653
FIST,0.0,0.0,0.0,-0.27428174018859863,-0.21638774871826172,-0.14756247401237488,-0.4749215543270111,-0.622785747051239,-0.20389293134212494,-0.45897215604782104,-1.0003949403762817,-0.2553822696208954,-0.23323602974414825,-1.0860741138458252,-0.2675568759441376,-0.196312814950943,-1.063710331916809,-0.010029626078903675,-0.2161591351032257,-1.263478398323059,-0.17250891029834747,-0.2716931700706482,-0.9191647171974182,-0.22937782108783722,-0.25129517912864685,-0.8687231540679932,-0.2531988322734833,0.01738739013671875,-0.9996722340583801,-0.018339049071073532,-0.018700262531638145,-1.1718629598617554,-0.20077036321163177,-0.11277435719966888,-0.7471076250076294,-0.19449515640735626,-0.07196980714797974,-0.7396529316902161,-0.13931097090244293,0.2065419703722,-0.8694953918457031,-0.07008620351552963,0.18368101119995117,-0.9792990684509277,-0.25647857785224915,0.06517080962657928,-0.6070940494537354,-0.17668989300727844,0.0923728346824646,-0.6154888272285461,-0.0719764307141304,0.39464041590690613,-0.6922041773796082,-0.13930465281009674,0.35098201036453247,-0.7707293033599854,-0.22722148895263672,0.23966272175312042,-0.5280735492706299,-0.16719941794872284,0.24398870766162872,-0.509427011013031,-0.09710831940174103
FIST,0.0,0.0,0.0,-0.20690517127513885,-0.5547100901603699,-0.10235234349966049,-0.34158071875572205,-1.0347496271133423,-0.195940762758255,-0.48932555317878723,-1.2380903959274292,-0.27636030316352844,-0.5426185727119446,-1.0928795337677002,-0.3353016972541809,0.2075309157371521,-1.2523019313812256,-0.18683533370494843,-0.3235190808773041,-1.216395616531372,-0.31458303332328796,-0.35696500539779663,-1.0006508827209473,-0.3728393018245697,-0.23450614511966705,-0.9438547492027283,-0.4130825102329254,0.286665141582489,-0.9322274923324585,-0.22080916166305542,-0.365840882062912,-0.8720735907554626,-0.32862094044685364,-0.31946343183517456,-0.6925696134567261,-0.3343467116355896,-0.161739319562912,-0.6834543943405151,-0.34135693311691284,0.2777482569217682,-0.5590510368347168,-0.2661644518375397,-0.34803229570388794,-0.48952940106391907,-0.3442760109901428,-0.2875690758228302,-0.3685406446456909,-0.29952090978622437,-0.1288568675518036,-0.38927745819091797,-0.27266785502433777,0.21362833678722382,-0.18514801561832428,-0.32645437121391296,-0.2693505883216858,-0.1661999523639679,-0.3798881769180298,-0.21977385878562927,-0.11602096259593964,-0.3573659062385559,-0.06298810243606567,-0.14138343930244446,-0.33510497212409973
FIST,0.0,0.0,0.0,-0.15148568153381348,-0.8048253655433655,-0.09594444930553436,-0.7382546663284302,-1.410449504852295,-0.25277817249298096,-1.359305500984192,-1.4547029733657837,-0.36674174666404724,-1.7048875093460083,-1.0938576459884644,-0.48242107033729553,-0.4211984872817993,-1.1959489583969116,-0.6524164080619812,-1.357098937034607,-1.258374571800232,-0.8844485282897949,-1.2273839712142944,-1.1018503904342651,-0.9475452899932861,-0.9389324188232422,-1.0055936574935913,-0.9610227942466736,-0.4795999526977539,-0.5283551216125488,-0.7005731463432312,-1.4947222471237183,-0.657652735710144,-0.8968256711959839,-1.2750734090805054,-0.5506869554519653,-0.8516829013824463,-0.9482000470161438,-0.4774705767631531,-0.8219002485275269,-0.5857647657394409,0.06357529014348984,-0.7226715087890625,-1.4673244953155518,-0.09752141684293747,-0.8607110381126404,-1.2333176136016846,-0.05754004791378975,-0.702390193939209,-0.9372733235359192,-0.026689322665333748,-0.5986467003822327,-0.7168747782707214,0.5985323190689087,-0.742072582244873,-1.364499568939209,0.4236200451850891,-0.8304895758628845,-1.1716207265853882,0.39433661103248596,-0.7110943794250488,-0.9228695034980774,0.4128691554069519,-0.6308249235153198
FIST,0.0,0.0,0.0,-0.2196037769317627,-0.5457002520561218,-0.2964836657047272,-0.3473476469516754,-1.075417399406433,-0.4905637204647064,-0.42837586998939514,-1.2569382190704346,-0.6288149952888489,-0.3524151146411896,-0.9026350975036621,-0.7350285053253174,0.46763285994529724,-1.1985538005828857,-0.40359947085380554,-0.08938387036323547,-1.0586254596710205,-0.5977041125297546,-0.19755928218364716,-0.8863598704338074,-0.7320855259895325,-0.03789243474602699,-0.9025834202766418,-0.8363852500915527,0.575960636138916,-0.7346218228340149,-0.35858914256095886,-0.11228840053081512,-0.5962846279144287,-0.47475364804267883,-0.16790121793746948,-0.5585722327232361,-0.47634702920913696,0.04222619906067848,-0.6326517462730408,-0.4923577308654785,0.537083089351654,-0.25706011056900024,-0.34086915850639343,-0.12253329157829285,-0.15451669692993164,-0.4315950572490692,-0.16368287801742554,-0.23203633725643158,-0.33131423592567444,0.02085496298968792,-0.2878795862197876,-0.26453885436058044,0.42301037907600403,0.14207910001277924,-0.36219990253448486,-0.09907513111829758,0.1524410992860794,-0.4541662931442261,-0.10227183997631073,0.0865091010928154,-0.4215269088745117,0.05077116936445236,0.05633014068007469,-0.38280948996543884
FIST,0.0,0.0,0.0,-0.25372636318206787,-0.16707701981067657,-0.145942822098732,-0.46047234535217285,-0.5553879737854004,-0.1910083293914795,-0.46274667978286743,-0.8859521150588989,-0.23001626133918762,-0.2603608965873718,-0.9440244436264038,-0.2305801957845688,-0.24687986075878143,-1.0065877437591553,-0.0024086195044219494,-0.2947741448879242,-1.1309189796447754,-0.14388418197631836,-0.3041834831237793,-0.7918789982795715,-0.19527886807918549,-0.27077898383140564,-0.7756255269050598,-0.22359229624271393,-0.051445070654153824,-0.9986698031425476,-0.0013621251564472914,-0.10540688782930374,-1.0744744539260864,-0.16428862512111664,-0.14792411029338837,-0.6659126877784729,-0.1590295135974884,-0.10739938169717789,-0.7000121474266052,-0.11282216012477875,0.13091488182544708,-0.9093980193138123,-0.04245569556951523,0.09302401542663574,-0.9253696203231812,-0.19956213235855103,0.01788097620010376,-0.5675290822982788,-0.12765854597091675,0.047339633107185364,-0.610409140586853,-0.040214624255895615,0.3128180205821991,-0.7767950892448425,-0.10352668166160583,0.25402718782424927,-0.7520217895507812,-0.17611004412174225,0.18245269358158112,-0.5286550521850586,-0.1346610188484192,0.20208768546581268,-0.557961642742157,-0.0857347846031189
FIST,0.0,0.0,0.0,0.25959181785583496,-0.24334417283535004,-0.097248874604702,0.4489026963710785,-0.485308974981308,-0.18915191292762756,0.5006760358810425,-0.6653025150299072,-0.2794625461101532,0.35268619656562805,-0.5969753265380859,-0.3511052429676056,0.02890721708536148,-1.116500735282898,-0.10667407512664795,0.334120512008667,-1.0038654804229736,-0.24670791625976562,0.35044074058532715,-0.7527341842651367,-0.34642332792282104,0.2649274170398712,-0.7238976359367371,-0.4198331832885742,-0.1295337677001953,-0.981346845626831,-0.1420157104730606,0.2371242493391037,-0.7862750291824341,-0.26139599084854126,0.24938853085041046,-0.5704230070114136,-0.31355902552604675,0.16689404845237732,-0.5823221802711487,-0.35700011253356934,-0.2242545187473297,-0.7535783052444458,-0.19254624843597412,0.14812839031219482,-0.5319282412528992,-0.28783199191093445,0.15411938726902008,-0.3720860779285431,-0.29200926423072815,0.06206182390451431,-0.40326008200645447,-0.30068284273147583,-0.26503074169158936,-0.49258121848106384,-0.2574489116668701,0.04483654722571373,-0.2997918426990509,-0.3110678493976593,0.04071008786559105,-0.20006968080997467,-0.31735295057296753,-0.05000545457005501,-0.23166579008102417,-0.325420618057251
FIST,0.0,0.0,0.0,0.2683955132961273,0.027836401015520096,-0.17046187818050385,0.502154529094696,0.037568870931863785,-0.3177963197231293,0.5587499737739563,0.022589558735489845,-0.44997379183769226,0.3944879472255707,-0.017292119562625885,-0.5660948753356934,0.5573106408119202,-0.9016823172569275,-0.2267884463071823,0.6360695958137512,-0.3503217399120331,-0.4444383680820465,0.5601019263267517,-0.1398242861032486,-0.6043515205383301,0.4974323511123657,-0.22592440247535706,-0.7124049663543701,0.30596622824668884,-0.9205877184867859,-0.2426738739013672,0.3924301564693451,-0.28560417890548706,-0.40040531754493713,0.33429017663002014,-0.10562378913164139,-0.4579485356807709,0.2995443344116211,-0.2338009476661682,-0.5087593793869019,0.061620280146598816,-0.7900266647338867,-0.2821117043495178,0.16740934550762177,-0.16048847138881683,-0.40901416540145874,0.1363336592912674,-0.07685738801956177,-0.3870290517807007,0.1053595244884491,-0.2733856737613678,-0.3768835961818695,-0.15269595384597778,-0.593671977519989,-0.3451128304004669,-0.04518890753388405,-0.1182795837521553,-0.4294467866420746,-0.05214357376098633,-0.05277274549007416,-0.41920748353004456,-0.08397050946950912,-0.19315361976623535,-0.408578097820282
FIST,0.0,0.0,0.0,0.3259558379650116,0.12142971903085709,-0.31620433926582336,0.4416935443878174,0.11400754004716873,-0.518241286277771,0.12922343611717224,0.19722898304462433,-0.6521158218383789,-0.23780004680156708,0.2095147669315338,-0.7668237686157227,0.19283367693424225,-0.8319606184959412,-0.5200921893119812,0.053421054035425186,-0.1469031125307083,-0.7830238938331604,0.11283369362354279,0.012295044958591461,-0.9666090607643127,0.17381565272808075,-0.1344970017671585,-1.093117117881775,-0.09976349025964737,-0.887121319770813,-0.4506101608276367,-0.20445770025253296,-0.11976693570613861,-0.6360327005386353,-0.0727369636297226,0.027980856597423553,-0.7051567435264587,-0.022437259554862976,-0.14677755534648895,-0.7767195701599121,-0.33647701144218445,-0.7722590565681458,-0.397754967212677,-0.4012150466442108,-0.0989169031381607,-0.5310064554214478,-0.24804165959358215,0.003910285420715809,-0.4960728585720062,-0.18476782739162445,-0.15172728896141052,-0.48800671100616455,-0.5249614715576172,-0.5795383453369141,-0.3770926594734192,-0.5286532640457153,-0.1385626196861267,-0.46406930685043335,-0.41151490807533264,-0.033100806176662445,-0.445458322763443,-0.3501366674900055,-0.10310767590999603,-0.4325365722179413
FIST,0.0,0.0,0.0,0.2488500028848648,-0.8012648820877075,-0.13480909168720245,0.8776564598083496,-1.0870243310928345,-0.26947644352912903,1.4871060848236084,-0.8936997652053833,-0.3374157249927521,1.7451893091201782,-0.45936834812164307,-0.37283506989479065,0.7086577415466309,-0.8210949301719666,-0.6951723694801331,1.6105529069900513,-0.8875263929367065,-0.7959936857223511,1.6034433841705322,-0.8511101603507996,-0.7023913860321045,1.4238554239273071,-0.7820167541503906,-0.6027837991714478,0.7238381505012512,-0.17818008363246918,-0.6665530800819397,1.6284793615341187,-0.2937067449092865,-0.7492300271987915,1.5598431825637817,-0.42645227909088135,-0.5987947583198547,1.3266724348068237,-0.4790404736995697,-0.4838704764842987,0.746523380279541,0.31725484132766724,-0.6056936383247375,1.5100041627883911,0.1339375525712967,-0.6233190894126892,1.3902133703231812,-0.056998904794454575,-0.44008761644363403,1.1544822454452515,-0.1144171878695488,-0.3204716742038727,0.7806380987167358,0.6835946440696716,-0.5481374859809875,1.3411966562271118,0.44345325231552124,-0.521480143070221,1.2514647245407104,0.2559472620487213,-0.3858807384967804,1.0643349885940552,0.2254321426153183,-0.29666340351104736
FIST,0.0,0.0,0.0,0.36084118485450745,-0.1312950700521469,-0.03839198872447014,0.7249827980995178,-0.19505111873149872,-0.15187442302703857,1.0263786315917969,-0.07780547440052032,-0.2704223394393921,1.0807489156723022,0.07637034356594086,-0.36495211720466614,0.6905655860900879,-0.8826355338096619,-0.22382964193820953,1.1041122674942017,-0.513134241104126,-0.3599967658519745,1.0158593654632568,-0.24453690648078918,-0.39741119742393494,0.8934453725814819,-0.2295418232679367,-0.4194887578487396,0.5786636471748352,-0.759175181388855,-0.2979770600795746,1.0099672079086304,-0.2756181061267853,-0.4039761424064636,0.884672999382019,-0.04545791819691658,-0.3785248398780823,0.7845273613929749,-0.11412586271762848,-0.37024590373039246,0.47759371995925903,-0.5275808572769165,-0.37314531207084656,0.8731942772865295,-0.006594567093998194,-0.44696110486984253,0.7473219633102417,0.13975656032562256,-0.37348949909210205,0.6394926905632019,0.03864382579922676,-0.33618417382240295,0.3993508517742157,-0.2424343079328537,-0.4570792019367218,0.7067736387252808,0.18131186068058014,-0.4740782082080841,0.6116153597831726,0.27433523535728455,-0.41598814725875854,0.5094468593597412,0.1941944658756256,-0.38633328676223755
POINT_LEFT,0.0,0.0,0.0,-0.05138123780488968,-0.6626613140106201,-0.06460480391979218,-0.326591819524765,-1.157869815826416,-0.10830426961183548,-0.6813269257545471,-1.3319743871688843,-0.11602408438920975,-0.9468599557876587,-1.2540955543518066,-0.13197903335094452,-0.641394317150116,-0.9317498803138733,-0.31536179780960083,-1.1729860305786133,-1.1633670330047607,-0.3882969617843628,-1.4865713119506836,-1.3209470510482788,-0.42277443408966064,-1.7513962984085083,-1.3982689380645752,-0.4468527138233185,-0.7816811800003052,-0.5534998774528503,-0.28739380836486816,-1.227108359336853,-0.8500298857688904,-0.3204265236854553,-1.0714689493179321,-0.916922926902771,-0.26561227440834045,-0.8612329363822937,-0.827842652797699,-0.229033961892128,-0.839445948600769,-0.2086324691772461,-0.2402351051568985,-1.1961653232574463,-0.47194430232048035,-0.23972001671791077,-1.0606846809387207,-0.5396368503570557,-0.1503491848707199,-0.8844092488288879,-0.4704018533229828,-0.10327444225549698,-0.8613372445106506,0.08578988164663315,-0.1945175677537918,-1.1378538608551025,-0.14845587313175201,-0.19055920839309692,-1.0136913061141968,-0.19701117277145386,-0.11924818158149719,-0.8727303743362427,-0.14585497975349426,-0.07181988656520844
POINT_LEFT,0.0,0.0,0.0,-0.3220408856868744,-0.5831572413444519,-0.10295477509498596,-0.8790539503097534,-0.7718023657798767,-0.15969395637512207,-1.3169959783554077,-0.5603775382041931,-0.1703551858663559,-1.4665439128875732,-0.21114099025726318,-0.19688741862773895,-0.9930080771446228,-0.38872113823890686,-0.39097729325294495,-1.5457770824432373,-0.17918716371059418,-0.4826642870903015,-1.9146744012832642,-0.05654829367995262,-0.5300236940383911,-2.197495460510254,0.08061590045690536,-0.5711656808853149,-0.9213894009590149,0.10341597348451614,-0.3746040165424347,-1.4579368829727173,0.27383625507354736,-0.44819989800453186,-1.3456487655639648,0.06950683891773224,-0.4172704219818115,-1.121159553527832,-0.06095267832279205,-0.3950023055076599,-0.7996399998664856,0.48929235339164734,-0.33609145879745483,-1.219040870666504,0.5917499661445618,-0.3704809248447418,-1.1378247737884521,0.40854087471961975,-0.28285592794418335,-0.95218425989151,0.31988224387168884,-0.23295432329177856,-0.6622427105903625,0.8001900315284729,-0.30237895250320435,-1.0178664922714233,0.858475923538208,-0.3282870352268219,-0.9325376152992249,0.6998282074928284,-0.25729718804359436,-0.7679474353790283,0.6288979053497314,-0.20783931016921997
POINT_LEFT,0.0,0.0,0.0,-0.3338429927825928,-0.35742172598838806,0.012932459823787212,-0.6712219715118408,-0.35639119148254395,-0.023701326921582222,-0.8778470158576965,-0.1214178204536438,-0.06689942628145218,-0.9518002271652222,0.14543886482715607,-0.12347637116909027,-1.0105133056640625,-0.2849096953868866,-0.13470076024532318,-1.4739372730255127,-0.29338884353637695,-0.2077195942401886,-1.7646621465682983,-0.28204578161239624,-0.24151921272277832,-1.9955040216445923,-0.2548729479312897,-0.265774130821228,-0.982471227645874,0.06923407316207886,-0.17304487526416779,-1.2696982622146606,0.32092660665512085,-0.23843353986740112,-1.1246752738952637,0.2918664813041687,-0.2112109363079071,-0.979273796081543,0.19310395419597626,-0.18192888796329498,-0.8731546998023987,0.38631683588027954,-0.1982915848493576,-0.9873095154762268,0.5714451670646667,-0.22482207417488098,-0.8566917181015015,0.5044463872909546,-0.14996345341205597,-0.7455801963806152,0.41599565744400024,-0.1003500297665596,-0.7354855537414551,0.6534544229507446,-0.22493816912174225,-0.8238449692726135,0.7641310691833496,-0.21594102680683136,-0.7047772407531738,0.6943857073783875,-0.13767816126346588,-0.6118241548538208,0.6182931661605835,-0.0739389955997467
POINT_LEFT,0.0,0.0,0.0,-0.305610328912735,-0.40533435344696045,0.05256043002009392,-0.6926566362380981,-0.4782315790653229,0.03881499543786049,-0.9748377203941345,-0.3739578127861023,0.005570447538048029,-1.1517186164855957,-0.2252526581287384,-0.04337579756975174,-0.964670717716217,-0.5450435280799866,-0.10965897887945175,-1.4229432344436646,-0.5169219970703125,-0.20173661410808563,-1.7089780569076538,-0.5032336711883545,-0.24523106217384338,-1.9369977712631226,-0.4957253932952881,-0.2782747447490692,-0.9486972689628601,-0.2611517906188965,-0.1782081425189972,-1.2491209506988525,0.14916756749153137,-0.27591127157211304,-1.0896868705749512,0.20822277665138245,-0.25312280654907227,-0.9465336203575134,0.10526371747255325,-0.2294807881116867,-0.8719138503074646,0.05966818332672119,-0.2353990375995636,-1.0348048210144043,0.4114523231983185,-0.3028211295604706,-0.8939182162284851,0.406832754611969,-0.22521580755710602,-0.788115382194519,0.28968119621276855,-0.17173898220062256,-0.7706611156463623,0.3608337640762329,-0.2906520366668701,-0.8798077702522278,0.5740179419517517,-0.32400164008140564,-0.7391974329948425,0.554862916469574,-0.25511765480041504,-0.6313074231147766,0.47152042388916016,-0.19567780196666718
POINT_LEFT,0.0,0.0,0.0,-0.31294524669647217,-0.3914378583431244,0.01256810687482357,-0.7864381074905396,-0.5087090730667114,-0.052112869918346405,-1.1649788618087769,-0.4239487051963806,-0.12229792773723602,-1.3716838359832764,-0.28720948100090027,-0.20987120270729065,-0.8983766436576843,-0.7427913546562195,-0.22681286931037903,-1.3900041580200195,-0.70122230052948,-0.37022480368614197,-1.7058888673782349,-0.6989444494247437,-0.4433019161224365,-1.958512306213379,-0.7121254205703735,-0.5032687187194824,-0.8171290159225464,-0.48123589158058167,-0.31732505559921265,-1.3737326860427856,0.05761510506272316,-0.48850443959236145,-1.201358437538147,0.1275140345096588,-0.4689989387989044,-1.009056806564331,0.004192857537418604,-0.4418749213218689,-0.6924676895141602,-0.15047404170036316,-0.39693155884742737,-1.1448525190353394,0.35866719484329224,-0.5449005365371704,-0.9728912115097046,0.3283281624317169,-0.4355175495147705,-0.8130358457565308,0.16195203363895416,-0.3476088345050812,-0.5520661473274231,0.16931584477424622,-0.47374463081359863,-0.9003748893737793,0.5496484041213989,-0.5793552994728088,-0.759110152721405,0.5036881566047668,-0.5090345144271851,-0.620398223400116,0.3515988886356354,-0.4463214874267578
POINT_LEFT,0.0,0.0,0.0,0.07156581431627274,-0.411563903093338,-0.0865374356508255,0.01024111732840538,-0.801785945892334,-0.1852571964263916,-0.11607544869184494,-1.0462452173233032,-0.2941027581691742,-0.2873596251010895,-0.9972644448280334,-0.39648810029029846,-0.5521368384361267,-0.9177436828613281,-0.16514980792999268,-0.8799208402633667,-1.1238714456558228,-0.30561599135398865,-1.1043503284454346,-1.2475498914718628,-0.39341509342193604,-1.316678524017334,-1.3235143423080444,-0.4596741795539856,-0.6600130200386047,-0.7212117314338684,-0.21029482781887054,-0.4582051932811737,-1.0330934524536133,-0.4026431143283844,-0.23063519597053528,-0.8963137865066528,-0.44659367203712463,-0.221694678068161,-0.7451779246330261,-0.4484044015407562,-0.6738627552986145,-0.5031377673149109,-0.261334627866745,-0.3943391740322113,-0.7894782423973083,-0.4355124235153198,-0.20664827525615692,-0.6457048654556274,-0.3894330561161041,-0.22487103939056396,-0.5093125104904175,-0.32976076006889343,-0.62961745262146,-0.28706467151641846,-0.32371285557746887,-0.39395132660865784,-0.5352941751480103,-0.4265134036540985,-0.2434266060590744,-0.456537663936615,-0.37701085209846497,-0.2481270581483841,-0.3354429304599762,-0.31984439492225647
POINT_LEFT,0.0,0.0,0.0,0.1688665747642517,0.09430490434169769,-0.4695979356765747,0.09547434747219086,0.3397868871688843,-0.7461207509040833,-0.14133058488368988,0.9058270454406738,-0.9140989184379578,-0.4108603894710541,1.360143780708313,-1.0548155307769775,-0.5235406756401062,-0.272955983877182,-0.7705520391464233,-0.9466904401779175,-0.01816929504275322,-1.114174723625183,-1.2898346185684204,0.1570797860622406,-1.340264916419983,-1.6390836238861084,0.26973065733909607,-1.5066794157028198,-0.7688928246498108,-0.14161449670791626,-0.6234808564186096,-0.7414250373840332,0.6985787153244019,-0.8566230535507202,-0.335286408662796,0.7633775472640991,-0.8330402374267578,-0.21057072281837463,0.4666694402694702,-0.812743067741394,-0.866859495639801,0.08591268211603165,-0.5091583728790283,-0.7306126952171326,0.8530207872390747,-0.705193817615509,-0.39176371693611145,0.7469409108161926,-0.5500348806381226,-0.3126547634601593,0.40084215998649597,-0.4430265426635742,-0.8972818851470947,0.29953983426094055,-0.4364031255245209,-0.8250688314437866,0.8289308547973633,-0.6208712458610535,-0.5515909194946289,0.727613627910614,-0.5255905389785767,-0.44790318608283997,0.4597848355770111,-0.4241679012775421
POINT_LEFT,0.0,0.0,0.0,0.16609369218349457,-0.058350272476673126,-0.3712165057659149,0.09711495786905289,-0.03993777185678482,-0.5988473892211914,-0.21386848390102386,0.30651596188545227,-0.7584213614463806,-0.5141430497169495,0.5818024277687073,-0.8949830532073975,-0.3791043758392334,-0.670216977596283,-0.5596523284912109,-0.8417685627937317,-0.8537148833274841,-0.8356615304946899,-1.1837400197982788,-0.9348781704902649,-1.0088123083114624,-1.5134152173995972,-1.0105232000350952,-1.1423215866088867,-0.6390713453292847,-0.5982146263122559,-0.4834350645542145,-0.6849900484085083,-0.029339896515011787,-0.7242854237556458,-0.3352621793746948,0.16676907241344452,-0.7267796993255615,-0.18303336203098297,-0.009426896460354328,-0.7087941765785217,-0.7647464275360107,-0.39457517862319946,-0.4408031105995178,-0.7212574481964111,0.19406120479106903,-0.6214775443077087,-0.4260261058807373,0.2398090660572052,-0.5029629468917847,-0.33407697081565857,0.00821162760257721,-0.41786643862724304,-0.8189091682434082,-0.18828116357326508,-0.4404323697090149,-0.7662585377693176,0.2521947920322418,-0.6029903292655945,-0.5092698931694031,0.26738008856773376,-0.5401482582092285,-0.3921414911746979,0.10546261072158813,-0.46496301889419556
POINT_LEFT,0.0,0.0,0.0,0.12248951941728592,-0.061842918395996094,-0.4236965477466583,-0.0072352769784629345,-0.05886397883296013,-0.6299389600753784,-0.32638031244277954,0.3559570908546448,-0.7561568021774292,-0.6600407361984253,0.62652987241745,-0.8449047207832336,-0.5872204899787903,-0.6518003940582275,-0.49630218744277954,-1.1101946830749512,-0.7524191737174988,-0.7624745965003967,-1.4712560176849365,-0.7597917318344116,-0.922387957572937,-1.8118654489517212,-0.7804485559463501,-1.0382503271102905,-0.7888634204864502,-0.4693889915943146,-0.39667361974716187,-0.9034425616264343,0.07639896124601364,-0.6677272915840149,-0.5320245027542114,0.2001647800207138,-0.6949121952056885,-0.35927826166152954,-0.01896902360022068,-0.6697568297386169,-0.8735788464546204,-0.20852743089199066,-0.34267184138298035,-0.8804032206535339,0.31832459568977356,-0.5854508280754089,-0.56141197681427,0.32200953364372253,-0.5013671517372131,-0.4798406660556793,0.05248416215181351,-0.4066237211227417,-0.8865814805030823,0.03668932989239693,-0.3321133553981781,-0.8706417083740234,0.40197208523750305,-0.533117949962616,-0.6118410229682922,0.3975546956062317,-0.4864976704120636,-0.4917459487915039,0.23709899187088013,-0.4037962257862091
POINT_LEFT,0.0,0.0,0.0,0.018953640013933182,0.7037660479545593,-0.46013909578323364,-0.37909936904907227,1.122035026550293,-0.6369959115982056,-0.8688903450965881,1.2391929626464844,-0.6960116028785706,-1.2736146450042725,1.354818344116211,-0.7287514209747314,-0.6639545559883118,0.05277523025870323,-0.6443590521812439,-1.2522554397583008,0.18589244782924652,-0.8282132148742676,-1.6104645729064941,0.0993046909570694,-0.9046876430511475,-1.9047900438308716,-0.07032336294651031,-0.9644314050674438,-0.8620781302452087,-0.24937739968299866,-0.4411467909812927,-1.1761527061462402,0.7599533796310425,-0.6444951891899109,-0.8817465305328369,0.9337992668151855,-0.5978630185127258,-0.6750029921531677,0.684215247631073,-0.5390057563781738,-0.9806745648384094,-0.3135243058204651,-0.26389673352241516,-1.1603338718414307,0.6182048916816711,-0.45847615599632263,-0.9087390899658203,0.7320653796195984,-0.3608558475971222,-0.7866570353507996,0.5198186635971069,-0.2682015597820282,-1.068660020828247,-0.2729744017124176,-0.12337137013673782,-1.1861861944198608,0.45184773206710815,-0.32180655002593994,-0.9818482398986816,0.5857272744178772,-0.3275112211704254,-0.8567404747009277,0.45293715596199036,-0.29344725608825684
POINT_RIGHT,0.0,0.0,0.0,0.023106038570404053,-0.4157072901725769,-0.1813885122537613,0.22464916110038757,-0.7985408306121826,-0.3066768944263458,0.5034669637680054,-0.8570849895477295,-0.43186184763908386,0.7477331757545471,-0.7278944849967957,-0.548311173915863,0.8470522165298462,-0.7767922282218933,-0.2043456733226776,1.3141272068023682,-0.9242767095565796,-0.40094056725502014,1.604784369468689,-0.9620388150215149,-0.5115338563919067,1.8555524349212646,-0.9805994629859924,-0.5838446021080017,0.881889820098877,-0.4147249758243561,-0.22416166961193085,1.0090205669403076,-0.5014282464981079,-0.5301295518875122,0.6354418992996216,-0.47993266582489014,-0.5782882571220398,0.42599087953567505,-0.44613274931907654,-0.5361984372138977,0.8495985865592957,-0.07144146412611008,-0.2683067321777344,0.8665809035301208,-0.15013721585273743,-0.5392614006996155,0.5216240286827087,-0.17678092420101166,-0.46045854687690735,0.38191860914230347,-0.18457801640033722,-0.33549752831459045,0.7688693404197693,0.2647906541824341,-0.33044469356536865,0.7984083294868469,0.17665289342403412,-0.48283302783966064,0.5579343438148499,0.11303398013114929,-0.40732821822166443,0.46290841698646545,0.08024708181619644,-0.3060642182826996
POINT_RIGHT,0.0,0.0,0.0,0.04489856958389282,-0.4258222281932831,-0.19222091138362885,0.28181174397468567,-0.7810924053192139,-0.31717342138290405,0.5761288404464722,-0.8076930642127991,-0.43791329860687256,0.8249590992927551,-0.6884211301803589,-0.5486901998519897,0.8858017325401306,-0.7270912528038025,-0.2007562220096588,1.3475713729858398,-0.8582352995872498,-0.3941909968852997,1.6332685947418213,-0.9057371020317078,-0.5048748254776001,1.8915315866470337,-0.9239999651908875,-0.5767460465431213,0.9023594856262207,-0.36866405606269836,-0.22318914532661438,1.186921238899231,-0.43728700280189514,-0.5403659343719482,0.8395691514015198,-0.4553668200969696,-0.6071460247039795,0.5921120047569275,-0.4573722183704376,-0.5658756494522095,0.850165843963623,-0.024836305528879166,-0.26865285634994507,0.9698184132575989,-0.09265448898077011,-0.5620958805084229,0.608126163482666,-0.14478051662445068,-0.5048481822013855,0.41532543301582336,-0.17173516750335693,-0.3793819546699524,0.7470213770866394,0.3150538206100464,-0.3294777572154999,0.8641616106033325,0.2388695776462555,-0.5033052563667297,0.6056709289550781,0.15256765484809875,-0.4360707402229309,0.4582942724227905,0.09663864970207214,-0.334276407957077
POINT_RIGHT,0.0,0.0,0.0,0.1964838057756424,0.11260111629962921,-0.4546821415424347,0.49897703528404236,0.3441927433013916,-0.535993754863739,0.7646034955978394,0.7007331848144531,-0.5114275813102722,1.0261346101760864,0.9014536142349243,-0.4349973797798157,1.0134066343307495,-0.1256488859653473,-0.29737621545791626,1.4571352005004883,-0.08180167526006699,-0.3928682804107666,1.7441612482070923,-0.08381488919258118,-0.4437601566314697,1.9946538209915161,-0.09435786306858063,-0.47136110067367554,0.9919562339782715,0.08734748512506485,-0.09151095896959305,1.1616772413253784,0.5222083926200867,-0.23231695592403412,0.9422965049743652,0.5462523102760315,-0.2681828737258911,0.8368120193481445,0.388727605342865,-0.24631726741790771,0.9262377023696899,0.262826144695282,0.06652704626321793,1.065942406654358,0.6651162505149841,-0.12351948022842407,0.8205390572547913,0.6324889063835144,-0.17225933074951172,0.7780541181564331,0.4159933030605316,-0.14615398645401,0.8234049081802368,0.3845486044883728,0.1930106282234192,0.9264970421791077,0.7125208973884583,0.05740310624241829,0.7857629060745239,0.7262992858886719,0.019072486087679863,0.7146431803703308,0.5329282283782959,0.03064742498099804
POINT_RIGHT,0.0,0.0,0.0,0.14599308371543884,0.31502288579940796,-0.3095329999923706,0.3734620213508606,0.7075750827789307,-0.3573971092700958,0.561109721660614,1.0879111289978027,-0.33806511759757996,0.755558967590332,1.291223168373108,-0.27999424934387207,0.9305605292320251,0.31898510456085205,-0.17010532319545746,1.345226764678955,0.464460551738739,-0.22726209461688995,1.6156054735183716,0.5511872172355652,-0.27284687757492065,1.8482428789138794,0.577446460723877,-0.30505383014678955,0.8984202146530151,0.4373031556606293,-0.039868663996458054,1.0627189874649048,0.894328236579895,-0.14089632034301758,0.8676608204841614,0.9736585021018982,-0.18616020679473877,0.7368144392967224,0.8644164204597473,-0.18548090755939484,0.8278734087944031,0.5314825177192688,0.056315988302230835,0.9670279026031494,0.955987811088562,-0.07016243785619736,0.7737447023391724,0.9807306528091431,-0.10627719759941101,0.6978147029876709,0.8514283299446106,-0.08925288915634155,0.730349063873291,0.5992628931999207,0.1275937557220459,0.8511316776275635,0.9462946653366089,0.04762786254286766,0.7597489953041077,1.0173580646514893,0.030020801350474358,0.6881940364837646,0.9045639634132385,0.04238798841834068
POINT_RIGHT,0.0,0.0,0.0,0.2095271199941635,-0.6003758311271667,-0.026834538206458092,0.4485965967178345,-0.8684651851654053,-0.12890486419200897,0.6320747137069702,-1.0697392225265503,-0.2572174072265625,0.6612998843193054,-1.2078418731689453,-0.38826268911361694,1.0111631155014038,-0.34533652663230896,-0.06862422078847885,1.3704850673675537,-0.46997374296188354,-0.20707546174526215,1.6348090171813965,-0.5345891714096069,-0.3049350678920746,1.862089991569519,-0.570954442024231,-0.38721126317977905,0.9644460082054138,-0.21872152388095856,-0.1482720524072647,0.9703842401504517,-0.9372919797897339,-0.31897324323654175,0.7302795052528381,-0.9210958480834961,-0.3174738585948944,0.6436297297477722,-0.7378422021865845,-0.29694995284080505,0.8273756504058838,-0.21050338447093964,-0.2422906756401062,0.7201588153839111,-0.9002772569656372,-0.37321552634239197,0.5275633335113525,-0.8376781344413757,-0.27943819761276245,0.4806337356567383,-0.6572359204292297,-0.20355737209320068,0.6467878222465515,-0.2816462218761444,-0.3513837158679962,0.5337982773780823,-0.805479109287262,-0.44063466787338257,0.37796834111213684,-0.7883223295211792,-0.3959729075431824,0.33299487829208374,-0.6621256470680237,-0.34914517402648926
POINT_RIGHT,0.0,0.0,0.0,0.00962985772639513,-0.45586422085762024,-0.1356303095817566,0.1558850258588791,-0.8325209617614746,-0.2641241252422333,0.33102530241012573,-1.0224626064300537,-0.40477901697158813,0.39674490690231323,-0.7709532380104065,-0.5400814414024353,0.8274144530296326,-0.7033969759941101,-0.17808309197425842,1.2583950757980347,-0.8182370662689209,-0.3733934462070465,1.549181580543518,-0.88252854347229,-0.49052655696868896,1.7842422723770142,-0.9172695875167847,-0.579771101474762,0.8984412550926208,-0.3843817710876465,-0.2122086137533188,0.7627285718917847,-0.7829269766807556,-0.4567708969116211,0.47389528155326843,-0.7312408089637756,-0.4696979522705078,0.40671825408935547,-0.577429473400116,-0.428305059671402,0.8356302380561829,-0.0931721031665802,-0.26951929926872253,0.5566460490226746,-0.4670420289039612,-0.4587686061859131,0.33577364683151245,-0.43152734637260437,-0.355594277381897,0.3376593291759491,-0.3111850321292877,-0.24504275619983673,0.6942457556724548,0.14936698973178864,-0.3522837162017822,0.4390127658843994,-0.14960786700248718,-0.4620777666568756,0.27236035466194153,-0.1587323695421219,-0.3978160321712494,0.27969858050346375,-0.07376708835363388,-0.31796497106552124
POINT_RIGHT,0.0,0.0,0.0,-0.22260801494121552,0.06130962073802948,-0.4387645721435547,-0.23613305389881134,0.18683968484401703,-0.7182698845863342,-0.0648314356803894,0.5796892642974854,-0.923312246799469,0.20522701740264893,0.825674295425415,-1.0901767015457153,0.4444911777973175,-0.4738432466983795,-0.6710500121116638,0.9168583750724792,-0.6800723075866699,-1.0070769786834717,1.2704423666000366,-0.7356100678443909,-1.2011289596557617,1.5876822471618652,-0.7970207929611206,-1.329702377319336,0.755063533782959,-0.3187657594680786,-0.5729254484176636,0.6739186644554138,0.3611115515232086,-0.9392905831336975,0.3371730148792267,0.5196407437324524,-0.9907867908477783,0.18331003189086914,0.3191578984260559,-0.9810057878494263,0.8660974502563477,-0.0931294709444046,-0.5092360973358154,0.7141585350036621,0.558707058429718,-0.8482434749603271,0.40862783789634705,0.6234883666038513,-0.7858972549438477,0.3174295425415039,0.3696525990962982,-0.6903263926506042,0.8691239356994629,0.1604038029909134,-0.482120156288147,0.7618399262428284,0.6805050373077393,-0.7256925106048584,0.5182294845581055,0.7351539134979248,-0.6934259533882141,0.38978856801986694,0.531511127948761,-0.6208525896072388
POINT_RIGHT,0.0,0.0,0.0,-0.2565680146217346,-0.044653091579675674,-0.18990424275398254,-0.4077757000923157,-0.18313848972320557,-0.36114463210105896,-0.3078846037387848,-0.040728237479925156,-0.5205037593841553,-0.09972359240055084,0.1118486151099205,-0.674815833568573,-0.09294414520263672,-0.8916056156158447,-0.3639802038669586,0.1412203162908554,-1.2689796686172485,-0.5630204081535339,0.3391783535480499,-1.5226081609725952,-0.6891573667526245,0.5302103757858276,-1.7323650121688843,-0.784521758556366,0.1953597068786621,-0.9130511283874512,-0.3579845726490021,0.1894855946302414,-0.4060511887073517,-0.6070951223373413,-0.009612571448087692,-0.07609773427248001,-0.6395447254180908,-0.08852825313806534,-0.05045390501618385,-0.6374281048774719,0.3930569291114807,-0.764125406742096,-0.3670993149280548,0.351740300655365,-0.20767885446548462,-0.5494983792304993,0.14331044256687164,-0.05364692956209183,-0.4761912226676941,0.04471493512392044,-0.1479218751192093,-0.4120022654533386,0.5295472741127014,-0.5603207349777222,-0.4022383689880371,0.4528582692146301,-0.13684192299842834,-0.5441191792488098,0.28173884749412537,0.003247997257858515,-0.5168691873550415,0.1817011684179306,-0.07023049890995026,-0.47165295481681824
POINT_RIGHT,0.0,0.0,0.0,0.31344202160835266,0.5639901757240295,0.04049118235707283,0.7119900584220886,0.656844973564148,0.09019172191619873,0.9696629643440247,0.48091232776641846,0.13797245919704437,1.071546196937561,0.27178239822387695,0.18114207684993744,1.0351418256759644,0.3278301954269409,-0.009579655714333057,1.4586786031723022,0.26614704728126526,0.037053581327199936,1.6905128955841064,0.2062295377254486,0.0687309205532074,1.8755369186401367,0.14377866685390472,0.07772354781627655,0.999467134475708,-0.030303115025162697,-0.011238954961299896,1.179421305656433,0.1331985741853714,0.0691065713763237,1.0589591264724731,0.2405155748128891,0.12115426361560822,0.9258202910423279,0.27524271607398987,0.13347218930721283,0.8781775236129761,-0.2690863609313965,0.0016821273602545261,0.9838166236877441,-0.053927574306726456,0.1061759889125824,0.8708319664001465,0.03781232610344887,0.16339507699012756,0.7523338794708252,0.046748097985982895,0.16281536221504211,0.7335633635520935,-0.4513508081436157,0.012649448588490486,0.8113710880279541,-0.2748781442642212,0.11067976802587509,0.7182537317276001,-0.18676157295703888,0.17120404541492462,0.6181964874267578,-0.1581065058708191,0.1951756328344345
POINT_RIGHT,0.0,0.0,0.0,0.26412060856819153,0.5617542862892151,-0.08724141865968704,0.6842736601829529,0.7671256065368652,-0.08910775184631348,1.0290627479553223,0.678137481212616,-0.06250911206007004,1.1600797176361084,0.4671519994735718,-0.030321655794978142,1.0070656538009644,0.2624390125274658,-0.15601328015327454,1.438541293144226,0.20864750444889069,-0.15466079115867615,1.676562786102295,0.10631309449672699,-0.15251241624355316,1.8762620687484741,0.010340828448534012,-0.16310402750968933,0.9896875023841858,-0.10370694845914841,-0.09870080649852753,1.108346939086914,0.19884295761585236,-0.07860676199197769,0.9626781344413757,0.31373998522758484,-0.04944845288991928,0.8398048877716064,0.3139139711856842,-0.04366685822606087,0.8933568596839905,-0.30668213963508606,-0.03184937685728073,0.9648440480232239,-0.002626922447234392,0.008885767310857773,0.8405417799949646,0.10681108385324478,0.06135254725813866,0.7293865084648132,0.10752657055854797,0.07371670752763748,0.7794752717018127,-0.44098925590515137,0.024339742958545685,0.8457969427108765,-0.19091837108135223,0.06547074764966965,0.7497227191925049,-0.09130340814590454,0.1137794703245163,0.6534212827682495,-0.0712638720870018,0.14206437766551971
THUMBS_UP,0.0,0.0,0.0,0.5613211393356323,-1.1546381711959839,-0.3032965660095215,1.0176869630813599,-2.2157695293426514,-0.5116593837738037,1.0653493404388428,-3.119466543197632,-0.681936502456665,0.8498191237449646,-3.9241766929626465,-0.821051299571991,0.3863602876663208,-1.4028254747390747,-0.7221813201904297,1.583357334136963,-0.8762607574462891,-1.158333420753479,1.3857709169387817,-0.8682054877281189,-1.4178025722503662,0.9901235103607178,-1.0871611833572388,-1.5885108709335327,0.101589135825634,-0.633044421672821,-0.7674009203910828,1.5419291257858276,-0.18671025335788727,-1.0637494325637817,1.2036312818527222,-0.2836408019065857,-1.0707876682281494,0.8090052008628845,-0.4491558372974396,-1.1704899072647095,-0.013994964770972729,0.026483852416276932,-0.8392985463142395,1.3292323350906372,0.43912646174430847,-1.070692777633667,0.9557387232780457,0.3068317770957947,-0.9442175030708313,0.6231732368469238,0.12630468606948853,-0.9272770881652832,-0.07317021489143372,0.5668609738349915,-0.9534420371055603,0.9760633111000061,0.913011372089386,-1.047855257987976,0.6636098027229309,0.8061173558235168,-0.9683665037155151,0.2887238562107086,0.6953410506248474,-0.9856395721435547
THUMBS_UP,0.0,0.0,0.0,-0.28679704666137695,-0.7109684944152832,-0.12633128464221954,-0.4895074963569641,-1.5261471271514893,-0.27648061513900757,-0.42424944043159485,-2.1592392921447754,-0.40803825855255127,-0.20812828838825226,-2.649915933609009,-0.5472864508628845,-0.2426661252975464,-1.3252677917480469,-0.5191982388496399,-0.9791485667228699,-1.1956504583358765,-0.7360690236091614,-0.8271601796150208,-1.0093501806259155,-0.8098394274711609,-0.6014578342437744,-1.0485312938690186,-0.8512038588523865,-0.17747297883033752,-0.7999680638313293,-0.5731784701347351,-0.9884951114654541,-0.6921536922454834,-0.7621138095855713,-0.7922915816307068,-0.6040104031562805,-0.7248918414115906,-0.5545602440834045,-0.6073930263519287,-0.7251887321472168,-0.1621188074350357,-0.32031574845314026,-0.6269779801368713,-0.9067083597183228,-0.27225983142852783,-0.8056835532188416,-0.7216469049453735,-0.21912497282028198,-0.6912170648574829,-0.49290886521339417,-0.2306259423494339,-0.6229599714279175,-0.1784016489982605,0.09843910485506058,-0.687055230140686,-0.7610645890235901,0.08280408382415771,-0.8202598094940186,-0.5961379408836365,0.10478934645652771,-0.752490222454071,-0.3608555793762207,0.10593769699335098,-0.7028318643569946
THUMBS_UP,0.0,0.0,0.0,-0.07566225528717041,-0.5736513733863831,-0.26176902651786804,0.10173171758651733,-1.1719732284545898,-0.3778972923755646,0.2883845865726471,-1.6012738943099976,-0.4523869752883911,0.45906269550323486,-1.9974336624145508,-0.4883981943130493,0.7520492076873779,-0.8351128697395325,-0.27207449078559875,0.38217732310295105,-0.6055404543876648,-0.4085681736469269,0.20459745824337006,-0.5912055373191833,-0.46134036779403687,0.23473362624645233,-0.642586886882782,-0.5090054273605347,0.8757341504096985,-0.4216955602169037,-0.23502478003501892,0.380872905254364,-0.15497756004333496,-0.37830621004104614,0.21179357171058655,-0.24322566390037537,-0.4064202308654785,0.258623331785202,-0.333607017993927,-0.43383875489234924,0.8775475025177002,-0.03537251800298691,-0.22253479063510895,0.4138983488082886,0.17835836112499237,-0.38797643780708313,0.26336315274238586,0.08520078659057617,-0.3611820936203003,0.3339865803718567,-0.004361822735518217,-0.34044939279556274,0.8158894181251526,0.3115461766719818,-0.23795489966869354,0.48859697580337524,0.49942678213119507,-0.386670857667923,0.3251281678676605,0.4085651636123657,-0.3992837965488434,0.34072956442832947,0.29839253425598145,-0.39487582445144653
THUMBS_UP,0.0,0.0,0.0,0.17450641095638275,-1.1350306272506714,-0.24591296911239624,0.23635748028755188,-2.2246861457824707,-0.396572083234787,-0.008058798499405384,-2.9507832527160645,-0.5259423851966858,-0.37592580914497375,-3.4906656742095947,-0.6190080046653748,-0.03665462136268616,-1.561392068862915,-0.46589991450309753,1.0096591711044312,-1.6181615591049194,-0.817929208278656,0.8332965970039368,-1.3773880004882812,-1.0156892538070679,0.4737570881843567,-1.4147858619689941,-1.1560806035995483,-0.07505213469266891,-0.8523991107940674,-0.5174466967582703,1.1477996110916138,-1.0327388048171997,-0.7883194088935852,0.840489387512207,-0.8487860560417175,-0.818132221698761,0.5017459392547607,-0.8525823354721069,-0.9032284021377563,-0.016297299414873123,-0.2739773094654083,-0.6027206778526306,1.1196650266647339,-0.42232683300971985,-0.8190593719482422,0.8089473843574524,-0.26665347814559937,-0.7290658354759216,0.5268958210945129,-0.29781851172447205,-0.7132322192192078,0.08699505031108856,0.19414517283439636,-0.7239335775375366,0.9917815327644348,0.06713386625051498,-0.8136458992958069,0.7347099781036377,0.16012482345104218,-0.7611093521118164,0.4237423539161682,0.19411098957061768,-0.7781364917755127
THUMBS_UP,0.0,0.0,0.0,-0.03325460106134415,-0.6155149340629578,-0.2413756549358368,-0.3504372835159302,-1.1893081665039062,-0.3516952097415924,-0.5986204743385315,-1.6042708158493042,-0.4349697232246399,-0.8233399391174316,-1.9449257850646973,-0.500307559967041,-0.9253020286560059,-0.5592448115348816,-0.3318527340888977,-0.3888934850692749,-0.5001914501190186,-0.5583640933036804,-0.14842525124549866,-0.4950621426105499,-0.693105936050415,-0.20510819554328918,-0.47635096311569214,-0.77350252866745,-0.9479786157608032,-0.07261981815099716,-0.30990371108055115,-0.25004881620407104,-0.05987260490655899,-0.48192286491394043,-0.034999001771211624,-0.11753032356500626,-0.5264540314674377,-0.10156133770942688,-0.12708131968975067,-0.5683292746543884,-0.8570623397827148,0.31796661019325256,-0.31305426359176636,-0.23318004608154297,0.30360177159309387,-0.47781097888946533,-0.03969731554389,0.18973782658576965,-0.4408520460128784,-0.09786435961723328,0.14842171967029572,-0.41729581356048584,-0.7199673056602478,0.6520690321922302,-0.34584689140319824,-0.308135986328125,0.6093531847000122,-0.4643017053604126,-0.13973048329353333,0.5024486780166626,-0.44509395956993103,-0.16258762776851654,0.4482710361480713,-0.4190627634525299
THUMBS_UP,0.0,0.0,0.0,-0.19090092182159424,-0.40005019307136536,-0.23560816049575806,-0.4760357439517975,-0.6924337148666382,-0.3872220814228058,-0.685491144657135,-1.0062997341156006,-0.5203109383583069,-0.8601579666137695,-1.2752712965011597,-0.6364887356758118,-0.902572512626648,0.14982441067695618,-0.25977393984794617,-0.6980079412460327,0.2190876454114914,-0.48442161083221436,-0.5005342960357666,0.11498092114925385,-0.6330028176307678,-0.47637471556663513,0.04073242470622063,-0.7206968665122986,-0.8039532899856567,0.5436364412307739,-0.2410271316766739,-0.531972348690033,0.5922353863716125,-0.4290145933628082,-0.3505345582962036,0.3766354024410248,-0.47943800687789917,-0.3450918197631836,0.2454041689634323,-0.5023176670074463,-0.6304206252098083,0.8017207384109497,-0.25060519576072693,-0.3904818296432495,0.8345836997032166,-0.4244954288005829,-0.23539620637893677,0.5921280384063721,-0.3891604244709015,-0.25848719477653503,0.4421282708644867,-0.34736302495002747,-0.43541964888572693,0.9638380408287048,-0.2866295874118805,-0.22648590803146362,0.9943837523460388,-0.39734360575675964,-0.11266088485717773,0.7395065426826477,-0.3628328740596771,-0.1427718847990036,0.5440769791603088,-0.3171795606613159
THUMBS_UP,0.0,0.0,0.0,-0.08716347813606262,-0.683819591999054,-0.24298173189163208,-0.36898916959762573,-1.2129648923873901,-0.41247913241386414,-0.5473849177360535,-1.6943296194076538,-0.5560670495033264,-0.753929615020752,-2.142542839050293,-0.6801344752311707,-0.8907462954521179,-0.4975023567676544,-0.41032475233078003,-0.29736512899398804,-0.47949305176734924,-0.6550957560539246,-0.1891506165266037,-0.5219650268554688,-0.823021411895752,-0.28332117199897766,-0.5599772930145264,-0.9367061257362366,-0.9188610315322876,0.025826865807175636,-0.39369359612464905,-0.176554337143898,-0.06742445379495621,-0.5532147288322449,-0.17010639607906342,-0.16947795450687408,-0.5974012613296509,-0.2927401065826416,-0.2342841923236847,-0.6522963643074036,-0.8289896249771118,0.4466371238231659,-0.3935556411743164,-0.14924758672714233,0.32780972123146057,-0.514953076839447,-0.142978236079216,0.22200213372707367,-0.45373690128326416,-0.3063834607601166,0.17849285900592804,-0.42831122875213623,-0.665925920009613,0.803961455821991,-0.4311002492904663,-0.15591314435005188,0.7013859152793884,-0.5342787504196167,-0.15148277580738068,0.5568516850471497,-0.5116981267929077,-0.30796629190444946,0.4685625433921814,-0.489398717880249
THUMBS_UP,0.0,0.0,0.0,0.2901839315891266,-0.713404655456543,-0.2865391671657562,0.46950510144233704,-1.6138322353363037,-0.4010615646839142,0.5713616609573364,-2.280858278274536,-0.4846785068511963,0.6024717092514038,-2.858128786087036,-0.5602073073387146,0.1964702606201172,-1.456352710723877,-0.4050547480583191,0.968169629573822,-1.0263539552688599,-0.63892662525177,0.8556996583938599,-0.9080710411071777,-0.8092894554138184,0.6394513249397278,-1.013564944267273,-0.9481492638587952,-6.8516812461894e-05,-0.9213810563087463,-0.38862401247024536,0.9212939739227295,-0.4662729799747467,-0.5409155488014221,0.7337033748626709,-0.4838581085205078,-0.5826411843299866,0.4869329035282135,-0.6362073421478271,-0.6636151671409607,-0.09717248380184174,-0.3869144320487976,-0.40221333503723145,0.7306725978851318,-0.0025816457346081734,-0.5426608920097351,0.5727324485778809,-0.05879165232181549,-0.4638822376728058,0.3716592788696289,-0.23529095947742462,-0.43621233105659485,-0.13994769752025604,0.07229708135128021,-0.46236518025398254,0.5139979124069214,0.3172455132007599,-0.5996912121772766,0.4293614327907562,0.24186348915100098,-0.586908757686615,0.26566293835639954,0.1356218308210373,-0.5804142355918884
THUMBS_UP,0.0,0.0,0.0,0.43106725811958313,-0.305950790643692,-0.06597443670034409,0.9501466155052185,-0.4928278923034668,-0.201332688331604,1.2762123346328735,-0.7712206244468689,-0.331292986869812,1.4755216836929321,-1.1526836156845093,-0.4383182227611542,1.1037704944610596,-0.07156966626644135,-0.3651047945022583,1.4509923458099365,0.6120371222496033,-0.5251793265342712,1.2731525897979736,0.5282933712005615,-0.5723243355751038,1.1316509246826172,0.2883908450603485,-0.5897234678268433,0.8717579245567322,0.23523223400115967,-0.42975127696990967,1.2184463739395142,0.8946216106414795,-0.5171257257461548,1.0635889768600464,0.7305020093917847,-0.46497219800949097,0.929176390171051,0.47325190901756287,-0.44785618782043457,0.6067556738853455,0.5200380086898804,-0.489221453666687,0.9285492897033691,1.0955712795257568,-0.5388511419296265,0.7855789065361023,0.9161733984947205,-0.40387141704559326,0.6487665772438049,0.6733435988426208,-0.3369586169719696,0.3397587537765503,0.7615829110145569,-0.5532433390617371,0.6126605272293091,1.203838586807251,-0.5632771849632263,0.503625214099884,1.0325276851654053,-0.4402382969856262,0.3828940987586975,0.8059867024421692,-0.3657311201095581
THUMBS_UP,0.0,0.0,0.0,0.4498637318611145,-0.5419437289237976,-0.14741535484790802,1.0460214614868164,-0.9656122326850891,-0.34408292174339294,1.322083830833435,-1.4616549015045166,-0.5103400349617004,1.41708242893219,-2.0307810306549072,-0.6451654434204102,0.9574821591377258,-0.5622037053108215,-0.6539556980133057,1.6597408056259155,0.07533255964517593,-0.9101898670196533,1.4748013019561768,-0.07181460410356522,-0.9729666113853455,1.2219771146774292,-0.3442160189151764,-0.9744031429290771,0.7249953150749207,-0.07867926359176636,-0.684231162071228,1.4544838666915894,0.49607595801353455,-0.8507149815559387,1.3020164966583252,0.25071272253990173,-0.7680010795593262,1.061631441116333,0.02022925764322281,-0.7208788990974426,0.5175885558128357,0.3548455536365509,-0.7046906352043152,1.1823163032531738,0.8018345236778259,-0.7837395071983337,1.038883090019226,0.5657848119735718,-0.5917925238609314,0.7982813119888306,0.3815684914588928,-0.480996310710907,0.34479549527168274,0.7027428150177002,-0.7356900572776794,0.8748641610145569,1.0051296949386597,-0.7257611751556396,0.7753608226776123,0.7939622402191162,-0.5593075752258301,0.557676374912262,0.6262404322624207,-0.46166032552719116
OPEN_PALM,0.0,0.0,0.0,-0.21995247900485992,-0.20732714235782623,-0.13589778542518616,-0.40583449602127075,-0.4699392020702362,-0.23580363392829895,-0.5604450702667236,-0.680019736289978,-0.324863463640213,-0.724096417427063,-0.7998421788215637,-0.42062216997146606,-0.02953392267227173,-0.9751225113868713,-0.1864551156759262,-0.035606637597084045,-1.392040491104126,-0.294516921043396,-0.029561366885900497,-1.653965950012207,-0.3815857768058777,-0.012983235530555248,-1.879191279411316,-0.44860541820526123,0.1558029055595398,-0.966781735420227,-0.20259827375411987,0.2296549528837204,-1.4279636144638062,-0.297101765871048,0.27633705735206604,-1.7192319631576538,-0.37654390931129456,0.3190915584564209,-1.9682072401046753,-0.4392464756965637,0.3096698522567749,-0.8532400727272034,-0.2323104739189148,0.43593844771385193,-1.2523034811019897,-0.33199381828308105,0.5056233406066895,-1.5147134065628052,-0.4053288996219635,0.5562092661857605,-1.7496252059936523,-0.46062013506889343,0.4391354024410248,-0.6614091992378235,-0.27269649505615234,0.6163756251335144,-0.8904455304145813,-0.36298611760139465,0.7155622243881226,-1.0630102157592773,-0.4069333076477051,0.7921108603477478,-1.2367931604385376,-0.4394329786300659
OPEN_PALM,0.0,0.0,0.0,-0.3097339868545532,0.08211592584848404,-0.13917973637580872,-0.64229816198349,0.07846757024526596,-0.23470492660999298,-0.9037445187568665,0.08837730437517166,-0.3200054168701172,-1.1165668964385986,0.13108102977275848,-0.4101193845272064,-0.7194840908050537,-0.5986835956573486,-0.17288480699062347,-0.9984354972839355,-0.8531193733215332,-0.29603111743927,-1.1759401559829712,-1.0199953317642212,-0.39139601588249207,-1.3282146453857422,-1.174015998840332,-0.46267178654670715,-0.5831015110015869,-0.788253903388977,-0.19656406342983246,-0.8300459384918213,-1.1774544715881348,-0.30649837851524353,-0.9904462099075317,-1.4293134212493896,-0.39556607604026794,-1.127480387687683,-1.654444932937622,-0.46064746379852295,-0.4007030725479126,-0.8608899116516113,-0.23761196434497833,-0.582480251789093,-1.2503291368484497,-0.3583543598651886,-0.7134645581245422,-1.5041146278381348,-0.44581305980682373,-0.8361504673957825,-1.7265681028366089,-0.5066643357276917,-0.18734082579612732,-0.8499098420143127,-0.2887897193431854,-0.2159978598356247,-1.186445713043213,-0.3971381187438965,-0.25955531001091003,-1.4154130220413208,-0.4513999819755554,-0.31894931197166443,-1.6244601011276245,-0.48892027139663696
OPEN_PALM,0.0,0.0,0.0,-0.26390978693962097,-0.2416573017835617,-0.13394367694854736,-0.46221262216567993,-0.5635755062103271,-0.24153460562229156,-0.6312499642372131,-0.8220516443252563,-0.33770790696144104,-0.8005201816558838,-1.0236968994140625,-0.4439622461795807,-0.17894898355007172,-1.0019584894180298,-0.26999032497406006,-0.1693035513162613,-1.4761004447937012,-0.4307624101638794,-0.153495654463768,-1.778285026550293,-0.5397841930389404,-0.1324908286333084,-2.0454602241516113,-0.6202933192253113,0.009136348031461239,-0.9482551217079163,-0.31736311316490173,0.10310187935829163,-1.4467172622680664,-0.4722132682800293,0.1619703471660614,-1.7811061143875122,-0.5754461288452148,0.21664513647556305,-2.0712411403656006,-0.6505695581436157,0.16020826995372772,-0.775068998336792,-0.3759835362434387,0.32432135939598083,-1.199832558631897,-0.5489681363105774,0.4164702594280243,-1.5036457777023315,-0.6464640498161316,0.4858819246292114,-1.787746548652649,-0.7119921445846558,0.27771514654159546,-0.5147889256477356,-0.43937623500823975,0.4783276319503784,-0.7265264391899109,-0.6112557649612427,0.5949609279632568,-0.9118991494178772,-0.6831703186035156,0.6824036836624146,-1.1033473014831543,-0.7283728718757629
OPEN_PALM,0.0,0.0,0.0,-0.2124462127685547,-0.27397453784942627,-0.13023199141025543,-0.35609251260757446,-0.6128812432289124,-0.21720780432224274,-0.4712728261947632,-0.8667284846305847,-0.2951391637325287,-0.6037201881408691,-1.0459717512130737,-0.37883785367012024,0.09673799574375153,-1.0069383382797241,-0.16110627353191376,0.181148499250412,-1.4177039861679077,-0.2677600681781769,0.250853568315506,-1.6688556671142578,-0.3532527685165405,0.32117563486099243,-1.8802579641342163,-0.41871437430381775,0.28758448362350464,-0.9401765465736389,-0.18262775242328644,0.4365251958370209,-1.3711886405944824,-0.27194926142692566,0.536545991897583,-1.6414132118225098,-0.35019001364707947,0.6265970468521118,-1.870155930519104,-0.4130721688270569,0.427132785320282,-0.7826269268989563,-0.22009976208209991,0.6196163892745972,-1.1420928239822388,-0.31809982657432556,0.7342373728752136,-1.3773279190063477,-0.39045849442481995,0.8259380459785461,-1.5921212434768677,-0.4457976818084717,0.5251901149749756,-0.5509092211723328,-0.26878854632377625,0.7215576171875,-0.7234494090080261,-0.3608914613723755,0.8439487814903259,-0.8743867874145508,-0.40617674589157104,0.9466585516929626,-1.0323023796081543,-0.4401925504207611
OPEN_PALM,0.0,0.0,0.0,-0.21879145503044128,-0.24098210036754608,-0.13770791888237,-0.37706294655799866,-0.5484647750854492,-0.22917725145816803,-0.4954342544078827,-0.7867634892463684,-0.30992043018341064,-0.6356493830680847,-0.9431253671646118,-0.3959462344646454,0.04186110943555832,-0.9947035908699036,-0.16126321256160736,0.08464973419904709,-1.396954894065857,-0.2648071050643921,0.12195403128862381,-1.6491661071777344,-0.3519371449947357,0.16499966382980347,-1.8675298690795898,-0.4199592173099518,0.23222500085830688,-0.9565485119819641,-0.17628195881843567,0.34537869691848755,-1.3951776027679443,-0.26722589135169983,0.4199058711528778,-1.6768916845321655,-0.34664326906204224,0.4885402321815491,-1.9248021841049194,-0.41003474593162537,0.3790818452835083,-0.8227401971817017,-0.20760668814182281,0.5292928814888,-1.2032614946365356,-0.3038771450519562,0.6134285926818848,-1.4514588117599487,-0.3742803633213043,0.6790971159934998,-1.681113600730896,-0.4283515512943268,0.49418774247169495,-0.6140042543411255,-0.25115424394607544,0.6732639670372009,-0.8209803104400635,-0.33779242634773254,0.774289608001709,-0.982854962348938,-0.38030314445495605,0.8543922901153564,-1.1524382829666138,-0.41307491064071655
OPEN_PALM,0.0,0.0,0.0,-0.2844082713127136,-0.10984423756599426,-0.12152682989835739,-0.5355003476142883,-0.33722519874572754,-0.19840723276138306,-0.7285252213478088,-0.5129653811454773,-0.26665014028549194,-0.9068930745124817,-0.6198537945747375,-0.33878016471862793,-0.32377368211746216,-0.915901780128479,-0.13383495807647705,-0.4285407066345215,-1.2832554578781128,-0.23090974986553192,-0.4912707507610321,-1.522030234336853,-0.30956214666366577,-0.5362002849578857,-1.732894778251648,-0.3704735338687897,-0.14790473878383636,-0.9767957925796509,-0.15486571192741394,-0.18109120428562164,-1.4205691814422607,-0.2399287074804306,-0.21110112965106964,-1.7044429779052734,-0.31325003504753113,-0.2344721108675003,-1.948395013809204,-0.36912113428115845,0.01870906352996826,-0.9286088347434998,-0.19208113849163055,0.028481293469667435,-1.3383082151412964,-0.28915926814079285,0.015949752181768417,-1.6055285930633545,-0.3579924404621124,-0.00028493060381151736,-1.8444933891296387,-0.4085767865180969,0.17671898007392883,-0.7948132753372192,-0.23929844796657562,0.2787947356700897,-1.062156081199646,-0.32990431785583496,0.3292509615421295,-1.2570316791534424,-0.372643381357193,0.36175310611724854,-1.4409751892089844,-0.40318962931632996
OPEN_PALM,0.0,0.0,0.0,0.28495505452156067,-0.009394027292728424,-0.1635623574256897,0.5530415177345276,-0.05997323989868164,-0.27964097261428833,0.773391842842102,0.0095680495724082,-0.3891008496284485,0.9516740441322327,0.12750598788261414,-0.5030777454376221,0.469002902507782,-0.8083810806274414,-0.19811639189720154,0.6160414218902588,-1.1719160079956055,-0.32094740867614746,0.6937991380691528,-1.415467619895935,-0.41490718722343445,0.7603092193603516,-1.6307884454727173,-0.4819223880767822,0.2939006984233856,-0.933261513710022,-0.20648051798343658,0.4116465449333191,-1.3788068294525146,-0.3088871240615845,0.4834645092487335,-1.6634072065353394,-0.3863958716392517,0.5424681901931763,-1.9077321290969849,-0.4424583315849304,0.11446184664964676,-0.9385583996772766,-0.23115456104278564,0.17840996384620667,-1.3594146966934204,-0.32045355439186096,0.22306588292121887,-1.627952218055725,-0.38664644956588745,0.271732360124588,-1.8657242059707642,-0.4318321645259857,-0.06566305458545685,-0.8490033149719238,-0.2726062834262848,-0.10622718930244446,-1.1634520292282104,-0.3508184254169464,-0.11803358048200607,-1.3770912885665894,-0.38532572984695435,-0.11038647592067719,-1.581994652748108,-0.40662381052970886
OPEN_PALM,0.0,0.0,0.0,0.2973520755767822,0.01933464966714382,-0.16382253170013428,0.5702435374259949,-0.0031657314393669367,-0.29010385274887085,0.7874684929847717,0.0925593376159668,-0.41178759932518005,0.9684446454048157,0.22368358075618744,-0.5411908030509949,0.5324899554252625,-0.764780580997467,-0.22753100097179413,0.7016721963882446,-1.1473467350006104,-0.3685455620288849,0.7932398915290833,-1.3985588550567627,-0.472256064414978,0.8780911564826965,-1.6246960163116455,-0.5454126000404358,0.3664257228374481,-0.8981882929801941,-0.24285545945167542,0.5094799995422363,-1.3443846702575684,-0.36212435364723206,0.6036667227745056,-1.6301097869873047,-0.45107540488243103,0.6859027743339539,-1.8755862712860107,-0.5158082246780396,0.18090438842773438,-0.9152734279632568,-0.27286168932914734,0.2583508789539337,-1.3524036407470703,-0.37698885798454285,0.3167804181575775,-1.6264644861221313,-0.44958916306495667,0.3804239332675934,-1.8696203231811523,-0.49902379512786865,-0.010932345874607563,-0.8370198011398315,-0.3187863826751709,-0.03142813220620155,-1.1692911386489868,-0.4101414680480957,-0.02966175228357315,-1.3941670656204224,-0.45084190368652344,-0.006273748818784952,-1.610878348350525,-0.4757267236709595
OPEN_PALM,0.0,0.0,0.0,0.28505444526672363,0.1494104266166687,-0.07387138158082962,0.6093398332595825,0.07031159847974777,-0.1195528581738472,0.8598342537879944,0.04357535392045975,-0.17339125275611877,1.045938491821289,0.06033431366086006,-0.23379169404506683,0.7700356245040894,-0.5805143117904663,-0.08604822307825089,1.0218428373336792,-0.8775866627693176,-0.18814298510551453,1.1766144037246704,-1.0577456951141357,-0.2688257396221161,1.3117448091506958,-1.2045552730560303,-0.330558180809021,0.673725426197052,-0.7262306213378906,-0.1366550177335739,0.9086253643035889,-1.1398742198944092,-0.23579418659210205,1.0811355113983154,-1.3775272369384766,-0.3168870508670807,1.2275948524475098,-1.5784647464752197,-0.3748544752597809,0.5308403968811035,-0.7656051516532898,-0.20096038281917572,0.702003538608551,-1.1938669681549072,-0.30641335248947144,0.8341262936592102,-1.4401865005493164,-0.38014882802963257,0.9619911313056946,-1.6500179767608643,-0.4303056299686432,0.3535382151603699,-0.7143455743789673,-0.27349740266799927,0.3960305154323578,-1.0726381540298462,-0.38497763872146606,0.4606654942035675,-1.3104206323623657,-0.44307127594947815,0.5448840856552124,-1.5220612287521362,-0.47967252135276794
OPEN_PALM,0.0,0.0,0.0,0.2343955934047699,0.37589699029922485,-0.08349394798278809,0.527457058429718,0.6285097002983093,-0.181344673037529,0.6844696998596191,0.8908328413963318,-0.29233118891716003,0.7569866180419922,1.1390615701675415,-0.419109582901001,1.0421247482299805,0.08719968795776367,-0.1447049081325531,1.3742884397506714,-0.14001473784446716,-0.29157236218452454,1.5629167556762695,-0.265676885843277,-0.4191468358039856,1.7260950803756714,-0.3580041825771332,-0.516889750957489,0.9705317616462708,-0.0898025780916214,-0.22359400987625122,1.3046801090240479,-0.3873094916343689,-0.35861948132514954,1.513890266418457,-0.5453624725341797,-0.4740784168243408,1.6979308128356934,-0.6808178424835205,-0.5653462409973145,0.8127925395965576,-0.2187238335609436,-0.316771537065506,1.139905333518982,-0.5534058809280396,-0.451882928609848,1.3463809490203857,-0.7278571724891663,-0.5463738441467285,1.5376476049423218,-0.8828000426292419,-0.616949737071991,0.5899671316146851,-0.28889238834381104,-0.4182766377925873,0.8005256056785583,-0.657580554485321,-0.5593690276145935,0.9503587484359741,-0.8753271698951721,-0.6292704343795776,1.1016210317611694,-1.0660240650177002,-0.6773345470428467
OPEN_PALM,0.0,0.0,0.0,0.3072146475315094,0.23719413578510284,-0.2235850691795349,0.5935847163200378,0.43075644969940186,-0.38175392150878906,0.7987068295478821,0.7064318060874939,-0.5283299684524536,0.9685556888580322,0.9717903733253479,-0.6870602965354919,0.8203181624412537,-0.37480637431144714,-0.32962945103645325,1.1714204549789429,-0.6664905548095703,-0.5035436153411865,1.3808571100234985,-0.8630415201187134,-0.6294127106666565,1.5561583042144775,-1.0426836013793945,-0.7199782133102417,0.6888831853866577,-0.638695478439331,-0.34277859330177307,1.0224086046218872,-1.0509066581726074,-0.49121326208114624,1.226356863975525,-1.3096941709518433,-0.5984117388725281,1.380163311958313,-1.5326331853866577,-0.6806917786598206,0.4871608316898346,-0.7823772430419922,-0.373770147562027,0.7266227006912231,-1.2122873067855835,-0.5065402984619141,0.8894472122192383,-1.4674001932144165,-0.5984792709350586,1.0370252132415771,-1.676049828529358,-0.6662226319313049,0.24175025522708893,-0.8244906663894653,-0.4263424277305603,0.31498876214027405,-1.1991606950759888,-0.5455073714256287,0.3827045261859894,-1.4306491613388062,-0.6016858816146851,0.4645618498325348,-1.6287543773651123,-0.6407977938652039
FIST,0.0,0.0,0.0,-0.21272292733192444,-0.16225890815258026,-0.15803730487823486,-0.3929165005683899,-0.4737747013568878,-0.23329482972621918,-0.4521154463291168,-0.7432708740234375,-0.2936815321445465,-0.3089222311973572,-0.8666531443595886,-0.31861478090286255,-0.1536327600479126,-1.0073438882827759,-0.06533760577440262,-0.25906872749328613,-1.0029165744781494,-0.21452240645885468,-0.2736433446407318,-0.6979126930236816,-0.2844259440898895,-0.23316018283367157,-0.6605973243713379,-0.3227309584617615,0.03437706083059311,-0.997945249080658,-0.053968630731105804,-0.0884665995836258,-0.8760029673576355,-0.20533926784992218,-0.13982048630714417,-0.5411391258239746,-0.2150842696428299,-0.0999271348118782,-0.5597369074821472,-0.18896684050559998,0.1937517374753952,-0.8778387308120728,-0.07815251499414444,0.07828892022371292,-0.6874030232429504,-0.22763913869857788,7.671862113056704e-05,-0.4131883382797241,-0.1779853105545044,0.03549158573150635,-0.4612540304660797,-0.11180722713470459,0.33612239360809326,-0.7067880630493164,-0.12222199141979218,0.22211690247058868,-0.5260776877403259,-0.20724958181381226,0.14357808232307434,-0.33981361985206604,-0.1852504163980484,0.15677109360694885,-0.3622973561286926,-0.1473550945520401
FIST,0.0,0.0,0.0,-0.305508017539978,0.032373975962400436,-0.09538505971431732,-0.6112152934074402,-0.08851583302021027,-0.14815284311771393,-0.8050398826599121,-0.21679669618606567,-0.20276546478271484,-0.8355275392532349,-0.408750981092453,-0.22909055650234222,-0.5726404786109924,-0.8069058060646057,0.009184577502310276,-0.794036865234375,-0.6078901290893555,-0.13607344031333923,-0.6708326935768127,-0.36151254177093506,-0.22449040412902832,-0.5627527236938477,-0.3619261384010315,-0.27058514952659607,-0.4358545243740082,-0.8999683856964111,-0.008791501633822918,-0.6445976495742798,-0.5950974225997925,-0.14679108560085297,-0.5152700543403625,-0.3172469139099121,-0.1641424000263214,-0.41981619596481323,-0.3552849590778351,-0.1471286565065384,-0.27535101771354675,-0.8931121230125427,-0.05883881822228432,-0.47799384593963623,-0.6135938167572021,-0.19932396709918976,-0.3803311884403229,-0.3353500962257385,-0.14748629927635193,-0.2925965189933777,-0.3625562787055969,-0.07965054363012314,-0.1060485914349556,-0.8168510794639587,-0.12410197407007217,-0.2706848084926605,-0.5972808003425598,-0.20986001193523407,-0.2342153787612915,-0.37976908683776855,-0.17905056476593018,-0.16265559196472168,-0.37689998745918274,-0.12907765805721283
FIST,0.0,0.0,0.0,-0.34811440110206604,0.07694155722856522,-0.0782095417380333,-0.6979882717132568,-0.056561000645160675,-0.12267155945301056,-0.9117221832275391,-0.24852614104747772,-0.1769661158323288,-0.959760844707489,-0.519388735294342,-0.20100855827331543,-0.6842387914657593,-0.7184067368507385,0.053832847625017166,-0.8895838856697083,-0.6916440725326538,-0.10456529259681702,-0.7579361796379089,-0.39266639947891235,-0.18755318224430084,-0.6425685286521912,-0.3179558515548706,-0.2213870733976364,-0.5393702387809753,-0.8416330814361572,0.026872970163822174,-0.7546946406364441,-0.7641933560371399,-0.13049665093421936,-0.5968114733695984,-0.40054500102996826,-0.139072984457016,-0.4782642126083374,-0.38169172406196594,-0.09964662045240402,-0.36382368206977844,-0.9125568270683289,-0.035416387021541595,-0.5608949065208435,-0.7840188145637512,-0.19144727289676666,-0.4202677011489868,-0.43314531445503235,-0.11766450107097626,-0.3148389160633087,-0.4370657801628113,-0.02373010478913784,-0.1631639450788498,-0.9301779270172119,-0.10994397103786469,-0.3413674235343933,-0.7754201889038086,-0.19489623606204987,-0.2690556049346924,-0.5062158107757568,-0.14012490212917328,-0.1807650774717331,-0.49927422404289246,-0.06998355686664581
FIST,0.0,0.0,0.0,-0.3221327066421509,-0.09469256550073624,-0.13458585739135742,-0.6420497298240662,-0.4273374676704407,-0.19828955829143524,-0.745070219039917,-0.7847377061843872,-0.25678107142448425,-0.59344881772995,-0.971573531627655,-0.2890300750732422,-0.3961297273635864,-0.9865331053733826,-0.06645529717206955,-0.448685884475708,-1.1707303524017334,-0.23682032525539398,-0.4203971028327942,-0.835294783115387,-0.3281184136867523,-0.39224305748939514,-0.6919276714324951,-0.3703261613845825,-0.18713651597499847,-0.9790058732032776,-0.08072557300329208,-0.2222951203584671,-1.149510383605957,-0.2601602375507355,-0.2166212499141693,-0.7721073031425476,-0.2848450839519501,-0.19750116765499115,-0.6304216980934143,-0.2577269971370697,0.01132568996399641,-0.9012804627418518,-0.1259216070175171,-0.010124058462679386,-1.0663467645645142,-0.3000110685825348,-0.03175635263323784,-0.7135307788848877,-0.2381332814693451,-0.036582984030246735,-0.5629829168319702,-0.1508188396692276,0.19843950867652893,-0.7686461806297302,-0.18479861319065094,0.17219945788383484,-0.8897362351417542,-0.28057605028152466,0.13599711656570435,-0.623120129108429,-0.21763980388641357,0.11620327085256577,-0.49514535069465637,-0.14312316477298737
FIST,0.0,0.0,0.0,-0.18124888837337494,-0.14382962882518768,-0.1819942593574524,-0.328941285610199,-0.37041521072387695,-0.299206018447876,-0.3082196116447449,-0.5476418733596802,-0.39071205258369446,-0.1287476271390915,-0.5870042443275452,-0.44893139600753784,-0.11143697798252106,-1.0085694789886475,-0.1708214432001114,-0.0924256443977356,-0.8431799411773682,-0.3205552399158478,-0.09176856279373169,-0.556201696395874,-0.40199515223503113,-0.09708802402019501,-0.4881567358970642,-0.451201856136322,0.10281547158956528,-0.9823691844940186,-0.15611153841018677,0.11698458343744278,-0.7139368057250977,-0.3086319863796234,0.06222514808177948,-0.4242676794528961,-0.34613046050071716,0.03467874228954315,-0.4047718644142151,-0.349954754114151,0.2817589342594147,-0.8492176532745361,-0.1656958907842636,0.30683860182762146,-0.5516048073768616,-0.3086095154285431,0.21394161880016327,-0.3331274688243866,-0.28697970509529114,0.1620783805847168,-0.3547024428844452,-0.25026944279670715,0.43108034133911133,-0.6621557474136353,-0.19508105516433716,0.4574819505214691,-0.41576507687568665,-0.28813329339027405,0.35343390703201294,-0.258932888507843,-0.2776987850666046,0.2762550711631775,-0.2827303409576416,-0.2504197657108307
FIST,0.0,0.0,0.0,0.22140684723854065,-0.10504374653100967,-0.11173705756664276,0.42866212129592896,-0.3158198297023773,-0.19680960476398468,0.4775630235671997,-0.5307343602180481,-0.27243882417678833,0.31842148303985596,-0.6321498155593872,-0.3246266841888428,0.297812283039093,-0.9712613224983215,-0.10555148869752884,0.4463694989681244,-0.8905110359191895,-0.2554062604904175,0.41547703742980957,-0.5977304577827454,-0.3460260033607483,0.33451199531555176,-0.5699028372764587,-0.4047330319881439,0.10313068330287933,-0.9868425726890564,-0.12448123842477798,0.25432607531547546,-0.8209441304206848,-0.27017727494239807,0.26595044136047363,-0.48964476585388184,-0.31408822536468506,0.21585790812969208,-0.48003149032592773,-0.32861316204071045,-0.06779946386814117,-0.8748902082443237,-0.1617133617401123,0.10304681956768036,-0.6006987690925598,-0.29293927550315857,0.13533379137516022,-0.3349093794822693,-0.274935781955719,0.0778113603591919,-0.3606424033641815,-0.24792805314064026,-0.20189125835895538,-0.6966422200202942,-0.2112094759941101,-0.04464411735534668,-0.40193960070610046,-0.29071301221847534,-0.024001453071832657,-0.2310473620891571,-0.2832062244415283,-0.08582990616559982,-0.27988481521606445,-0.26648610830307007
FIST,0.0,0.0,0.0,0.3714503049850464,-0.08440139889717102,-0.07557692378759384,0.637345552444458,-0.2145409882068634,-0.15332098305225372,0.7648230195045471,-0.3269501328468323,-0.23522643744945526,0.6587336659431458,-0.352538138628006,-0.3023379445075989,0.41998913884162903,-1.0459785461425781,-0.09536813199520111,0.7608089447021484,-0.7337987422943115,-0.237858384847641,0.690549910068512,-0.493717223405838,-0.3397381901741028,0.5930880308151245,-0.5102425813674927,-0.4153370261192322,0.2618706524372101,-0.9547865390777588,-0.14069433510303497,0.6348009705543518,-0.5336966514587402,-0.2586994171142578,0.5500988960266113,-0.3420303165912628,-0.31133320927619934,0.46569955348968506,-0.39593377709388733,-0.35922738909721375,0.12439043074846268,-0.7477731704711914,-0.19999253749847412,0.4703238904476166,-0.3216925263404846,-0.2961207926273346,0.38980627059936523,-0.1791289746761322,-0.296798974275589,0.2988588511943817,-0.2408483326435089,-0.3041737377643585,0.01907271146774292,-0.4913995563983917,-0.27232593297958374,0.30221641063690186,-0.16395872831344604,-0.33046233654022217,0.2469634860754013,-0.07513295114040375,-0.33394724130630493,0.15726710855960846,-0.12873265147209167,-0.33977559208869934
FIST,0.0,0.0,0.0,0.6995030045509338,0.05829202011227608,-0.07224384695291519,1.2273585796356201,0.08952422440052032,-0.11889547854661942,1.393599033355713,0.49375858902931213,-0.13546736538410187,1.1750291585922241,0.9838807582855225,-0.13384738564491272,0.971762478351593,-0.8231596946716309,-0.25611039996147156,1.4188416004180908,-0.033445071429014206,-0.30804872512817383,1.3243266344070435,0.37407591938972473,-0.3067697584629059,1.1013411283493042,0.4740668535232544,-0.30302274227142334,0.6376560926437378,-0.7297279834747314,-0.24672134220600128,1.20427405834198,0.11338713765144348,-0.2769673466682434,1.088523268699646,0.45510029792785645,-0.26771193742752075,0.8799335360527039,0.501771867275238,-0.2832469642162323,0.36452916264533997,-0.41968533396720886,-0.22220385074615479,0.8911712169647217,0.46190860867500305,-0.22743883728981018,0.8061432242393494,0.7562054395675659,-0.20246057212352753,0.6272602081298828,0.7611445784568787,-0.20369815826416016,0.1613168567419052,-0.040601927787065506,-0.2013222873210907,0.6044573187828064,0.7026633024215698,-0.18344466388225555,0.5658100247383118,0.8956402540206909,-0.1414623260498047,0.4365848898887634,0.8891243934631348,-0.13067381083965302
FIST,0.0,0.0,0.0,-0.33552515506744385,-0.6797040104866028,-0.200881227850914,-0.2194124311208725,-1.4733785390853882,-0.4713754653930664,0.2654792070388794,-1.8680545091629028,-0.6774353384971619,0.6792852878570557,-1.7037627696990967,-0.8622292280197144,-0.45573872327804565,-0.76772141456604,-0.9091765284538269,0.06386449933052063,-1.595171570777893,-1.1309343576431274,0.08264556527137756,-1.477739691734314,-1.1404677629470825,-0.005788706708699465,-1.2199369668960571,-1.1190460920333862,-0.10121376067399979,-0.4072442054748535,-0.9076838493347168,0.39444005489349365,-1.4284660816192627,-1.132513403892517,0.30998626351356506,-1.3248028755187988,-1.0378878116607666,0.1635507345199585,-0.9960800409317017,-0.963391125202179,0.24808546900749207,-0.22963093221187592,-0.8761781454086304,0.6654460430145264,-1.2473055124282837,-0.9299324750900269,0.5063267350196838,-1.2068438529968262,-0.7365310192108154,0.34099751710891724,-0.9605676531791687,-0.6209557056427002,0.5719938278198242,-0.1610720455646515,-0.8642897009849548,0.8141943216323853,-0.9921478033065796,-0.7943929433822632,0.6721625924110413,-0.9908470511436462,-0.6388002038002014,0.5511935353279114,-0.7924922704696655,-0.5619370937347412
FIST,0.0,0.0,0.0,-0.1273423731327057,-0.7863052487373352,-0.13465642929077148,0.17542028427124023,-1.427282691001892,-0.2682439386844635,0.6819341778755188,-1.7590726613998413,-0.3395582139492035,1.07309889793396,-1.6736352443695068,-0.3776322901248932,0.14398837089538574,-1.0186814069747925,-0.6413834691047668,0.6523757576942444,-1.8792247772216797,-0.7389459013938904,0.5830193758010864,-1.7557168006896973,-0.656014621257782,0.495453417301178,-1.5107011795043945,-0.5727401375770569,0.4582224190235138,-0.646335780620575,-0.6101340055465698,0.9220007658004761,-1.5583187341690063,-0.6979689002037048,0.7674399018287659,-1.4659252166748047,-0.5757863521575928,0.6009551286697388,-1.2171201705932617,-0.4810521602630615,0.7225637435913086,-0.36921682953834534,-0.5498788356781006,1.054408311843872,-1.19553804397583,-0.5797773599624634,0.881613552570343,-1.1316460371017456,-0.4305031895637512,0.7230784893035889,-0.9052339196205139,-0.33316469192504883,0.9321182370185852,-0.17197009921073914,-0.49271607398986816,1.1035534143447876,-0.8456050157546997,-0.48854708671569824,0.9494990110397339,-0.8346078991889954,-0.3874325752258301,0.8449392318725586,-0.6506745219230652,-0.32274219393730164
POINT_LEFT,0.0,0.0,0.0,-0.13734088838100433,-0.664760410785675,-0.001245494349859655,-0.5289889574050903,-0.9870182871818542,0.0033181069884449244,-0.904365599155426,-1.0060142278671265,0.03428014740347862,-1.1342960596084595,-0.86814945936203,0.05673468858003616,-0.6849589347839355,-0.9297550320625305,-0.2491055577993393,-1.2278650999069214,-1.0233218669891357,-0.2724163234233856,-1.5338773727416992,-1.0815938711166382,-0.2601856291294098,-1.7827894687652588,-1.1006124019622803,-0.25444287061691284,-0.8070619702339172,-0.5416326522827148,-0.2350960075855255,-1.2033398151397705,-0.6897780895233154,-0.20470593869686127,-1.0805145502090454,-0.7345165610313416,-0.11457200348377228,-0.8992447853088379,-0.6924334168434143,-0.06762717664241791,-0.853253185749054,-0.1924491822719574,-0.19958145916461945,-1.1232807636260986,-0.36198195815086365,-0.12968972325325012,-1.0008291006088257,-0.4029591977596283,-0.03565245121717453,-0.8602397441864014,-0.35200780630111694,-0.004770781844854355,-0.8659341335296631,0.11415168642997742,-0.1640387624502182,-1.0696319341659546,-0.05016091465950012,-0.09254957735538483,-0.9551147222518921,-0.08320406079292297,-0.01561801042407751,-0.8349958658218384,-0.038149334490299225,0.020748192444443703
POINT_LEFT,0.0,0.0,0.0,-0.43080535531044006,0.0068006981164216995,-0.009804519824683666,-0.8235993385314941,0.08851161599159241,-0.10994476824998856,-1.045664668083191,0.3633436858654022,-0.23019972443580627,-1.1253066062927246,0.65780109167099,-0.3625118136405945,-1.031288504600525,-0.3937787413597107,-0.18267333507537842,-1.4269294738769531,-0.3626420199871063,-0.3286776542663574,-1.6891015768051147,-0.42648911476135254,-0.41926345229148865,-1.9215465784072876,-0.48808613419532776,-0.49737483263015747,-0.8795936107635498,-0.382278710603714,-0.2831357717514038,-1.1099565029144287,0.3601623475551605,-0.4735361933708191,-0.9366401433944702,0.4580330550670624,-0.4949508011341095,-0.8409261107444763,0.3332294523715973,-0.4982849955558777,-0.6686104536056519,-0.23521223664283752,-0.3822581171989441,-0.8406746983528137,0.495564728975296,-0.5318192839622498,-0.6933354139328003,0.4647444188594818,-0.46597063541412354,-0.6346362233161926,0.2580094039440155,-0.4126754701137543,-0.44887280464172363,-0.04389398545026779,-0.485772967338562,-0.6207191944122314,0.5172863006591797,-0.5799112915992737,-0.5128030180931091,0.504795253276825,-0.5243712067604065,-0.44992056488990784,0.3328496813774109,-0.47372034192085266
POINT_LEFT,0.0,0.0,0.0,-0.2879754304885864,0.09745121002197266,-0.11765594035387039,-0.5640885233879089,0.05460834875702858,-0.20685051381587982,-0.7625877261161804,-0.043148647993803024,-0.30100613832473755,-0.7615277171134949,-0.2672712504863739,-0.38715842366218567,-0.7013897895812988,-0.6485438346862793,-0.10765551030635834,-0.9602630138397217,-0.9017849564552307,-0.25711631774902344,-1.125657081604004,-1.0676138401031494,-0.34818407893180847,-1.254318356513977,-1.222364902496338,-0.41297391057014465,-0.5563337206840515,-0.8208665251731873,-0.12907114624977112,-0.7650265693664551,-0.644451379776001,-0.34577423334121704,-0.6500810980796814,-0.3347720801830292,-0.38503238558769226,-0.5271732211112976,-0.189682275056839,-0.3581945598125458,-0.3779132664203644,-0.8754766583442688,-0.17081153392791748,-0.5155274271965027,-0.5159701704978943,-0.3439829647541046,-0.4105636775493622,-0.278980016708374,-0.2929249107837677,-0.3242933750152588,-0.23924309015274048,-0.2131267637014389,-0.19313931465148926,-0.8332858085632324,-0.23072470724582672,-0.28973403573036194,-0.5028310418128967,-0.32216498255729675,-0.22812272608280182,-0.32869890332221985,-0.28397783637046814,-0.16481953859329224,-0.3331410884857178,-0.22645463049411774
POINT_LEFT,0.0,0.0,0.0,-0.20541970431804657,0.2467508167028427,-0.17516852915287018,-0.440275102853775,0.4002417027950287,-0.32547569274902344,-0.623025119304657,0.4227895736694336,-0.4714554250240326,-0.6442182660102844,0.18807847797870636,-0.6074490547180176,-0.925351619720459,-0.14093422889709473,-0.25429949164390564,-1.331797480583191,-0.18092751502990723,-0.46882927417755127,-1.5962673425674438,-0.22321073710918427,-0.6003087162971497,-1.807134747505188,-0.2865962088108063,-0.6942581534385681,-0.8368282914161682,-0.47638213634490967,-0.26975154876708984,-0.8407757878303528,-0.13894115388393402,-0.5197529196739197,-0.6000922918319702,0.09595996141433716,-0.5491980314254761,-0.4796997308731079,0.11183927208185196,-0.521095871925354,-0.6344062685966492,-0.6654937267303467,-0.30797168612480164,-0.5195580720901489,-0.20058979094028473,-0.49702516198158264,-0.3517794907093048,-0.019420500844717026,-0.41026023030281067,-0.3126179873943329,-0.08005066215991974,-0.3159080445766449,-0.3990286886692047,-0.747009813785553,-0.37257516384124756,-0.2792610228061676,-0.33048567175865173,-0.4838818311691284,-0.16272450983524323,-0.17873764038085938,-0.425303190946579,-0.14597180485725403,-0.24924299120903015,-0.35244035720825195
POINT_LEFT,0.0,0.0,0.0,-0.19446836411952972,0.20167429745197296,-0.20036321878433228,-0.4038819372653961,0.3123760521411896,-0.36032891273498535,-0.3749481439590454,0.20567943155765533,-0.5084517598152161,-0.2625112235546112,-0.013455040752887726,-0.6468867063522339,-0.8766161799430847,-0.18959781527519226,-0.3304422199726105,-1.2892429828643799,-0.22482961416244507,-0.5360252261161804,-1.5408399105072021,-0.26979243755340576,-0.6669945120811462,-1.7601474523544312,-0.34255996346473694,-0.7663717865943909,-0.7795769572257996,-0.5243799090385437,-0.3424513041973114,-0.6605808138847351,-0.46741196513175964,-0.6090638637542725,-0.4250755310058594,-0.2199549376964569,-0.6579946875572205,-0.3383684754371643,-0.12978003919124603,-0.6507236957550049,-0.5714454650878906,-0.7265156507492065,-0.3722976744174957,-0.37229326367378235,-0.6352769732475281,-0.5722883939743042,-0.22483448684215546,-0.36525532603263855,-0.5050742626190186,-0.20967203378677368,-0.28274595737457275,-0.43045011162757874,-0.32782018184661865,-0.8531497716903687,-0.43064606189727783,-0.12828931212425232,-0.7693241834640503,-0.5665140748023987,-0.03554999828338623,-0.49494266510009766,-0.5268575549125671,-0.04732159152626991,-0.3776133060455322,-0.4716538190841675
POINT_LEFT,0.0,0.0,0.0,-0.20532581210136414,0.33609411120414734,-0.1971074491739273,-0.37047886848449707,0.661965012550354,-0.37868383526802063,-0.28179454803466797,0.9184967875480652,-0.5648678541183472,-0.1319151669740677,1.1281763315200806,-0.7727116942405701,-0.9519645571708679,0.2298908680677414,-0.38853883743286133,-1.3674098253250122,0.2537044882774353,-0.5750032067298889,-1.6765636205673218,0.24824665486812592,-0.708855926990509,-1.9213404655456543,0.244284987449646,-0.823249340057373,-0.8731181025505066,-0.23430214822292328,-0.4274939298629761,-0.534875214099884,0.3688569664955139,-0.7293447852134705,-0.22360721230506897,0.7594771385192871,-0.8231198191642761,-0.055823106318712234,0.9508018493652344,-0.8442584872245789,-0.5980156064033508,-0.545832633972168,-0.47416818141937256,-0.17988069355487823,0.02452811598777771,-0.7151148319244385,0.013063971884548664,0.3424857556819916,-0.7001818418502808,0.06601708382368088,0.4565984010696411,-0.6528666615486145,-0.26936444640159607,-0.7468277812004089,-0.5437731742858887,0.0687268078327179,-0.3489958941936493,-0.716701328754425,0.21291705965995789,-0.030434615910053253,-0.6909307837486267,0.2505336105823517,0.12205420434474945,-0.6334062218666077
POINT_LEFT,0.0,0.0,0.0,-0.2768353521823883,0.2192632108926773,-0.12325485795736313,-0.5559617280960083,0.30427634716033936,-0.2542857527732849,-0.7331613898277283,0.25964590907096863,-0.39264294505119324,-0.6725665926933289,0.060232676565647125,-0.528276264667511,-0.8894173502922058,-0.345974862575531,-0.19088780879974365,-1.2678773403167725,-0.508394181728363,-0.36908841133117676,-1.5261051654815674,-0.6241360306739807,-0.4844624996185303,-1.7189465761184692,-0.7338489294052124,-0.572211742401123,-0.7613669037818909,-0.6067429780960083,-0.2284095287322998,-0.8694832921028137,-0.26200801134109497,-0.44596490263938904,-0.6839240789413452,-0.044613778591156006,-0.4731738865375519,-0.5657134652137756,-0.05986354500055313,-0.44988808035850525,-0.5565189719200134,-0.7216184139251709,-0.2836237847805023,-0.5480249524116516,-0.23761631548404694,-0.4393458664417267,-0.4156686067581177,-0.06342709809541702,-0.3498557209968567,-0.3621954023838043,-0.13292425870895386,-0.2598741352558136,-0.3275895416736603,-0.7259413599967957,-0.36172106862068176,-0.3165145814418793,-0.2935560643672943,-0.44263020157814026,-0.2223624736070633,-0.15006335079669952,-0.3721373379230499,-0.18487802147865295,-0.22944588959217072,-0.2969227433204651
POINT_LEFT,0.0,0.0,0.0,-0.3279958665370941,-0.4635868966579437,-0.00096245261374861,-0.6819687485694885,-0.5218657851219177,0.007583975791931152,-0.8814133405685425,-0.2441161870956421,0.02169046178460121,-0.9152346253395081,0.001989913871511817,0.03019794076681137,-0.9957729578018188,-0.12632448971271515,-0.11310835927724838,-1.477933645248413,-0.07843797653913498,-0.11870390921831131,-1.752221941947937,0.0047576166689395905,-0.11935625970363617,-1.9667176008224487,0.07790042459964752,-0.13154396414756775,-0.9586449861526489,0.2645440697669983,-0.10490186512470245,-1.1081002950668335,0.04540624842047691,-0.0740530788898468,-0.9762574434280396,-0.042572323232889175,-0.026606105268001556,-0.8507989645004272,-0.05541183054447174,-0.015410510823130608,-0.838148832321167,0.48227179050445557,-0.08186665177345276,-0.945311963558197,0.25010740756988525,-0.01606016419827938,-0.8303980827331543,0.14819028973579407,0.06359292566776276,-0.7040216326713562,0.13166861236095428,0.08281923830509186,-0.6935147643089294,0.6367477774620056,-0.06440208852291107,-0.7978765964508057,0.4366122782230377,-0.00645450921729207,-0.7051673531532288,0.3282494843006134,0.06428299099206924,-0.6061579585075378,0.2953565716743469,0.10472763329744339
POINT_LEFT,0.0,0.0,0.0,-0.020495085045695305,-0.40615060925483704,-0.18169254064559937,-0.07279648631811142,-0.7681336998939514,-0.3845866322517395,-0.14572283625602722,-0.9153879880905151,-0.5933708548545837,-0.15505799651145935,-0.7337528467178345,-0.7981674075126648,-0.8079434037208557,-0.5543832182884216,-0.4414995610713959,-1.2980974912643433,-0.4635041356086731,-0.7172974348068237,-1.6379073858261108,-0.3970983922481537,-0.8770151138305664,-1.9216511249542236,-0.3392118513584137,-0.9768862724304199,-0.8649844527244568,-0.1506723016500473,-0.47863107919692993,-0.5416156649589539,-0.4834386706352234,-0.8287420272827148,-0.18458329141139984,-0.6122826337814331,-0.887183666229248,0.04454058036208153,-0.656762421131134,-0.8631371855735779,-0.7265447378158569,0.1652960628271103,-0.5239624381065369,-0.26886898279190063,-0.24571493268013,-0.8139708638191223,-0.0022837105207145214,-0.42365798354148865,-0.7558362483978271,0.16643165051937103,-0.5133808851242065,-0.6490649580955505,-0.5212451219558716,0.3963207006454468,-0.5910500288009644,-0.18468238413333893,0.04204617068171501,-0.760833740234375,0.014274979010224342,-0.15752200782299042,-0.7067357897758484,0.1330636888742447,-0.27894678711891174,-0.6160370111465454
POINT_LEFT,0.0,0.0,0.0,-0.0003583499928936362,-0.4988282322883606,-0.0974004864692688,0.02752000093460083,-0.8457677960395813,-0.30234017968177795,0.07599540799856186,-1.1105453968048096,-0.5220260620117188,0.12675774097442627,-1.0765162706375122,-0.7338924407958984,-0.5759108066558838,-0.8937480449676514,-0.42789846658706665,-0.9212384819984436,-1.023963212966919,-0.7037883400917053,-1.1935863494873047,-1.1042184829711914,-0.8691123127937317,-1.4177606105804443,-1.1358537673950195,-0.9766858220100403,-0.6379286646842957,-0.574406087398529,-0.5129261612892151,-0.22822338342666626,-0.9098674058914185,-0.8119325041770935,0.09544514119625092,-0.9250216484069824,-0.8216782808303833,0.24397683143615723,-0.8592146635055542,-0.7894114851951599,-0.5162073373794556,-0.26744505763053894,-0.6010981202125549,-0.032377224415540695,-0.6506509780883789,-0.8289582133293152,0.17148509621620178,-0.6690696477890015,-0.7213225364685059,0.22104983031749725,-0.565819501876831,-0.6125521659851074,-0.31429898738861084,-0.041009560227394104,-0.706969141960144,0.06325717270374298,-0.3929351270198822,-0.8279338479042053,0.18828904628753662,-0.4604572057723999,-0.7430256605148315,0.18493615090847015,-0.4083673655986786,-0.6564269065856934
POINT_LEFT,0.0,0.0,0.0,0.18976148962974548,0.21304067969322205,-0.43701398372650146,0.14687477052211761,0.5295377373695374,-0.7454389333724976,-0.1345132738351822,0.9108342528343201,-0.9469667673110962,-0.46526509523391724,1.1277194023132324,-1.1231696605682373,-0.20668484270572662,-0.2271416336297989,-0.9436790347099304,-0.7448033690452576,0.09370215237140656,-1.2747251987457275,-1.1331267356872559,0.2654743790626526,-1.462609052658081,-1.458714246749878,0.35506752133369446,-1.5893045663833618,-0.5006520748138428,-0.3488220274448395,-0.7922477126121521,-0.5655748844146729,0.47080573439598083,-1.0107295513153076,-0.3436100482940674,0.6716058850288391,-0.9714869856834412,-0.22061878442764282,0.5921273827552795,-0.9573590159416199,-0.705456018447876,-0.276467889547348,-0.6509295105934143,-0.6705346703529358,0.5054162740707397,-0.8021361231803894,-0.4406698942184448,0.5576518774032593,-0.6689397096633911,-0.32584062218666077,0.41092386841773987,-0.5951040387153625,-0.8417775630950928,-0.16156001389026642,-0.5468586087226868,-0.8190221786499023,0.36068975925445557,-0.6907072067260742,-0.6323863863945007,0.4272482395172119,-0.6232694387435913,-0.5249931216239929,0.32819992303848267,-0.5560730695724487
POINT_RIGHT,0.0,0.0,0.0,0.02139180526137352,-0.4032697081565857,-0.12663085758686066,0.16177663207054138,-0.7600640058517456,-0.23822054266929626,0.31869351863861084,-0.913034975528717,-0.3615119159221649,0.4298025369644165,-0.7333777546882629,-0.48024898767471313,0.8593921065330505,-0.6802040934562683,-0.18055139482021332,1.3058561086654663,-0.7596235275268555,-0.364467054605484,1.597090482711792,-0.7999256253242493,-0.47807955741882324,1.834524393081665,-0.8132184147834778,-0.560250997543335,0.9123367071151733,-0.3509649336338043,-0.21082653105258942,0.8206144571304321,-0.637391209602356,-0.4583759307861328,0.5459607243537903,-0.6271634697914124,-0.49202948808670044,0.43418630957603455,-0.5183454751968384,-0.46474578976631165,0.8522611856460571,-0.055516403168439865,-0.26015642285346985,0.6392089128494263,-0.33739349246025085,-0.44072166085243225,0.41943803429603577,-0.3358873426914215,-0.352952241897583,0.37608766555786133,-0.26044875383377075,-0.2537931501865387,0.723909854888916,0.19381842017173767,-0.3327818810939789,0.5098127722740173,-0.03776105120778084,-0.4241020977497101,0.36109668016433716,-0.05915285274386406,-0.3613538444042206,0.36073607206344604,0.0045163375325500965,-0.2840973734855652
POINT_RIGHT,0.0,0.0,0.0,-0.06853562593460083,0.14650999009609222,-0.4342629909515381,0.08069897443056107,0.5115343332290649,-0.5904958248138428,0.28325167298316956,0.9822843670845032,-0.6609732508659363,0.5309102535247803,1.2864935398101807,-0.696045994758606,0.8272528648376465,0.17549049854278564,-0.45192933082580566,1.3825944662094116,0.27025455236434937,-0.6463541984558105,1.7307037115097046,0.339303195476532,-0.761756181716919,2.0530846118927,0.34778016805648804,-0.8358660340309143,0.8578174114227295,0.41651269793510437,-0.3010796904563904,0.8438922762870789,0.985470712184906,-0.5703144669532776,0.5349096059799194,0.9393988847732544,-0.631102979183197,0.4630228877067566,0.6859847903251648,-0.6092156767845154,0.7941392660140991,0.5932654738426208,-0.18347302079200745,0.7485794425010681,1.0937049388885498,-0.4652027189731598,0.46106261014938354,0.9689162373542786,-0.44332098960876465,0.43962424993515015,0.7368135452270508,-0.35381007194519043,0.6962360739707947,0.7011308073997498,-0.0939626395702362,0.6773368120193481,1.0993319749832153,-0.2847208082675934,0.4667346477508545,1.01352059841156,-0.24753747880458832,0.4080916941165924,0.803425133228302,-0.1668081134557724
POINT_RIGHT,0.0,0.0,0.0,-0.05298232287168503,0.022044746205210686,-0.3878617286682129,0.11071006953716278,0.1039634570479393,-0.5772945284843445,0.40176838636398315,0.42000454664230347,-0.6963274478912354,0.6846965551376343,0.5556477904319763,-0.7789435982704163,0.6757953763008118,-0.5894604921340942,-0.48715564608573914,1.1554538011550903,-0.8580389618873596,-0.7340447902679443,1.4896619319915771,-1.0452076196670532,-0.8830940127372742,1.7654616832733154,-1.2555307149887085,-0.9800804257392883,0.8100833892822266,-0.4502726197242737,-0.3755069673061371,0.9175678491592407,0.07330509275197983,-0.6949999332427979,0.6448894739151001,0.24445131421089172,-0.7711517810821533,0.47246676683425903,0.083767369389534,-0.7646052241325378,0.8363772034645081,-0.28126034140586853,-0.29218608140945435,0.9073981642723083,0.1932276338338852,-0.6040123105049133,0.6269562840461731,0.30552881956100464,-0.5834377408027649,0.5141241550445557,0.11474286764860153,-0.49797776341438293,0.7907615900039673,-0.12350942194461823,-0.23625628650188446,0.8535994291305542,0.27469751238822937,-0.4545557498931885,0.6580743193626404,0.34969499707221985,-0.43559521436691284,0.5227223634719849,0.18217025697231293,-0.3641197979450226
POINT_RIGHT,0.0,0.0,0.0,-0.20778168737888336,0.18367202579975128,-0.3245198130607605,-0.5376192331314087,0.41441911458969116,-0.4821000099182129,-0.785281240940094,0.6906080842018127,-0.5755645632743835,-0.9583735466003418,0.8393981456756592,-0.6648019552230835,-0.8905609250068665,-0.29722359776496887,-0.3940757215023041,-1.1138709783554077,0.36420658230781555,-0.5365408062934875,-1.0804898738861084,0.7929443120956421,-0.6290499567985535,-0.9681377410888672,1.014730453491211,-0.6769757270812988,-0.9007965922355652,-0.3350890874862671,-0.27616801857948303,-1.1210439205169678,0.4005609154701233,-0.42208346724510193,-1.0431982278823853,0.824944257736206,-0.5147672295570374,-0.8980305194854736,1.0607316493988037,-0.5665273070335388,-0.8734602928161621,-0.30430322885513306,-0.17127971351146698,-1.085301399230957,0.36500948667526245,-0.32839342951774597,-1.0049548149108887,0.7266188859939575,-0.394501656293869,-0.8654904961585999,0.8955424427986145,-0.4130704998970032,-0.8075381517410278,-0.2546443045139313,-0.08566007763147354,-0.9976525902748108,0.16828395426273346,-0.23663808405399323,-0.9388801455497742,0.41545364260673523,-0.2710708677768707,-0.8463866710662842,0.5308854579925537,-0.2614337205886841
POINT_RIGHT,0.0,0.0,0.0,0.19586986303329468,0.4303261637687683,-0.40086817741394043,0.06246057525277138,1.0024967193603516,-0.5855230689048767,-0.18695323169231415,1.369781494140625,-0.676479160785675,-0.40582919120788574,1.386429786682129,-0.7441451549530029,-0.6515425443649292,0.18133147060871124,-0.6329784989356995,-0.7812812328338623,0.8019609451293945,-0.8681649565696716,-0.6333537101745605,1.3056460618972778,-0.9999969601631165,-0.4484824538230896,1.6227049827575684,-1.0733410120010376,-0.8317464590072632,0.24503059685230255,-0.49813583493232727,-0.9241283535957336,1.014043927192688,-0.690923273563385,-0.702643632888794,1.5168572664260864,-0.7469375133514404,-0.4794197976589203,1.724284291267395,-0.7796878218650818,-0.8917807340621948,0.41351941227912903,-0.3839804232120514,-0.9459671378135681,1.1809492111206055,-0.5927426218986511,-0.7032629251480103,1.5750781297683716,-0.6268393397331238,-0.49681076407432556,1.6910816431045532,-0.6266234517097473,-0.8494657278060913,0.5709022283554077,-0.29170939326286316,-0.8930518627166748,1.1724268198013306,-0.48659250140190125,-0.7400815486907959,1.487917423248291,-0.5212991833686829,-0.5767426490783691,1.5992361307144165,-0.5133353471755981
POINT_RIGHT,0.0,0.0,0.0,-0.0007984344265423715,-0.043217599391937256,-0.5016101002693176,0.19878435134887695,0.1044677346944809,-0.6876544952392578,0.3861429989337921,0.5736069679260254,-0.7755335569381714,0.6136857271194458,0.8753560185432434,-0.8209770321846008,0.9104175567626953,-0.20951849222183228,-0.5271077156066895,1.4541501998901367,-0.2328447848558426,-0.7619932889938354,1.8110603094100952,-0.24561020731925964,-0.9040043354034424,2.1143569946289062,-0.2702205777168274,-0.9930855631828308,0.9333329200744629,0.05155207961797714,-0.3552727699279785,0.9629290103912354,0.5507413148880005,-0.6640755534172058,0.6878784894943237,0.6173702478408813,-0.7456896305084229,0.5878421068191528,0.46278396248817444,-0.7394864559173584,0.8777580857276917,0.26163533329963684,-0.22582927346229553,0.8797670602798462,0.697361946105957,-0.5371113419532776,0.5902767181396484,0.6907312273979187,-0.5394430160522461,0.5403088331222534,0.5106809139251709,-0.4632810056209564,0.7759904265403748,0.3928849995136261,-0.13438965380191803,0.8042309284210205,0.7719832062721252,-0.3630109131336212,0.6148461699485779,0.7825376987457275,-0.365458220243454,0.5296751856803894,0.5926032662391663,-0.3062543272972107
POINT_RIGHT,0.0,0.0,0.0,0.3426728844642639,-0.3577919006347656,0.11088274419307709,0.7030498385429382,-0.3877258896827698,0.10246970504522324,0.9210795164108276,-0.23472779989242554,0.06328414380550385,1.0279444456100464,0.018547790125012398,0.014987194910645485,0.9613646268844604,-0.47010326385498047,-0.0560203418135643,1.453966736793518,-0.4144280254840851,-0.089881032705307,1.728580117225647,-0.3572268784046173,-0.10034967958927155,1.9553173780441284,-0.3090353012084961,-0.11584357172250748,0.9766979813575745,-0.1566704511642456,-0.14663411676883698,1.2128443717956543,0.15200349688529968,-0.16094467043876648,1.0435105562210083,0.1761287897825241,-0.11430877447128296,0.8927217721939087,0.09475240856409073,-0.0858311876654625,0.903305172920227,0.1851358860731125,-0.21762339770793915,0.992489755153656,0.3943074345588684,-0.16855600476264954,0.8442814946174622,0.37858375906944275,-0.06825216114521027,0.7319133877754211,0.2993675768375397,-0.027560299262404442,0.7992194294929504,0.47440454363822937,-0.2877819538116455,0.8471232652664185,0.6086877584457397,-0.19610433280467987,0.7078132033348083,0.5659378170967102,-0.0863441601395607,0.606013298034668,0.4856351613998413,-0.022544309496879578
POINT_RIGHT,0.0,0.0,0.0,0.25724780559539795,0.2503882348537445,-0.09890667349100113,0.5273924469947815,0.41602009534835815,-0.21965253353118896,0.7303496599197388,0.41955819725990295,-0.35165172815322876,0.7601773142814636,0.21639689803123474,-0.4801678955554962,0.9488532543182373,-0.19748836755752563,-0.17959879338741302,1.2770054340362549,-0.3345322906970978,-0.3215790092945099,1.4940422773361206,-0.4360043406486511,-0.4092548191547394,1.6683107614517212,-0.5568829774856567,-0.4749113619327545,0.863542914390564,-0.4482826888561249,-0.23092074692249298,1.0056506395339966,-0.07590754330158234,-0.4239419996738434,0.8215022087097168,0.1468443125486374,-0.47589120268821716,0.6914719343185425,0.12697502970695496,-0.48133188486099243,0.6966888904571533,-0.5829413533210754,-0.2878669798374176,0.7623926401138306,-0.13458116352558136,-0.4615458548069,0.600267231464386,0.05804396793246269,-0.426561176776886,0.5088987350463867,0.025215022265911102,-0.37213876843452454,0.4898255169391632,-0.6414550542831421,-0.35670778155326843,0.5421501994132996,-0.2711004912853241,-0.4598289430141449,0.4551940858364105,-0.08747593313455582,-0.41617754101753235,0.3876107931137085,-0.09338200092315674,-0.3611568510532379
POINT_RIGHT,0.0,0.0,0.0,0.2162276953458786,0.3205097019672394,-0.09998258203268051,0.4672977030277252,0.5692624449729919,-0.23011524975299835,0.6544093489646912,0.6007157564163208,-0.3739979863166809,0.7136285901069641,0.3831673562526703,-0.5160861611366272,1.0112227201461792,0.17247982323169708,-0.19420933723449707,1.4024943113327026,0.18552634119987488,-0.35560378432273865,1.6665115356445312,0.18898876011371613,-0.4445781111717224,1.8804445266723633,0.1462268829345703,-0.5078087449073792,0.9576389193534851,-0.13999654352664948,-0.2516278624534607,1.072823166847229,0.24776749312877655,-0.4658525288105011,0.8061338663101196,0.4169117212295532,-0.5038431882858276,0.678142249584198,0.3452093303203583,-0.49292078614234924,0.8126680254936218,-0.3624560236930847,-0.3166169822216034,0.8029723763465881,0.10995518416166306,-0.5225500464439392,0.5701292753219604,0.23908399045467377,-0.47514015436172485,0.4936971068382263,0.1265288144350052,-0.4047447741031647,0.6169837713241577,-0.5326734781265259,-0.3913153409957886,0.6185653805732727,-0.12654662132263184,-0.511002779006958,0.4737730026245117,0.009165415540337563,-0.45510756969451904,0.4117320775985718,-0.08370333164930344,-0.3895619511604309
POINT_RIGHT,0.0,0.0,0.0,0.3537372946739197,-0.41011175513267517,0.11683399975299835,0.7238776087760925,-0.4197831451892853,0.14832843840122223,0.9420239925384521,-0.2931433916091919,0.16269879043102264,1.0178688764572144,-0.07908537238836288,0.16299965977668762,1.0030587911605835,-0.3642604947090149,-0.02296444959938526,1.4977328777313232,-0.32588252425193787,-0.015122296288609505,1.7901705503463745,-0.2770218253135681,-0.013020556420087814,2.0180256366729736,-0.2327161580324173,-0.02046332322061062,0.9977297782897949,0.032380737364292145,-0.05895133689045906,1.1598225831985474,0.012774845585227013,0.016652138903737068,1.0038769245147705,-0.04232752323150635,0.09434714168310165,0.8758766651153564,-0.059055913239717484,0.1256898045539856,0.8887995481491089,0.35406991839408875,-0.07361502945423126,0.9521626830101013,0.20330558717250824,0.042621877044439316,0.8347693681716919,0.13503625988960266,0.12472133338451385,0.7135152220726013,0.1121618002653122,0.14071765542030334,0.7680723071098328,0.5835444927215576,-0.08179336786270142,0.8119906783103943,0.43131545186042786,0.04283764213323593,0.7124457359313965,0.3774319291114807,0.1312747299671173,0.6015570759773254,0.3529371917247772,0.1751973032951355
THUMBS_UP,0.0,0.0,0.0,-0.28673937916755676,-0.8012945055961609,-0.18623477220535278,-0.45793214440345764,-1.6081557273864746,-0.3250540792942047,-0.48100194334983826,-2.255913496017456,-0.42890843749046326,-0.38872891664505005,-2.7817606925964355,-0.5156350135803223,-0.07629750669002533,-1.3827286958694458,-0.4795296788215637,-0.8259328603744507,-1.1388919353485107,-0.6815024018287659,-0.6854403018951416,-0.9789724946022034,-0.7299097180366516,-0.4378596246242523,-1.0657634735107422,-0.7503818273544312,0.020019760355353355,-0.8648136258125305,-0.5016749501228333,-0.8190804719924927,-0.6621066331863403,-0.6818115711212158,-0.6249801516532898,-0.6044658422470093,-0.6521987915039062,-0.3801076412200928,-0.6731593012809753,-0.6573173403739929,0.06779524683952332,-0.3885442316532135,-0.5328603386878967,-0.7137085795402527,-0.22015728056430817,-0.7115777134895325,-0.5384681224822998,-0.2206563651561737,-0.6206399202346802,-0.28490978479385376,-0.2954426109790802,-0.5695316195487976,0.07872496545314789,0.05450936779379845,-0.5802726745605469,-0.5536953210830688,0.14641578495502472,-0.7189657092094421,-0.4133801758289337,0.13203519582748413,-0.6877957582473755,-0.1587495505809784,0.09085774421691895,-0.6647325158119202
THUMBS_UP,0.0,0.0,0.0,-0.36398160457611084,-0.9057061076164246,-0.29175692796707153,-0.48208120465278625,-1.861749529838562,-0.4572325646877289,-0.4342065155506134,-2.617218494415283,-0.5728387832641602,-0.28954312205314636,-3.227283477783203,-0.6658980846405029,0.05884043499827385,-1.4962247610092163,-0.4585760533809662,-0.7634555101394653,-1.2298893928527832,-0.6622442007064819,-0.6608068346977234,-1.1042585372924805,-0.7517327070236206,-0.39556482434272766,-1.2055232524871826,-0.8079988360404968,0.17973268032073975,-0.8771963119506836,-0.4451994001865387,-0.7818747162818909,-0.6847797632217407,-0.6098193526268005,-0.5973462462425232,-0.6854500770568848,-0.6117191910743713,-0.3153976500034332,-0.7674301862716675,-0.6521297693252563,0.202880859375,-0.32112693786621094,-0.4567064642906189,-0.7012049555778503,-0.21500618755817413,-0.6537114977836609,-0.5398429036140442,-0.2363511621952057,-0.5834447145462036,-0.2563207745552063,-0.2996634542942047,-0.5455216765403748,0.14635901153087616,0.18960140645503998,-0.49606072902679443,-0.5477601289749146,0.2052687406539917,-0.6576361656188965,-0.4052177965641022,0.1828133910894394,-0.6340076327323914,-0.1220056563615799,0.15654073655605316,-0.6158355474472046
THUMBS_UP,0.0,0.0,0.0,-0.43491220474243164,-0.49490487575531006,-0.09489300101995468,-0.8759727478027344,-0.8223155736923218,-0.29493510723114014,-1.1766728162765503,-1.2309976816177368,-0.48204267024993896,-1.3517589569091797,-1.6683413982391357,-0.669839084148407,-0.8778340816497803,-0.2009253352880478,-0.6286152601242065,-1.5946083068847656,0.316693514585495,-0.8508807420730591,-1.398457407951355,0.19575481116771698,-0.909723699092865,-1.1336123943328857,0.02930842712521553,-0.9091070294380188,-0.6918394565582275,0.3051742613315582,-0.6543794274330139,-1.425737738609314,0.7654250860214233,-0.7883713841438293,-1.2787065505981445,0.5905517339706421,-0.7394413948059082,-1.0319387912750244,0.4146621525287628,-0.7175688147544861,-0.5157633423805237,0.7348409295082092,-0.6598302125930786,-1.1996341943740845,1.1610808372497559,-0.7154603004455566,-1.0908242464065552,0.9919776916503906,-0.5985333919525146,-0.8721836805343628,0.815905749797821,-0.5374184846878052,-0.37189096212387085,1.070467233657837,-0.6694527864456177,-0.848129153251648,1.581598162651062,-0.6907229423522949,-0.933739185333252,1.6148157119750977,-0.6226537227630615,-0.8977922797203064,1.590346336364746,-0.5864659547805786
THUMBS_UP,0.0,0.0,0.0,-0.14625978469848633,-0.6316516399383545,-0.26633352041244507,-0.04723594710230827,-1.306526780128479,-0.3412858545780182,0.14090968668460846,-1.8009527921676636,-0.3867117166519165,0.30634915828704834,-2.2503228187561035,-0.4053746163845062,0.6194970011711121,-1.009339451789856,-0.1481305956840515,0.3240029811859131,-0.655372142791748,-0.27748459577560425,0.09059359133243561,-0.6541928052902222,-0.3579174280166626,0.09131260216236115,-0.7868430614471436,-0.4239089787006378,0.7852486968040466,-0.6095409393310547,-0.1087571531534195,0.34292301535606384,-0.2033466398715973,-0.24000312387943268,0.11304402351379395,-0.28198346495628357,-0.30387580394744873,0.15582308173179626,-0.4526769816875458,-0.36355331540107727,0.8306133151054382,-0.2511650323867798,-0.10518638789653778,0.397986501455307,0.10723694413900375,-0.2832658886909485,0.19105882942676544,0.03684362396597862,-0.28583407402038574,0.2294490486383438,-0.10818564891815186,-0.2818087339401245,0.7944018244743347,0.06577236950397491,-0.13094928860664368,0.5234684348106384,0.3681201636791229,-0.28962382674217224,0.31368738412857056,0.33768245577812195,-0.30619460344314575,0.2630006670951843,0.26155975461006165,-0.30595090985298157
THUMBS_UP,0.0,0.0,0.0,-0.24333085119724274,-0.6966422200202942,-0.3334940969944,-0.2795952558517456,-1.4925494194030762,-0.4714127480983734,-0.2197342813014984,-2.090104103088379,-0.5517149567604065,-0.1064499169588089,-2.6298322677612305,-0.5837980508804321,0.22735179960727692,-1.3650635480880737,-0.35127726197242737,-0.5454249382019043,-1.1675662994384766,-0.5726259350776672,-0.5141213536262512,-0.9272141456604004,-0.6772235631942749,-0.2664186358451843,-0.9239979982376099,-0.740010142326355,0.34549301862716675,-0.887898862361908,-0.3037233054637909,-0.5186986327171326,-0.6763572096824646,-0.48840057849884033,-0.4175739586353302,-0.5616434812545776,-0.5243932008743286,-0.1530487984418869,-0.6219967007637024,-0.5601797103881836,0.3612229526042938,-0.391809344291687,-0.29798609018325806,-0.432401567697525,-0.22037094831466675,-0.5043322443962097,-0.3457050323486328,-0.14510764181613922,-0.4642355442047119,-0.0892498642206192,-0.18786363303661346,-0.42438212037086487,0.3229803144931793,0.08648621290922165,-0.3286406397819519,-0.2844262719154358,0.19579817354679108,-0.4944426417350769,-0.24032439291477203,0.21573835611343384,-0.5075463652610779,-0.029065584763884544,0.19109733402729034,-0.49906209111213684
THUMBS_UP,0.0,0.0,0.0,0.17745323479175568,-0.5771039724349976,-0.025410471484065056,0.426860511302948,-1.0669716596603394,-0.1237088069319725,0.5116906762123108,-1.494502067565918,-0.22962339222431183,0.4679756462574005,-1.8794379234313965,-0.3209359049797058,0.8248595595359802,-0.9106118083000183,-0.18074986338615417,1.2395230531692505,-0.5980352759361267,-0.2797693908214569,1.079757571220398,-0.5097125172615051,-0.331745445728302,0.9023767113685608,-0.5883395075798035,-0.3654174506664276,0.8063513040542603,-0.5378026962280273,-0.2460685521364212,1.1962727308273315,-0.27762117981910706,-0.26521021127700806,1.0306224822998047,-0.243089959025383,-0.2312200516462326,0.8616495132446289,-0.32334837317466736,-0.23832444846630096,0.75095534324646,-0.15312105417251587,-0.31003496050834656,1.0950473546981812,0.024132894352078438,-0.30452683568000793,0.9297020435333252,0.04385785758495331,-0.20089581608772278,0.7599871754646301,-0.020344050601124763,-0.1637544184923172,0.6660945415496826,0.19681894779205322,-0.3794235289096832,0.9628872275352478,0.2901400029659271,-0.3467881381511688,0.8151435256004333,0.2807130217552185,-0.2357454001903534,0.657638669013977,0.22005867958068848,-0.17443238198757172
THUMBS_UP,0.0,0.0,0.0,0.5172430276870728,-0.6574109196662903,-0.14518482983112335,1.1415244340896606,-1.131309151649475,-0.3284563422203064,1.407572865486145,-1.7191864252090454,-0.48953670263290405,1.4191426038742065,-2.3491287231445312,-0.6224204301834106,1.007902979850769,-0.5126256346702576,-0.591147780418396,1.8192899227142334,0.08918755501508713,-0.8226693272590637,1.6442763805389404,-0.11578032374382019,-0.8864307999610901,1.380029559135437,-0.3724403381347656,-0.8878706097602844,0.7820864915847778,0.0954008549451828,-0.6158081293106079,1.6187654733657837,0.5880047678947449,-0.7569442391395569,1.4762922525405884,0.2906980514526367,-0.6761988401412964,1.2001721858978271,0.06898610293865204,-0.6280638575553894,0.5911190509796143,0.5767784118652344,-0.6313953399658203,1.353135108947754,0.9407742023468018,-0.6773396730422974,1.221795678138733,0.677520751953125,-0.47915586829185486,0.9515528678894043,0.5105094909667969,-0.3645167052745819,0.4419023096561432,0.9296165704727173,-0.6597514152526855,1.0658495426177979,1.2194627523422241,-0.5959137082099915,0.9661664366722107,0.9774529933929443,-0.3941349387168884,0.7081260681152344,0.8109804391860962,-0.279014527797699
THUMBS_UP,0.0,0.0,0.0,0.2371070235967636,-0.7669791579246521,-0.3572402894496918,0.2675277888774872,-1.5524030923843384,-0.5920451283454895,0.2581474781036377,-2.192455768585205,-0.7794276475906372,0.1780458688735962,-2.7892656326293945,-0.953475296497345,-0.5202802419662476,-1.0533257722854614,-0.6813506484031677,0.1993461400270462,-0.8179624080657959,-1.0209870338439941,0.3816675841808319,-0.838186502456665,-1.209604024887085,0.2226766049861908,-0.9135600924491882,-1.3286899328231812,-0.6716142296791077,-0.35457009077072144,-0.6505357623100281,0.28267258405685425,-0.1323939710855484,-0.8877339363098145,0.4534042775630951,-0.2912466526031494,-0.9002195596694946,0.2807845175266266,-0.45722144842147827,-0.9488691687583923,-0.6574188470840454,0.23827821016311646,-0.6416780948638916,0.17268280684947968,0.39605167508125305,-0.8306583166122437,0.3255265951156616,0.24916385114192963,-0.6886418461799622,0.1595841497182846,0.09455215930938721,-0.6181135773658752,-0.5798197984695435,0.7678109407424927,-0.6820223927497864,-0.019460899755358696,0.9060899615287781,-0.8252855539321899,0.11303402483463287,0.7958984375,-0.7473080158233643,0.023955218493938446,0.6874788999557495,-0.6916378140449524
THUMBS_UP,0.0,0.0,0.0,0.3936239778995514,-0.4278929829597473,-0.009913139045238495,0.7232702970504761,-0.6786091923713684,-0.10780555754899979,0.9027453660964966,-1.0278410911560059,-0.2092544138431549,0.9511932134628296,-1.4266639947891235,-0.3037860691547394,0.9765025973320007,0.10251805931329727,-0.1662834882736206,1.3538144826889038,0.17870528995990753,-0.16904419660568237,1.1955041885375977,0.027926530689001083,-0.16039280593395233,1.0221014022827148,-0.044764481484889984,-0.15992358326911926,0.8675624132156372,0.4637645483016968,-0.17957156896591187,1.2124520540237427,0.4590684175491333,-0.1320360153913498,1.1056221723556519,0.30547502636909485,-0.09085583686828613,0.9645728468894958,0.2594042122364044,-0.09804607182741165,0.7152718901634216,0.6929121613502502,-0.17379803955554962,1.004891276359558,0.6426445245742798,-0.08029431849718094,0.9245165586471558,0.5278505682945251,-0.00808396190404892,0.791611909866333,0.47577983140945435,-0.00791263673454523,0.5802974700927734,0.8392488956451416,-0.1692344844341278,0.8067594170570374,0.7671319842338562,-0.07107000052928925,0.7358832359313965,0.6565445065498352,0.02243664860725403,0.6188988089561462,0.6142862439155579,0.06161802262067795
THUMBS_UP,0.0,0.0,0.0,0.0629168450832367,-0.558017909526825,-0.006371448747813702,0.16786891222000122,-0.9698753356933594,-0.07679563760757446,0.22745423018932343,-1.3540980815887451,-0.14623767137527466,0.18144673109054565,-1.6581416130065918,-0.20732539892196655,0.7563063502311707,-0.8214229345321655,-0.0926022082567215,0.8964509963989258,-0.9067631959915161,-0.06589086353778839,0.7564049363136292,-0.8333240747451782,-0.047369275242090225,0.6389415860176086,-0.7641841769218445,-0.043656881898641586,0.8683515191078186,-0.48629871010780334,-0.09730411320924759,0.9365861415863037,-0.6361464262008667,-0.02092510461807251,0.8047986030578613,-0.6148711442947388,0.010188485495746136,0.6878446340560913,-0.5454718470573425,-0.003639180911704898,0.8783658742904663,-0.17425663769245148,-0.08458898961544037,0.8996961116790771,-0.34775349497795105,0.004659942351281643,0.7932813167572021,-0.3304384648799896,0.05302305147051811,0.67105633020401,-0.2697887718677521,0.04523865133523941,0.8561693429946899,0.07776165008544922,-0.07186431437730789,0.882196307182312,-0.07688669115304947,0.006769309751689434,0.7848476767539978,-0.07019899785518646,0.07873430848121643,0.6853426098823547,-0.020935047417879105,0.11430379748344421
THUMBS_UP,0.0,0.0,0.0,0.13552603125572205,-0.6215554475784302,-0.2095136195421219,0.2956577241420746,-1.2520278692245483,-0.48554572463035583,0.1845053881406784,-1.7321439981460571,-0.7154459953308105,-0.04151575267314911,-2.2009897232055664,-0.9091430306434631,0.09047205746173859,-0.8034223914146423,-0.9404913783073425,0.9622272253036499,-0.8757557272911072,-1.2791329622268677,0.8502874374389648,-0.8192968368530273,-1.35130774974823,0.554594874382019,-0.8200190663337708,-1.3556369543075562,0.09083915501832962,-0.19510897994041443,-0.9765579104423523,1.0677305459976196,-0.36063241958618164,-1.309991717338562,0.8612604141235352,-0.39239567518234253,-1.226204752922058,0.537257969379425,-0.39754989743232727,-1.1584434509277344,0.16927656531333923,0.312669038772583,-0.9950363636016846,1.0435274839401245,0.0845169872045517,-1.2085107564926147,0.8349451422691345,0.012423895299434662,-0.9835663437843323,0.5515097975730896,0.025595374405384064,-0.8282168507575989,0.25896504521369934,0.7159699201583862,-1.0266532897949219,0.9450678825378418,0.5396616458892822,-1.099125862121582,0.7886321544647217,0.44315844774246216,-0.9297797083854675,0.5072757601737976,0.46691691875457764,-0.8243739604949951
